violence_physique,viol_phys_mod,viol_phys_sev,age_femme,education_femme,sit_matrimoniale,enceinte,lecture_journal,ecoute_radio,regarde_tv,score_media,age_conjoint,ecart_age,education_conjoint,conjoint_alcool,region,milieu
1,1.0,0.0,31,Secondaire,Mariee,Oui,Jamais,Jamais,Jamais,0.0,47.0,16.0,Aucun,Oui,Littoral,Urbain
0,0.0,0.0,20,Primaire,Mariee,Oui,Jamais,Jamais,Jamais,0.0,30.0,10.0,Aucun,Non,Littoral,Urbain
0,0.0,0.0,26,Primaire,Mariee,Oui,Au_moins_1x_sem,Au_moins_1x_sem,Moins_1x_sem,1.6666666666666667,35.0,9.0,Superieur,Oui,Littoral,Urbain
0,0.0,0.0,37,Aucun,Mariee,Non,Jamais,Jamais,Jamais,0.0,51.0,14.0,Superieur,Non,Littoral,Urbain
0,0.0,0.0,15,Primaire,Mariee,Non,Jamais,Jamais,Jamais,0.0,20.0,5.0,Secondaire,Non,Littoral,Urbain
1,1.0,0.0,36,Primaire,Mariee,Non,Jamais,Jamais,Jamais,0.0,45.0,9.0,Superieur,Oui,Littoral,Urbain
0,0.0,0.0,18,Primaire,Mariee,Non,Jamais,Moins_1x_sem,Jamais,0.3333333333333333,27.0,9.0,Superieur,Non,Littoral,Urbain
0,0.0,0.0,41,Primaire,Mariee,Oui,Jamais,Jamais,Jamais,0.0,47.0,6.0,Secondaire,Non,Littoral,Urbain
0,0.0,0.0,40,Aucun,Mariee,Non,Jamais,Jamais,Jamais,0.0,60.0,20.0,Aucun,Non,Littoral,Urbain
1,1.0,0.0,32,Primaire,Divorcee,Non,Jamais,Jamais,Jamais,0.0,38.0,8.0,Superieur,Non,Littoral,Urbain
0,0.0,0.0,16,Primaire,Mariee,Non,Jamais,Jamais,Jamais,0.0,25.0,9.0,Primaire,Non,Littoral,Urbain
1,1.0,0.0,26,Aucun,Mariee,Non,Jamais,Jamais,Jamais,0.0,37.0,11.0,Superieur,Oui,Littoral,Urbain
1,1.0,0.0,27,Primaire,Mariee,Non,Moins_1x_sem,Jamais,Jamais,0.3333333333333333,28.0,1.0,Superieur,Oui,Littoral,Urbain
0,0.0,0.0,33,Primaire,Union_libre,Non,Moins_1x_sem,Jamais,Moins_1x_sem,0.6666666666666666,34.0,1.0,Superieur,Oui,Extreme_Nord,Rural
1,1.0,0.0,22,Primaire,Separee,Oui,Jamais,Jamais,Jamais,0.0,38.0,8.0,Superieur,Oui,Extreme_Nord,Rural
0,0.0,0.0,18,Secondaire,Union_libre,Non,Jamais,Jamais,Jamais,0.0,37.0,19.0,Superieur,Oui,Extreme_Nord,Rural
1,1.0,1.0,35,Primaire,Union_libre,Non,Jamais,Jamais,Jamais,0.0,32.0,-3.0,Superieur,Oui,Extreme_Nord,Rural
1,1.0,1.0,23,Secondaire,Union_libre,Non,Moins_1x_sem,Jamais,Moins_1x_sem,0.6666666666666666,34.0,11.0,Superieur,Oui,Extreme_Nord,Rural
1,1.0,0.0,28,Primaire,Mariee,Non,Jamais,Jamais,Jamais,0.0,38.0,10.0,Superieur,Oui,Extreme_Nord,Rural
0,0.0,0.0,35,Primaire,Union_libre,Non,Jamais,Jamais,Jamais,0.0,43.0,8.0,Secondaire,Oui,Extreme_Nord,Rural
0,0.0,0.0,23,Secondaire,Union_libre,Non,Jamais,Moins_1x_sem,Moins_1x_sem,0.6666666666666666,30.0,7.0,Superieur,Non,Extreme_Nord,Rural
1,1.0,1.0,26,Primaire,Union_libre,Non,Jamais,Jamais,Jamais,0.0,34.0,8.0,Primaire,Oui,Extreme_Nord,Rural
0,0.0,0.0,49,Primaire,Veuve,Non,Jamais,Jamais,Jamais,0.0,38.0,8.0,Superieur,Oui,Centre,Urbain
1,1.0,1.0,38,Primaire,Union_libre,Non,Jamais,Moins_1x_sem,Jamais,0.3333333333333333,47.0,9.0,Secondaire,Oui,Centre,Urbain
1,1.0,0.0,29,Secondaire,Union_libre,Oui,Moins_1x_sem,Moins_1x_sem,Moins_1x_sem,1.0,45.0,16.0,Superieur,Oui,Centre,Urbain
1,1.0,1.0,49,Secondaire,Veuve,Non,Jamais,Jamais,Jamais,0.0,38.0,8.0,Superieur,Oui,Centre,Urbain
1,1.0,0.0,27,Primaire,Union_libre,Non,Jamais,Au_moins_1x_sem,Au_moins_1x_sem,1.3333333333333333,36.0,9.0,Secondaire,Oui,Centre,Urbain
1,1.0,0.0,25,Primaire,Mariee,Non,Jamais,Au_moins_1x_sem,Au_moins_1x_sem,1.3333333333333333,32.0,7.0,Secondaire,Oui,Centre,Urbain
1,1.0,1.0,20,Secondaire,Union_libre,Non,Jamais,Jamais,Au_moins_1x_sem,0.6666666666666666,42.0,22.0,Superieur,Oui,Centre,Urbain
1,1.0,1.0,31,Primaire,Union_libre,Non,Jamais,Moins_1x_sem,Moins_1x_sem,0.6666666666666666,35.0,4.0,Secondaire,Non,Centre,Urbain
1,1.0,0.0,22,Secondaire,Union_libre,Non,Jamais,Jamais,Jamais,0.0,27.0,5.0,Secondaire,Oui,Centre,Urbain
0,0.0,0.0,21,Primaire,Mariee,Oui,Jamais,Jamais,Jamais,0.0,23.0,2.0,Primaire,Oui,Centre,Urbain
1,1.0,0.0,25,Primaire,Union_libre,Non,Jamais,Moins_1x_sem,Moins_1x_sem,0.6666666666666666,33.0,8.0,Superieur,Oui,Littoral,Urbain
0,0.0,0.0,41,Superieur,Mariee,Non,Au_moins_1x_sem,Au_moins_1x_sem,Au_moins_1x_sem,2.0,48.0,7.0,Superieur,Oui,Littoral,Urbain
1,1.0,0.0,30,Superieur,Union_libre,Oui,Au_moins_1x_sem,Au_moins_1x_sem,Au_moins_1x_sem,2.0,34.0,4.0,Superieur,Non,Littoral,Urbain
1,1.0,1.0,31,Superieur,Separee,Non,Au_moins_1x_sem,Au_moins_1x_sem,Au_moins_1x_sem,2.0,38.0,8.0,Superieur,Oui,Littoral,Urbain
1,1.0,0.0,38,Primaire,Union_libre,Non,Jamais,Moins_1x_sem,Au_moins_1x_sem,1.0,40.0,2.0,Superieur,Oui,Littoral,Urbain
0,0.0,0.0,47,Primaire,Mariee,Non,Jamais,Jamais,Jamais,0.0,50.0,3.0,Primaire,Oui,Adamaoua,Rural
0,0.0,0.0,27,Primaire,Mariee,Non,Jamais,Au_moins_1x_sem,Jamais,0.6666666666666666,36.0,9.0,Aucun,Non,Adamaoua,Rural
0,0.0,0.0,30,Aucun,Mariee,Non,Jamais,Jamais,Jamais,0.0,41.0,11.0,Aucun,Non,Adamaoua,Rural
0,0.0,0.0,48,Aucun,Mariee,Non,Jamais,Jamais,Jamais,0.0,58.0,10.0,Aucun,Non,Adamaoua,Rural
0,0.0,0.0,18,Primaire,Mariee,Non,Jamais,Jamais,Jamais,0.0,25.0,7.0,Aucun,Non,Adamaoua,Rural
0,0.0,0.0,23,Aucun,Mariee,Non,Jamais,Jamais,Jamais,0.0,36.0,13.0,Aucun,Non,Adamaoua,Rural
0,0.0,0.0,35,Aucun,Veuve,Non,Jamais,Jamais,Jamais,0.0,38.0,8.0,Superieur,Non,Adamaoua,Rural
0,0.0,0.0,25,Aucun,Mariee,Non,Jamais,Jamais,Jamais,0.0,36.0,11.0,Aucun,Non,Adamaoua,Rural
0,0.0,0.0,35,Aucun,Mariee,Non,Jamais,Jamais,Jamais,0.0,45.0,10.0,Aucun,Non,Adamaoua,Rural
0,0.0,0.0,30,Aucun,Mariee,Non,Jamais,Jamais,Jamais,0.0,36.0,6.0,Aucun,Non,Adamaoua,Rural
0,0.0,0.0,18,Secondaire,Mariee,Non,Jamais,Jamais,Jamais,0.0,26.0,8.0,Superieur,Non,Adamaoua,Rural
0,0.0,0.0,30,Aucun,Mariee,Non,Jamais,Jamais,Jamais,0.0,60.0,30.0,Aucun,Non,Adamaoua,Rural
0,0.0,0.0,28,Aucun,Mariee,Oui,Jamais,Jamais,Jamais,0.0,35.0,7.0,Aucun,Non,Adamaoua,Rural
0,0.0,0.0,25,Aucun,Mariee,Non,Jamais,Jamais,Jamais,0.0,40.0,15.0,Aucun,Non,Adamaoua,Rural
0,0.0,0.0,25,Aucun,Mariee,Non,Jamais,Jamais,Jamais,0.0,28.0,3.0,Aucun,Non,Adamaoua,Rural
0,0.0,0.0,49,Secondaire,Veuve,Non,Au_moins_1x_sem,Au_moins_1x_sem,Au_moins_1x_sem,2.0,38.0,8.0,Superieur,Oui,Ouest,Urbain
0,0.0,0.0,28,Superieur,Mariee,Non,Jamais,Au_moins_1x_sem,Au_moins_1x_sem,1.3333333333333333,36.0,8.0,Superieur,Oui,Ouest,Urbain
0,0.0,0.0,27,Superieur,Mariee,Non,Jamais,Au_moins_1x_sem,Au_moins_1x_sem,1.3333333333333333,33.0,6.0,Superieur,Oui,Ouest,Urbain
0,0.0,0.0,22,Aucun,Mariee,Non,Jamais,Jamais,Jamais,0.0,52.0,30.0,Aucun,Oui,Littoral,Rural
1,1.0,0.0,36,Aucun,Mariee,Non,Jamais,Jamais,Jamais,0.0,39.0,3.0,Primaire,Oui,Littoral,Rural
0,0.0,0.0,32,Aucun,Mariee,Oui,Jamais,Jamais,Jamais,0.0,40.0,8.0,Aucun,Oui,Littoral,Rural
0,0.0,0.0,47,Primaire,Veuve,Non,Jamais,Jamais,Jamais,0.0,38.0,8.0,Superieur,Oui,Littoral,Rural
0,0.0,0.0,17,Aucun,Mariee,Non,Jamais,Jamais,Jamais,0.0,26.0,9.0,Secondaire,Oui,Littoral,Rural
0,0.0,0.0,20,Primaire,Mariee,Non,Jamais,Jamais,Jamais,0.0,28.0,8.0,Superieur,Non,Littoral,Rural
0,0.0,0.0,46,Primaire,Mariee,Non,Jamais,Jamais,Jamais,0.0,57.0,11.0,Superieur,Non,Littoral,Rural
0,0.0,0.0,32,Aucun,Veuve,Non,Jamais,Jamais,Jamais,0.0,38.0,8.0,Superieur,Non,Littoral,Rural
1,1.0,1.0,26,Secondaire,Mariee,Non,Jamais,Jamais,Jamais,0.0,28.0,2.0,Superieur,Oui,Littoral,Rural
0,0.0,0.0,45,Aucun,Mariee,Non,Jamais,Jamais,Jamais,0.0,55.0,10.0,Aucun,Non,Littoral,Rural
0,0.0,0.0,39,Primaire,Mariee,Non,Jamais,Moins_1x_sem,Au_moins_1x_sem,1.0,40.0,1.0,Primaire,Oui,Littoral,Rural
1,1.0,1.0,23,Primaire,Mariee,Non,Jamais,Jamais,Jamais,0.0,31.0,8.0,Primaire,Oui,Littoral,Rural
0,0.0,0.0,40,Aucun,Mariee,Non,Jamais,Jamais,Jamais,0.0,57.0,17.0,Aucun,Oui,Littoral,Rural
0,0.0,0.0,20,Primaire,Mariee,Non,Jamais,Jamais,Jamais,0.0,38.0,18.0,Superieur,Non,Littoral,Rural
0,0.0,0.0,23,Primaire,Mariee,Non,Jamais,Jamais,Jamais,0.0,30.0,7.0,Aucun,Non,Littoral,Rural
0,0.0,0.0,48,Primaire,Mariee,Non,Jamais,Jamais,Au_moins_1x_sem,0.6666666666666666,61.0,13.0,Secondaire,Non,Nord,Urbain
0,0.0,0.0,28,Primaire,Mariee,Non,Jamais,Jamais,Au_moins_1x_sem,0.6666666666666666,32.0,4.0,Secondaire,Oui,Nord,Urbain
1,1.0,0.0,44,Primaire,Mariee,Non,Jamais,Jamais,Jamais,0.0,49.0,5.0,Superieur,Oui,Nord,Urbain
0,0.0,0.0,24,Secondaire,Union_libre,Non,Jamais,Jamais,Au_moins_1x_sem,0.6666666666666666,30.0,6.0,Superieur,Non,Nord,Urbain
0,0.0,0.0,28,Secondaire,Union_libre,Non,Jamais,Moins_1x_sem,Au_moins_1x_sem,1.0,33.0,5.0,Superieur,Non,Nord,Urbain
0,0.0,0.0,19,Primaire,Union_libre,Oui,Jamais,Jamais,Au_moins_1x_sem,0.6666666666666666,35.0,16.0,Superieur,Non,Nord,Urbain
1,1.0,0.0,26,Secondaire,Union_libre,Non,Jamais,Jamais,Moins_1x_sem,0.3333333333333333,31.0,5.0,Superieur,Oui,Nord,Urbain
0,0.0,0.0,45,Secondaire,Mariee,Non,Moins_1x_sem,Moins_1x_sem,Au_moins_1x_sem,1.3333333333333333,52.0,7.0,Superieur,Oui,Nord,Urbain
0,0.0,0.0,35,Secondaire,Mariee,Non,Jamais,Jamais,Au_moins_1x_sem,0.6666666666666666,35.0,0.0,Superieur,Non,Est,Urbain
0,0.0,0.0,25,Superieur,Union_libre,Oui,Au_moins_1x_sem,Au_moins_1x_sem,Au_moins_1x_sem,2.0,40.0,15.0,Superieur,Oui,Est,Urbain
0,0.0,0.0,39,Superieur,Divorcee,Non,Au_moins_1x_sem,Jamais,Au_moins_1x_sem,1.3333333333333333,38.0,8.0,Superieur,Oui,Est,Urbain
0,0.0,0.0,25,Superieur,Mariee,Non,Jamais,Jamais,Au_moins_1x_sem,0.6666666666666666,32.0,7.0,Superieur,Oui,Est,Urbain
0,0.0,0.0,34,Secondaire,Mariee,Non,Jamais,Jamais,Au_moins_1x_sem,0.6666666666666666,37.0,3.0,Superieur,Non,Est,Urbain
0,0.0,0.0,33,Superieur,Mariee,Non,Jamais,Au_moins_1x_sem,Au_moins_1x_sem,1.3333333333333333,39.0,6.0,Superieur,Oui,Est,Urbain
0,0.0,0.0,29,Superieur,Union_libre,Non,Au_moins_1x_sem,Au_moins_1x_sem,Au_moins_1x_sem,2.0,33.0,4.0,Superieur,Oui,Est,Urbain
0,0.0,0.0,33,Secondaire,Separee,Non,Jamais,Jamais,Au_moins_1x_sem,0.6666666666666666,38.0,8.0,Superieur,Oui,Est,Urbain
0,0.0,0.0,26,Superieur,Union_libre,Non,Moins_1x_sem,Jamais,Au_moins_1x_sem,1.0,30.0,4.0,Superieur,Non,Est,Urbain
1,1.0,1.0,32,Primaire,Mariee,Non,Jamais,Jamais,Au_moins_1x_sem,0.6666666666666666,36.0,4.0,Secondaire,Oui,Est,Urbain
0,0.0,0.0,26,Secondaire,Mariee,Non,Jamais,Moins_1x_sem,Au_moins_1x_sem,1.0,35.0,9.0,Superieur,Non,Sud_Ouest,Urbain
0,0.0,0.0,23,Primaire,Mariee,Non,Jamais,Jamais,Au_moins_1x_sem,0.6666666666666666,30.0,7.0,Superieur,Non,Sud_Ouest,Urbain
0,0.0,0.0,22,Primaire,Mariee,Non,Jamais,Jamais,Au_moins_1x_sem,0.6666666666666666,33.0,11.0,Primaire,Non,Sud_Ouest,Urbain
0,0.0,0.0,27,Secondaire,Mariee,Non,Jamais,Jamais,Au_moins_1x_sem,0.6666666666666666,40.0,13.0,Superieur,Non,Sud_Ouest,Urbain
1,1.0,1.0,47,Primaire,Mariee,Non,Jamais,Jamais,Au_moins_1x_sem,0.6666666666666666,57.0,10.0,Aucun,Non,Sud_Ouest,Urbain
0,0.0,0.0,17,Secondaire,Union_libre,Non,Moins_1x_sem,Moins_1x_sem,Au_moins_1x_sem,1.3333333333333333,25.0,8.0,Superieur,Non,Sud_Ouest,Urbain
0,0.0,0.0,26,Primaire,Mariee,Non,Jamais,Jamais,Jamais,0.0,33.0,7.0,Primaire,Non,Sud_Ouest,Urbain
0,0.0,0.0,32,Primaire,Mariee,Non,Jamais,Moins_1x_sem,Jamais,0.3333333333333333,40.0,8.0,Secondaire,Non,Sud_Ouest,Urbain
0,0.0,0.0,27,Secondaire,Mariee,Non,Jamais,Jamais,Jamais,0.0,43.0,16.0,Primaire,Non,Littoral,Rural
1,1.0,0.0,33,Aucun,Union_libre,Non,Jamais,Jamais,Jamais,0.0,38.0,5.0,Primaire,Non,Littoral,Rural
0,0.0,0.0,17,Aucun,Mariee,Non,Jamais,Jamais,Jamais,0.0,55.0,38.0,Aucun,Non,Littoral,Rural
0,0.0,0.0,39,Aucun,Mariee,Non,Jamais,Jamais,Jamais,0.0,52.0,13.0,Aucun,Non,Littoral,Rural
0,0.0,0.0,29,Aucun,Mariee,Non,Jamais,Jamais,Jamais,0.0,34.0,5.0,Aucun,Non,Littoral,Rural
0,0.0,0.0,34,Aucun,Mariee,Non,Jamais,Jamais,Jamais,0.0,40.0,6.0,Aucun,Non,Littoral,Rural
0,0.0,0.0,23,Aucun,Mariee,Non,Jamais,Jamais,Jamais,0.0,30.0,7.0,Aucun,Non,Littoral,Rural
0,0.0,0.0,35,Aucun,Mariee,Non,Jamais,Jamais,Jamais,0.0,50.0,15.0,Aucun,Non,Littoral,Rural
1,1.0,0.0,23,Aucun,Mariee,Non,Jamais,Jamais,Jamais,0.0,27.0,4.0,Superieur,Non,Littoral,Rural
0,0.0,0.0,25,Primaire,Mariee,Non,Jamais,Jamais,Jamais,0.0,26.0,1.0,Secondaire,Non,Littoral,Rural
0,0.0,0.0,18,Aucun,Mariee,Oui,Jamais,Jamais,Jamais,0.0,24.0,6.0,Aucun,Non,Littoral,Rural
0,0.0,0.0,40,Primaire,Mariee,Non,Jamais,Jamais,Jamais,0.0,45.0,5.0,Aucun,Non,Littoral,Rural
1,1.0,0.0,43,Primaire,Mariee,Non,Jamais,Jamais,Jamais,0.0,45.0,2.0,Aucun,Oui,Littoral,Rural
0,0.0,0.0,25,Primaire,Mariee,Non,Jamais,Jamais,Jamais,0.0,40.0,15.0,Primaire,Non,Littoral,Rural
0,0.0,0.0,35,Secondaire,Mariee,Non,Jamais,Jamais,Jamais,0.0,58.0,23.0,Aucun,Oui,Littoral,Rural
0,0.0,0.0,27,Aucun,Mariee,Oui,Jamais,Jamais,Jamais,0.0,58.0,31.0,Aucun,Non,Littoral,Rural
0,0.0,0.0,34,Secondaire,Veuve,Non,Jamais,Moins_1x_sem,Au_moins_1x_sem,1.0,38.0,8.0,Superieur,Non,Sud_Ouest,Rural
1,1.0,0.0,22,Secondaire,Mariee,Non,Jamais,Jamais,Jamais,0.0,25.0,3.0,Secondaire,Oui,Sud_Ouest,Rural
1,1.0,1.0,30,Primaire,Union_libre,Non,Jamais,Moins_1x_sem,Moins_1x_sem,0.6666666666666666,34.0,4.0,Secondaire,Oui,Sud_Ouest,Rural
0,0.0,0.0,33,Secondaire,Mariee,Non,Jamais,Jamais,Jamais,0.0,33.0,0.0,Superieur,Non,Sud_Ouest,Rural
0,0.0,0.0,37,Secondaire,Mariee,Non,Jamais,Moins_1x_sem,Moins_1x_sem,0.6666666666666666,45.0,8.0,Primaire,Non,Sud_Ouest,Rural
1,1.0,0.0,32,Secondaire,Mariee,Non,Jamais,Jamais,Au_moins_1x_sem,0.6666666666666666,36.0,4.0,Superieur,Non,Sud_Ouest,Rural
0,0.0,0.0,29,Primaire,Union_libre,Non,Jamais,Jamais,Jamais,0.0,31.0,2.0,Superieur,Oui,Sud_Ouest,Rural
1,1.0,0.0,35,Secondaire,Mariee,Non,Jamais,Jamais,Jamais,0.0,40.0,5.0,Superieur,Oui,Sud_Ouest,Rural
0,0.0,0.0,48,Primaire,Mariee,Non,Jamais,Jamais,Jamais,0.0,54.0,6.0,Superieur,Non,Sud_Ouest,Rural
0,0.0,0.0,28,Secondaire,Mariee,Oui,Jamais,Jamais,Moins_1x_sem,0.3333333333333333,31.0,3.0,Secondaire,Non,Sud_Ouest,Rural
1,1.0,0.0,40,Primaire,Mariee,Non,Jamais,Jamais,Jamais,0.0,49.0,9.0,Secondaire,Oui,Sud_Ouest,Rural
1,1.0,0.0,30,Secondaire,Mariee,Non,Jamais,Jamais,Au_moins_1x_sem,0.6666666666666666,34.0,4.0,Superieur,Oui,Est,Urbain
0,0.0,0.0,46,Secondaire,Separee,Non,Moins_1x_sem,Au_moins_1x_sem,Au_moins_1x_sem,1.6666666666666667,38.0,8.0,Superieur,Oui,Est,Urbain
0,0.0,0.0,44,Secondaire,Mariee,Non,Moins_1x_sem,Jamais,Jamais,0.3333333333333333,45.0,1.0,Superieur,Non,Est,Urbain
1,1.0,0.0,27,Superieur,Mariee,Non,Jamais,Jamais,Au_moins_1x_sem,0.6666666666666666,37.0,10.0,Superieur,Oui,Est,Urbain
1,1.0,0.0,45,Primaire,Mariee,Non,Jamais,Jamais,Au_moins_1x_sem,0.6666666666666666,45.0,0.0,Secondaire,Oui,Est,Urbain
0,0.0,0.0,32,Secondaire,Mariee,Non,Jamais,Jamais,Au_moins_1x_sem,0.6666666666666666,35.0,3.0,Superieur,Oui,Est,Urbain
1,1.0,1.0,31,Secondaire,Mariee,Non,Jamais,Jamais,Au_moins_1x_sem,0.6666666666666666,39.0,8.0,Superieur,Oui,Est,Urbain
1,1.0,1.0,46,Superieur,Mariee,Non,Jamais,Jamais,Au_moins_1x_sem,0.6666666666666666,51.0,5.0,Superieur,Oui,Est,Urbain
1,1.0,0.0,21,Secondaire,Union_libre,Non,Jamais,Jamais,Au_moins_1x_sem,0.6666666666666666,28.0,7.0,Superieur,Oui,Est,Urbain
0,0.0,0.0,24,Secondaire,Mariee,Non,Au_moins_1x_sem,Au_moins_1x_sem,Au_moins_1x_sem,2.0,31.0,7.0,Superieur,Non,Littoral,Urbain
0,0.0,0.0,29,Primaire,Divorcee,Non,Jamais,Jamais,Jamais,0.0,38.0,8.0,Superieur,Non,Littoral,Urbain
1,1.0,1.0,36,Primaire,Mariee,Non,Jamais,Moins_1x_sem,Au_moins_1x_sem,1.0,52.0,16.0,Superieur,Non,Littoral,Urbain
1,1.0,0.0,28,Secondaire,Union_libre,Non,Jamais,Moins_1x_sem,Au_moins_1x_sem,1.0,28.0,0.0,Superieur,Oui,Littoral,Urbain
1,1.0,0.0,27,Primaire,Union_libre,Non,Jamais,Jamais,Au_moins_1x_sem,0.6666666666666666,30.0,3.0,Superieur,Oui,Littoral,Urbain
0,0.0,0.0,18,Aucun,Mariee,Non,Jamais,Moins_1x_sem,Moins_1x_sem,0.6666666666666666,21.0,3.0,Superieur,Oui,Littoral,Urbain
0,0.0,0.0,32,Aucun,Mariee,Non,Jamais,Jamais,Jamais,0.0,42.0,10.0,Primaire,Non,Littoral,Urbain
1,1.0,0.0,18,Secondaire,Mariee,Non,Jamais,Jamais,Moins_1x_sem,0.3333333333333333,29.0,11.0,Superieur,Non,Littoral,Urbain
1,1.0,0.0,22,Aucun,Mariee,Non,Jamais,Jamais,Jamais,0.0,30.0,8.0,Primaire,Oui,Littoral,Urbain
0,0.0,0.0,29,Primaire,Mariee,Non,Jamais,Moins_1x_sem,Au_moins_1x_sem,1.0,43.0,14.0,Superieur,Non,Littoral,Urbain
1,1.0,0.0,20,Secondaire,Mariee,Non,Jamais,Jamais,Jamais,0.0,21.0,1.0,Superieur,Oui,Littoral,Urbain
0,0.0,0.0,33,Aucun,Divorcee,Non,Jamais,Moins_1x_sem,Moins_1x_sem,0.6666666666666666,38.0,8.0,Superieur,Non,Littoral,Urbain
0,0.0,0.0,18,Primaire,Mariee,Non,Jamais,Jamais,Jamais,0.0,30.0,12.0,Superieur,Non,Littoral,Urbain
1,1.0,1.0,30,Primaire,Union_libre,Non,Jamais,Jamais,Au_moins_1x_sem,0.6666666666666666,40.0,10.0,Aucun,Oui,Sud_Ouest,Rural
0,0.0,0.0,25,Secondaire,Mariee,Non,Jamais,Jamais,Au_moins_1x_sem,0.6666666666666666,30.0,5.0,Superieur,Non,Sud_Ouest,Rural
1,1.0,1.0,42,Secondaire,Union_libre,Oui,Jamais,Jamais,Moins_1x_sem,0.3333333333333333,40.0,-2.0,Aucun,Oui,Sud_Ouest,Rural
0,0.0,0.0,37,Secondaire,Mariee,Non,Jamais,Jamais,Au_moins_1x_sem,0.6666666666666666,58.0,21.0,Superieur,Non,Sud_Ouest,Rural
1,1.0,0.0,40,Secondaire,Mariee,Non,Moins_1x_sem,Moins_1x_sem,Au_moins_1x_sem,1.3333333333333333,44.0,4.0,Superieur,Oui,Sud_Ouest,Rural
0,0.0,0.0,22,Secondaire,Union_libre,Non,Jamais,Au_moins_1x_sem,Jamais,0.6666666666666666,28.0,6.0,Superieur,Non,Sud_Ouest,Rural
0,0.0,0.0,20,Secondaire,Mariee,Non,Moins_1x_sem,Moins_1x_sem,Au_moins_1x_sem,1.3333333333333333,33.0,13.0,Superieur,Oui,Sud_Ouest,Rural
0,0.0,0.0,36,Secondaire,Separee,Non,Jamais,Moins_1x_sem,Au_moins_1x_sem,1.0,38.0,8.0,Superieur,Oui,Centre,Urbain
1,1.0,0.0,27,Secondaire,Mariee,Oui,Moins_1x_sem,Moins_1x_sem,Au_moins_1x_sem,1.3333333333333333,32.0,5.0,Superieur,Oui,Centre,Urbain
0,0.0,0.0,28,Superieur,Mariee,Non,Jamais,Jamais,Au_moins_1x_sem,0.6666666666666666,32.0,4.0,Superieur,Non,Centre,Urbain
0,0.0,0.0,40,Secondaire,Mariee,Non,Au_moins_1x_sem,Jamais,Au_moins_1x_sem,1.3333333333333333,41.0,1.0,Superieur,Non,Centre,Urbain
1,1.0,1.0,46,Secondaire,Separee,Non,Jamais,Au_moins_1x_sem,Au_moins_1x_sem,1.3333333333333333,38.0,8.0,Superieur,Oui,Centre,Urbain
0,0.0,0.0,22,Secondaire,Union_libre,Non,Jamais,Jamais,Au_moins_1x_sem,0.6666666666666666,32.0,10.0,Superieur,Oui,Centre,Urbain
1,1.0,0.0,19,Secondaire,Mariee,Non,Jamais,Jamais,Au_moins_1x_sem,0.6666666666666666,19.0,0.0,Superieur,Non,Centre,Urbain
0,0.0,0.0,33,Primaire,Union_libre,Non,Moins_1x_sem,Jamais,Au_moins_1x_sem,1.0,38.0,5.0,Secondaire,Non,Centre,Urbain
0,0.0,0.0,22,Secondaire,Union_libre,Non,Moins_1x_sem,Jamais,Au_moins_1x_sem,1.0,31.0,9.0,Superieur,Oui,Centre,Urbain
1,1.0,0.0,25,Primaire,Separee,Non,Jamais,Moins_1x_sem,Au_moins_1x_sem,1.0,38.0,8.0,Superieur,Non,Centre,Urbain
0,0.0,0.0,48,Primaire,Mariee,Non,Jamais,Au_moins_1x_sem,Au_moins_1x_sem,1.3333333333333333,58.0,10.0,Primaire,Oui,Sud,Rural
0,0.0,0.0,33,Primaire,Mariee,Non,Moins_1x_sem,Au_moins_1x_sem,Au_moins_1x_sem,1.6666666666666667,34.0,1.0,Secondaire,Oui,Sud,Rural
0,0.0,0.0,31,Aucun,Union_libre,Oui,Jamais,Au_moins_1x_sem,Moins_1x_sem,1.0,46.0,15.0,Primaire,Oui,Sud,Rural
1,1.0,0.0,40,Secondaire,Mariee,Non,Moins_1x_sem,Jamais,Jamais,0.3333333333333333,68.0,28.0,Secondaire,Oui,Sud,Rural
1,1.0,0.0,39,Secondaire,Mariee,Non,Jamais,Moins_1x_sem,Jamais,0.3333333333333333,50.0,11.0,Secondaire,Oui,Sud,Rural
0,0.0,0.0,28,Secondaire,Mariee,Non,Jamais,Jamais,Jamais,0.0,35.0,7.0,Superieur,Oui,Sud,Rural
0,0.0,0.0,40,Secondaire,Mariee,Non,Jamais,Moins_1x_sem,Jamais,0.3333333333333333,45.0,5.0,Superieur,Oui,Sud,Rural
1,1.0,0.0,33,Secondaire,Separee,Oui,Jamais,Jamais,Jamais,0.0,38.0,8.0,Superieur,Oui,Sud,Rural
1,1.0,0.0,31,Secondaire,Mariee,Non,Jamais,Au_moins_1x_sem,Au_moins_1x_sem,1.3333333333333333,55.0,24.0,Superieur,Oui,Littoral,Urbain
0,0.0,0.0,26,Secondaire,Separee,Non,Jamais,Au_moins_1x_sem,Au_moins_1x_sem,1.3333333333333333,38.0,8.0,Superieur,Oui,Littoral,Urbain
0,0.0,0.0,32,Secondaire,Mariee,Oui,Jamais,Moins_1x_sem,Au_moins_1x_sem,1.0,38.0,6.0,Superieur,Non,Littoral,Urbain
0,0.0,0.0,34,Secondaire,Mariee,Non,Jamais,Jamais,Au_moins_1x_sem,0.6666666666666666,43.0,9.0,Superieur,Oui,Littoral,Urbain
0,0.0,0.0,46,Primaire,Mariee,Non,Jamais,Jamais,Jamais,0.0,50.0,4.0,Superieur,Oui,Littoral,Urbain
0,0.0,0.0,25,Secondaire,Mariee,Non,Jamais,Jamais,Au_moins_1x_sem,0.6666666666666666,30.0,5.0,Superieur,Non,Littoral,Urbain
0,0.0,0.0,22,Secondaire,Mariee,Oui,Moins_1x_sem,Moins_1x_sem,Au_moins_1x_sem,1.3333333333333333,29.0,7.0,Superieur,Non,Littoral,Urbain
0,0.0,0.0,29,Superieur,Mariee,Non,Au_moins_1x_sem,Au_moins_1x_sem,Au_moins_1x_sem,2.0,34.0,5.0,Superieur,Non,Littoral,Urbain
1,1.0,1.0,25,Secondaire,Separee,Non,Jamais,Au_moins_1x_sem,Au_moins_1x_sem,1.3333333333333333,38.0,8.0,Superieur,Oui,Littoral,Urbain
0,0.0,0.0,22,Secondaire,Separee,Non,Jamais,Jamais,Au_moins_1x_sem,0.6666666666666666,38.0,8.0,Superieur,Oui,Littoral,Urbain
1,1.0,1.0,42,Secondaire,Mariee,Non,Moins_1x_sem,Au_moins_1x_sem,Au_moins_1x_sem,1.6666666666666667,42.0,0.0,Superieur,Non,Littoral,Urbain
0,0.0,0.0,23,Primaire,Mariee,Non,Jamais,Jamais,Au_moins_1x_sem,0.6666666666666666,27.0,4.0,Superieur,Oui,Littoral,Urbain
0,0.0,0.0,30,Superieur,Mariee,Non,Jamais,Jamais,Au_moins_1x_sem,0.6666666666666666,40.0,10.0,Secondaire,Non,Littoral,Urbain
0,0.0,0.0,23,Secondaire,Mariee,Oui,Jamais,Jamais,Au_moins_1x_sem,0.6666666666666666,25.0,2.0,Superieur,Non,Littoral,Urbain
0,0.0,0.0,43,Secondaire,Mariee,Non,Jamais,Jamais,Au_moins_1x_sem,0.6666666666666666,45.0,2.0,Superieur,Oui,Littoral,Urbain
0,0.0,0.0,40,Secondaire,Mariee,Non,Jamais,Au_moins_1x_sem,Moins_1x_sem,1.0,48.0,8.0,Superieur,Non,Littoral,Urbain
0,0.0,0.0,37,Primaire,Mariee,Non,Jamais,Jamais,Jamais,0.0,42.0,5.0,Superieur,Oui,Littoral,Urbain
1,1.0,0.0,28,Superieur,Mariee,Oui,Jamais,Moins_1x_sem,Au_moins_1x_sem,1.0,33.0,5.0,Superieur,Oui,Littoral,Urbain
0,0.0,0.0,35,Primaire,Mariee,Non,Au_moins_1x_sem,Au_moins_1x_sem,Au_moins_1x_sem,2.0,48.0,13.0,Superieur,Oui,Littoral,Urbain
0,0.0,0.0,25,Secondaire,Mariee,Non,Jamais,Moins_1x_sem,Au_moins_1x_sem,1.0,33.0,8.0,Superieur,Non,Littoral,Urbain
0,0.0,0.0,26,Primaire,Mariee,Non,Jamais,Jamais,Jamais,0.0,35.0,9.0,Secondaire,Non,Littoral,Urbain
0,0.0,0.0,30,Secondaire,Mariee,Non,Jamais,Jamais,Au_moins_1x_sem,0.6666666666666666,32.0,2.0,Secondaire,Oui,Littoral,Urbain
0,0.0,0.0,38,Aucun,Divorcee,Non,Jamais,Jamais,Au_moins_1x_sem,0.6666666666666666,38.0,8.0,Superieur,Non,Centre,Rural
1,1.0,1.0,31,Secondaire,Mariee,Non,Jamais,Moins_1x_sem,Au_moins_1x_sem,1.0,40.0,9.0,Superieur,Oui,Centre,Rural
1,1.0,0.0,31,Primaire,Mariee,Non,Jamais,Jamais,Au_moins_1x_sem,0.6666666666666666,35.0,4.0,Superieur,Oui,Centre,Rural
0,0.0,0.0,38,Secondaire,Mariee,Oui,Moins_1x_sem,Au_moins_1x_sem,Au_moins_1x_sem,1.6666666666666667,42.0,4.0,Superieur,Oui,Centre,Rural
0,0.0,0.0,33,Primaire,Union_libre,Oui,Jamais,Jamais,Au_moins_1x_sem,0.6666666666666666,35.0,2.0,Secondaire,Oui,Centre,Rural
0,0.0,0.0,35,Primaire,Union_libre,Non,Jamais,Jamais,Au_moins_1x_sem,0.6666666666666666,39.0,4.0,Superieur,Non,Centre,Rural
1,1.0,0.0,24,Primaire,Union_libre,Non,Jamais,Moins_1x_sem,Au_moins_1x_sem,1.0,34.0,10.0,Superieur,Oui,Centre,Rural
1,1.0,0.0,33,Aucun,Union_libre,Oui,Jamais,Jamais,Jamais,0.0,35.0,2.0,Primaire,Oui,Centre,Rural
0,0.0,0.0,30,Primaire,Union_libre,Non,Jamais,Moins_1x_sem,Au_moins_1x_sem,1.0,36.0,6.0,Superieur,Oui,Centre,Rural
1,1.0,0.0,29,Secondaire,Union_libre,Non,Moins_1x_sem,Jamais,Au_moins_1x_sem,1.0,35.0,6.0,Superieur,Oui,Centre,Rural
1,1.0,0.0,24,Secondaire,Mariee,Oui,Jamais,Moins_1x_sem,Au_moins_1x_sem,1.0,33.0,9.0,Superieur,Oui,Centre,Rural
0,0.0,0.0,24,Primaire,Union_libre,Non,Jamais,Jamais,Jamais,0.0,33.0,9.0,Secondaire,Oui,Extreme_Nord,Rural
0,0.0,0.0,16,Primaire,Union_libre,Oui,Jamais,Jamais,Jamais,0.0,18.0,2.0,Primaire,Oui,Extreme_Nord,Rural
0,0.0,0.0,17,Primaire,Union_libre,Oui,Jamais,Jamais,Jamais,0.0,21.0,4.0,Superieur,Oui,Extreme_Nord,Rural
1,1.0,0.0,16,Primaire,Union_libre,Non,Jamais,Jamais,Jamais,0.0,25.0,9.0,Primaire,Oui,Extreme_Nord,Rural
1,1.0,0.0,23,Aucun,Separee,Non,Jamais,Jamais,Jamais,0.0,38.0,8.0,Superieur,Oui,Extreme_Nord,Rural
0,0.0,0.0,33,Secondaire,Union_libre,Non,Jamais,Jamais,Au_moins_1x_sem,0.6666666666666666,40.0,7.0,Secondaire,Oui,Extreme_Nord,Rural
0,0.0,0.0,19,Primaire,Union_libre,Oui,Jamais,Jamais,Jamais,0.0,22.0,3.0,Primaire,Oui,Extreme_Nord,Rural
0,0.0,0.0,43,Primaire,Mariee,Non,Jamais,Jamais,Moins_1x_sem,0.3333333333333333,66.0,23.0,Primaire,Oui,Extreme_Nord,Rural
0,0.0,0.0,21,Primaire,Mariee,Non,Jamais,Jamais,Jamais,0.0,40.0,19.0,Superieur,Non,Extreme_Nord,Rural
1,1.0,0.0,24,Primaire,Union_libre,Non,Jamais,Jamais,Au_moins_1x_sem,0.6666666666666666,30.0,6.0,Primaire,Oui,Extreme_Nord,Rural
1,1.0,0.0,20,Primaire,Union_libre,Non,Jamais,Jamais,Au_moins_1x_sem,0.6666666666666666,31.0,11.0,Primaire,Non,Extreme_Nord,Rural
1,1.0,1.0,16,Primaire,Union_libre,Non,Jamais,Jamais,Jamais,0.0,25.0,9.0,Primaire,Oui,Extreme_Nord,Rural
0,0.0,0.0,28,Primaire,Union_libre,Non,Jamais,Jamais,Moins_1x_sem,0.3333333333333333,58.0,30.0,Primaire,Oui,Extreme_Nord,Rural
0,0.0,0.0,24,Secondaire,Mariee,Non,Jamais,Jamais,Jamais,0.0,42.0,18.0,Superieur,Non,Extreme_Nord,Rural
1,1.0,1.0,38,Primaire,Union_libre,Non,Jamais,Jamais,Moins_1x_sem,0.3333333333333333,42.0,4.0,Primaire,Oui,Extreme_Nord,Rural
1,1.0,0.0,28,Primaire,Mariee,Non,Au_moins_1x_sem,Jamais,Au_moins_1x_sem,1.3333333333333333,35.0,7.0,Secondaire,Non,Extreme_Nord,Urbain
0,0.0,0.0,40,Aucun,Mariee,Non,Jamais,Jamais,Jamais,0.0,46.0,6.0,Aucun,Non,Extreme_Nord,Urbain
0,0.0,0.0,20,Secondaire,Union_libre,Non,Jamais,Jamais,Jamais,0.0,25.0,5.0,Superieur,Oui,Extreme_Nord,Urbain
1,1.0,0.0,29,Secondaire,Mariee,Non,Moins_1x_sem,Moins_1x_sem,Moins_1x_sem,1.0,35.0,6.0,Superieur,Oui,Extreme_Nord,Urbain
0,0.0,0.0,18,Primaire,Union_libre,Oui,Jamais,Jamais,Jamais,0.0,25.0,7.0,Secondaire,Non,Extreme_Nord,Urbain
1,1.0,0.0,38,Secondaire,Mariee,Non,Moins_1x_sem,Moins_1x_sem,Moins_1x_sem,1.0,44.0,6.0,Superieur,Oui,Extreme_Nord,Urbain
0,0.0,0.0,38,Aucun,Mariee,Non,Jamais,Jamais,Au_moins_1x_sem,0.6666666666666666,68.0,30.0,Aucun,Non,Extreme_Nord,Urbain
0,0.0,0.0,27,Secondaire,Union_libre,Non,Jamais,Jamais,Jamais,0.0,27.0,0.0,Superieur,Non,Extreme_Nord,Urbain
0,0.0,0.0,20,Aucun,Mariee,Oui,Jamais,Jamais,Jamais,0.0,40.0,20.0,Secondaire,Non,Extreme_Nord,Urbain
0,0.0,0.0,32,Primaire,Union_libre,Oui,Jamais,Jamais,Au_moins_1x_sem,0.6666666666666666,39.0,7.0,Superieur,Non,Extreme_Nord,Urbain
0,0.0,0.0,18,Primaire,Mariee,Non,Jamais,Jamais,Jamais,0.0,23.0,5.0,Superieur,Non,Extreme_Nord,Urbain
0,0.0,0.0,27,Primaire,Union_libre,Oui,Jamais,Au_moins_1x_sem,Au_moins_1x_sem,1.3333333333333333,45.0,18.0,Superieur,Non,Extreme_Nord,Urbain
0,0.0,0.0,32,Aucun,Mariee,Non,Jamais,Jamais,Jamais,0.0,42.0,10.0,Secondaire,Non,Extreme_Nord,Urbain
0,0.0,0.0,16,Primaire,Union_libre,Oui,Jamais,Jamais,Jamais,0.0,24.0,8.0,Primaire,Non,Extreme_Nord,Urbain
0,0.0,0.0,18,Primaire,Union_libre,Oui,Jamais,Jamais,Au_moins_1x_sem,0.6666666666666666,25.0,7.0,Primaire,Non,Extreme_Nord,Urbain
0,0.0,0.0,21,Primaire,Union_libre,Non,Jamais,Jamais,Jamais,0.0,26.0,5.0,Superieur,Non,Extreme_Nord,Urbain
0,0.0,0.0,40,Secondaire,Mariee,Non,Moins_1x_sem,Moins_1x_sem,Moins_1x_sem,1.0,41.0,1.0,Superieur,Oui,Extreme_Nord,Urbain
1,1.0,0.0,24,Secondaire,Mariee,Non,Jamais,Au_moins_1x_sem,Jamais,0.6666666666666666,40.0,16.0,Secondaire,Oui,Ouest,Urbain
0,0.0,0.0,23,Secondaire,Mariee,Non,Moins_1x_sem,Jamais,Au_moins_1x_sem,1.0,31.0,8.0,Secondaire,Non,Ouest,Urbain
1,1.0,0.0,21,Superieur,Union_libre,Non,Jamais,Moins_1x_sem,Au_moins_1x_sem,1.0,24.0,3.0,Secondaire,Oui,Ouest,Urbain
0,0.0,0.0,38,Primaire,Veuve,Non,Jamais,Au_moins_1x_sem,Au_moins_1x_sem,1.3333333333333333,38.0,8.0,Superieur,Oui,Ouest,Urbain
1,1.0,0.0,28,Secondaire,Mariee,Non,Jamais,Au_moins_1x_sem,Au_moins_1x_sem,1.3333333333333333,40.0,12.0,Secondaire,Oui,Ouest,Urbain
1,1.0,0.0,30,Primaire,Union_libre,Non,Jamais,Jamais,Moins_1x_sem,0.3333333333333333,38.0,8.0,Secondaire,Oui,Ouest,Urbain
0,0.0,0.0,32,Primaire,Mariee,Non,Jamais,Moins_1x_sem,Moins_1x_sem,0.6666666666666666,38.0,6.0,Secondaire,Oui,Ouest,Urbain
0,0.0,0.0,21,Primaire,Mariee,Non,Jamais,Moins_1x_sem,Jamais,0.3333333333333333,24.0,3.0,Secondaire,Non,Ouest,Urbain
0,0.0,0.0,25,Superieur,Mariee,Non,Jamais,Jamais,Jamais,0.0,32.0,7.0,Superieur,Oui,Ouest,Urbain
1,1.0,1.0,28,Secondaire,Divorcee,Non,Jamais,Jamais,Jamais,0.0,38.0,8.0,Superieur,Oui,Ouest,Urbain
1,1.0,1.0,48,Secondaire,Divorcee,Non,Moins_1x_sem,Moins_1x_sem,Moins_1x_sem,1.0,38.0,8.0,Superieur,Oui,Ouest,Urbain
1,1.0,1.0,40,Aucun,Mariee,Non,Jamais,Jamais,Jamais,0.0,60.0,20.0,Aucun,Oui,Ouest,Rural
1,1.0,1.0,30,Primaire,Separee,Non,Jamais,Jamais,Jamais,0.0,38.0,8.0,Superieur,Oui,Ouest,Rural
0,0.0,0.0,41,Primaire,Veuve,Non,Jamais,Jamais,Moins_1x_sem,0.3333333333333333,38.0,8.0,Superieur,Non,Ouest,Rural
0,0.0,0.0,17,Aucun,Mariee,Non,Jamais,Jamais,Jamais,0.0,27.0,10.0,Primaire,Non,Ouest,Rural
0,0.0,0.0,39,Aucun,Mariee,Non,Jamais,Jamais,Jamais,0.0,45.0,6.0,Primaire,Non,Ouest,Rural
0,0.0,0.0,25,Secondaire,Mariee,Non,Jamais,Jamais,Jamais,0.0,33.0,8.0,Superieur,Oui,Ouest,Rural
0,0.0,0.0,30,Primaire,Union_libre,Oui,Jamais,Jamais,Jamais,0.0,40.0,10.0,Primaire,Non,Ouest,Rural
1,1.0,0.0,35,Primaire,Mariee,Non,Jamais,Jamais,Jamais,0.0,46.0,11.0,Secondaire,Non,Ouest,Rural
1,1.0,1.0,38,Primaire,Mariee,Non,Jamais,Jamais,Jamais,0.0,36.0,-2.0,Primaire,Non,Ouest,Rural
0,0.0,0.0,43,Aucun,Veuve,Non,Jamais,Moins_1x_sem,Moins_1x_sem,0.6666666666666666,38.0,8.0,Superieur,Oui,Ouest,Rural
1,1.0,0.0,24,Secondaire,Separee,Non,Jamais,Jamais,Au_moins_1x_sem,0.6666666666666666,38.0,8.0,Superieur,Non,Littoral,Urbain
0,0.0,0.0,23,Secondaire,Union_libre,Non,Moins_1x_sem,Jamais,Au_moins_1x_sem,1.0,28.0,5.0,Superieur,Oui,Littoral,Urbain
1,1.0,0.0,40,Superieur,Union_libre,Non,Au_moins_1x_sem,Jamais,Au_moins_1x_sem,1.3333333333333333,46.0,6.0,Superieur,Oui,Littoral,Urbain
1,1.0,1.0,40,Secondaire,Separee,Non,Jamais,Moins_1x_sem,Moins_1x_sem,0.6666666666666666,38.0,8.0,Superieur,Oui,Littoral,Urbain
0,0.0,0.0,47,Secondaire,Mariee,Non,Moins_1x_sem,Au_moins_1x_sem,Au_moins_1x_sem,1.6666666666666667,49.0,2.0,Superieur,Non,Littoral,Urbain
1,1.0,0.0,29,Secondaire,Union_libre,Non,Jamais,Moins_1x_sem,Au_moins_1x_sem,1.0,32.0,3.0,Superieur,Oui,Littoral,Urbain
1,1.0,0.0,26,Primaire,Union_libre,Non,Jamais,Jamais,Au_moins_1x_sem,0.6666666666666666,29.0,3.0,Secondaire,Non,Littoral,Urbain
1,1.0,0.0,32,Secondaire,Mariee,Oui,Jamais,Jamais,Au_moins_1x_sem,0.6666666666666666,40.0,8.0,Superieur,Oui,Littoral,Urbain
1,1.0,0.0,31,Secondaire,Separee,Non,Moins_1x_sem,Jamais,Au_moins_1x_sem,1.0,38.0,8.0,Superieur,Non,Littoral,Urbain
0,0.0,0.0,37,Secondaire,Mariee,Non,Au_moins_1x_sem,Moins_1x_sem,Au_moins_1x_sem,1.6666666666666667,50.0,13.0,Superieur,Oui,Littoral,Urbain
1,1.0,0.0,38,Secondaire,Union_libre,Non,Jamais,Au_moins_1x_sem,Au_moins_1x_sem,1.3333333333333333,43.0,5.0,Superieur,Non,Littoral,Urbain
1,1.0,1.0,38,Secondaire,Union_libre,Non,Jamais,Jamais,Au_moins_1x_sem,0.6666666666666666,38.0,0.0,Superieur,Non,Littoral,Urbain
0,0.0,0.0,28,Secondaire,Union_libre,Non,Jamais,Jamais,Au_moins_1x_sem,0.6666666666666666,31.0,3.0,Superieur,Oui,Littoral,Urbain
1,1.0,0.0,34,Secondaire,Union_libre,Non,Jamais,Au_moins_1x_sem,Au_moins_1x_sem,1.3333333333333333,36.0,2.0,Superieur,Oui,Littoral,Urbain
1,1.0,0.0,27,Secondaire,Union_libre,Oui,Jamais,Jamais,Au_moins_1x_sem,0.6666666666666666,38.0,11.0,Superieur,Oui,Littoral,Urbain
0,0.0,0.0,23,Primaire,Union_libre,Non,Jamais,Jamais,Au_moins_1x_sem,0.6666666666666666,38.0,15.0,Secondaire,Non,Littoral,Urbain
1,1.0,0.0,28,Secondaire,Mariee,Non,Jamais,Jamais,Au_moins_1x_sem,0.6666666666666666,34.0,6.0,Superieur,Oui,Littoral,Urbain
1,1.0,0.0,43,Primaire,Mariee,Non,Moins_1x_sem,Jamais,Au_moins_1x_sem,1.0,56.0,13.0,Secondaire,Oui,Est,Urbain
1,1.0,1.0,26,Secondaire,Separee,Non,Moins_1x_sem,Moins_1x_sem,Au_moins_1x_sem,1.3333333333333333,38.0,8.0,Superieur,Oui,Est,Urbain
0,0.0,0.0,35,Secondaire,Union_libre,Non,Jamais,Jamais,Au_moins_1x_sem,0.6666666666666666,46.0,11.0,Superieur,Non,Est,Urbain
0,0.0,0.0,31,Secondaire,Union_libre,Non,Au_moins_1x_sem,Au_moins_1x_sem,Au_moins_1x_sem,2.0,38.0,7.0,Secondaire,Non,Est,Urbain
1,1.0,0.0,28,Secondaire,Mariee,Non,Jamais,Jamais,Au_moins_1x_sem,0.6666666666666666,30.0,2.0,Superieur,Oui,Est,Urbain
0,0.0,0.0,28,Secondaire,Union_libre,Non,Au_moins_1x_sem,Au_moins_1x_sem,Au_moins_1x_sem,2.0,33.0,5.0,Superieur,Oui,Est,Urbain
1,1.0,1.0,35,Secondaire,Union_libre,Non,Jamais,Jamais,Au_moins_1x_sem,0.6666666666666666,39.0,4.0,Secondaire,Oui,Est,Urbain
1,1.0,0.0,31,Primaire,Union_libre,Non,Jamais,Jamais,Au_moins_1x_sem,0.6666666666666666,42.0,11.0,Superieur,Oui,Est,Urbain
0,0.0,0.0,49,Primaire,Mariee,Non,Jamais,Au_moins_1x_sem,Au_moins_1x_sem,1.3333333333333333,62.0,13.0,Superieur,Non,Est,Urbain
1,1.0,0.0,30,Superieur,Mariee,Non,Moins_1x_sem,Moins_1x_sem,Au_moins_1x_sem,1.3333333333333333,29.0,-1.0,Superieur,Oui,Est,Urbain
0,0.0,0.0,38,Superieur,Mariee,Non,Jamais,Au_moins_1x_sem,Au_moins_1x_sem,1.3333333333333333,46.0,8.0,Superieur,Non,Est,Urbain
0,0.0,0.0,45,Secondaire,Mariee,Non,Jamais,Jamais,Moins_1x_sem,0.3333333333333333,56.0,11.0,Secondaire,Oui,Est,Urbain
0,0.0,0.0,38,Secondaire,Mariee,Non,Jamais,Jamais,Au_moins_1x_sem,0.6666666666666666,41.0,3.0,Superieur,Non,Est,Urbain
0,0.0,0.0,33,Secondaire,Mariee,Non,Jamais,Jamais,Au_moins_1x_sem,0.6666666666666666,38.0,5.0,Superieur,Non,Est,Urbain
1,1.0,0.0,28,Secondaire,Union_libre,Non,Jamais,Moins_1x_sem,Jamais,0.3333333333333333,38.0,10.0,Aucun,Oui,Centre,Rural
1,1.0,0.0,31,Primaire,Union_libre,Oui,Jamais,Moins_1x_sem,Au_moins_1x_sem,1.0,43.0,12.0,Superieur,Oui,Centre,Rural
1,1.0,1.0,17,Secondaire,Union_libre,Non,Jamais,Moins_1x_sem,Jamais,0.3333333333333333,29.0,12.0,Primaire,Oui,Centre,Rural
0,0.0,0.0,39,Primaire,Mariee,Oui,Jamais,Jamais,Au_moins_1x_sem,0.6666666666666666,49.0,10.0,Superieur,Non,Centre,Rural
0,0.0,0.0,16,Secondaire,Union_libre,Oui,Jamais,Jamais,Jamais,0.0,21.0,5.0,Superieur,Non,Centre,Rural
1,1.0,0.0,26,Secondaire,Union_libre,Non,Moins_1x_sem,Au_moins_1x_sem,Jamais,1.0,30.0,4.0,Superieur,Non,Centre,Rural
0,0.0,0.0,24,Primaire,Union_libre,Non,Jamais,Jamais,Jamais,0.0,27.0,3.0,Superieur,Non,Centre,Rural
0,0.0,0.0,20,Aucun,Mariee,Non,Jamais,Jamais,Jamais,0.0,26.0,6.0,Primaire,Non,Adamaoua,Rural
0,0.0,0.0,25,Aucun,Mariee,Oui,Jamais,Jamais,Jamais,0.0,30.0,5.0,Aucun,Non,Adamaoua,Rural
0,0.0,0.0,27,Aucun,Mariee,Non,Jamais,Jamais,Jamais,0.0,34.0,7.0,Aucun,Non,Adamaoua,Rural
0,0.0,0.0,35,Aucun,Mariee,Non,Jamais,Jamais,Jamais,0.0,48.0,13.0,Primaire,Non,Adamaoua,Rural
0,0.0,0.0,18,Aucun,Mariee,Non,Jamais,Jamais,Jamais,0.0,26.0,8.0,Aucun,Non,Adamaoua,Rural
0,0.0,0.0,30,Aucun,Divorcee,Non,Jamais,Jamais,Jamais,0.0,38.0,8.0,Superieur,Non,Adamaoua,Rural
1,1.0,0.0,23,Aucun,Divorcee,Non,Jamais,Jamais,Jamais,0.0,38.0,8.0,Superieur,Non,Adamaoua,Rural
0,0.0,0.0,30,Aucun,Veuve,Non,Jamais,Jamais,Jamais,0.0,38.0,8.0,Superieur,Non,Adamaoua,Rural
0,0.0,0.0,15,Primaire,Mariee,Non,Jamais,Jamais,Jamais,0.0,40.0,25.0,Aucun,Non,Adamaoua,Rural
0,0.0,0.0,39,Aucun,Mariee,Non,Jamais,Jamais,Jamais,0.0,70.0,31.0,Aucun,Non,Adamaoua,Rural
0,0.0,0.0,34,Aucun,Mariee,Non,Jamais,Jamais,Jamais,0.0,60.0,26.0,Aucun,Non,Adamaoua,Rural
0,0.0,0.0,34,Aucun,Mariee,Non,Jamais,Jamais,Jamais,0.0,44.0,10.0,Primaire,Non,Adamaoua,Rural
0,0.0,0.0,26,Aucun,Mariee,Non,Jamais,Moins_1x_sem,Moins_1x_sem,0.6666666666666666,32.0,6.0,Aucun,Non,Adamaoua,Rural
0,0.0,0.0,43,Aucun,Veuve,Non,Jamais,Jamais,Jamais,0.0,38.0,8.0,Superieur,Non,Adamaoua,Rural
0,0.0,0.0,31,Aucun,Mariee,Oui,Jamais,Jamais,Jamais,0.0,46.0,15.0,Secondaire,Non,Adamaoua,Rural
0,0.0,0.0,18,Aucun,Mariee,Non,Jamais,Jamais,Jamais,0.0,28.0,10.0,Primaire,Non,Littoral,Rural
0,0.0,0.0,44,Aucun,Mariee,Oui,Jamais,Jamais,Jamais,0.0,58.0,14.0,Aucun,Non,Littoral,Rural
0,0.0,0.0,38,Primaire,Mariee,Non,Jamais,Jamais,Jamais,0.0,55.0,17.0,Superieur,Non,Littoral,Rural
0,0.0,0.0,16,Primaire,Mariee,Non,Jamais,Jamais,Jamais,0.0,22.0,6.0,Primaire,Non,Littoral,Rural
1,1.0,0.0,23,Aucun,Mariee,Non,Jamais,Jamais,Jamais,0.0,37.0,14.0,Primaire,Oui,Littoral,Rural
0,0.0,0.0,34,Aucun,Mariee,Non,Jamais,Jamais,Jamais,0.0,39.0,5.0,Primaire,Non,Littoral,Rural
1,1.0,1.0,19,Primaire,Mariee,Non,Jamais,Jamais,Jamais,0.0,30.0,11.0,Primaire,Non,Littoral,Rural
1,1.0,0.0,49,Aucun,Divorcee,Non,Jamais,Jamais,Jamais,0.0,38.0,8.0,Superieur,Non,Littoral,Rural
1,1.0,0.0,37,Aucun,Mariee,Non,Jamais,Jamais,Jamais,0.0,38.0,1.0,Primaire,Oui,Littoral,Rural
0,0.0,0.0,31,Primaire,Mariee,Non,Jamais,Jamais,Jamais,0.0,37.0,6.0,Primaire,Non,Littoral,Rural
1,1.0,0.0,26,Primaire,Mariee,Non,Jamais,Jamais,Jamais,0.0,38.0,12.0,Superieur,Non,Littoral,Rural
1,1.0,0.0,46,Aucun,Veuve,Non,Jamais,Jamais,Jamais,0.0,38.0,8.0,Superieur,Non,Littoral,Rural
0,0.0,0.0,30,Aucun,Mariee,Non,Jamais,Jamais,Jamais,0.0,60.0,30.0,Primaire,Non,Littoral,Rural
0,0.0,0.0,38,Aucun,Mariee,Non,Jamais,Jamais,Jamais,0.0,47.0,9.0,Aucun,Non,Littoral,Rural
0,0.0,0.0,40,Aucun,Mariee,Non,Jamais,Jamais,Jamais,0.0,52.0,12.0,Aucun,Non,Adamaoua,Rural
0,0.0,0.0,25,Primaire,Mariee,Non,Jamais,Jamais,Jamais,0.0,30.0,5.0,Primaire,Non,Adamaoua,Rural
0,0.0,0.0,25,Primaire,Mariee,Non,Jamais,Jamais,Jamais,0.0,30.0,5.0,Primaire,Non,Adamaoua,Rural
0,0.0,0.0,30,Aucun,Mariee,Non,Jamais,Jamais,Jamais,0.0,36.0,6.0,Aucun,Non,Adamaoua,Rural
0,0.0,0.0,41,Secondaire,Veuve,Non,Jamais,Moins_1x_sem,Jamais,0.3333333333333333,38.0,8.0,Superieur,Non,Adamaoua,Rural
0,0.0,0.0,28,Primaire,Mariee,Non,Jamais,Moins_1x_sem,Moins_1x_sem,0.6666666666666666,37.0,9.0,Secondaire,Oui,Adamaoua,Rural
1,1.0,0.0,37,Primaire,Mariee,Oui,Jamais,Moins_1x_sem,Jamais,0.3333333333333333,48.0,11.0,Primaire,Oui,Adamaoua,Rural
0,0.0,0.0,41,Primaire,Veuve,Non,Jamais,Jamais,Jamais,0.0,38.0,8.0,Superieur,Non,Adamaoua,Rural
0,0.0,0.0,17,Aucun,Mariee,Non,Jamais,Moins_1x_sem,Jamais,0.3333333333333333,30.0,13.0,Aucun,Non,Adamaoua,Rural
0,0.0,0.0,39,Aucun,Mariee,Non,Jamais,Au_moins_1x_sem,Jamais,0.6666666666666666,42.0,3.0,Primaire,Non,Adamaoua,Rural
0,0.0,0.0,27,Aucun,Mariee,Non,Jamais,Jamais,Jamais,0.0,42.0,15.0,Primaire,Non,Adamaoua,Rural
0,0.0,0.0,32,Primaire,Mariee,Non,Jamais,Jamais,Au_moins_1x_sem,0.6666666666666666,72.0,40.0,Secondaire,Non,Ouest,Rural
0,0.0,0.0,27,Secondaire,Mariee,Oui,Jamais,Jamais,Jamais,0.0,38.0,11.0,Superieur,Oui,Ouest,Rural
0,0.0,0.0,40,Primaire,Mariee,Non,Jamais,Jamais,Moins_1x_sem,0.3333333333333333,38.0,-2.0,Superieur,Non,Ouest,Rural
0,0.0,0.0,19,Secondaire,Separee,Non,Jamais,Jamais,Jamais,0.0,38.0,8.0,Superieur,Non,Ouest,Rural
0,0.0,0.0,39,Primaire,Mariee,Non,Jamais,Jamais,Jamais,0.0,45.0,6.0,Secondaire,Non,Ouest,Rural
1,1.0,0.0,23,Secondaire,Mariee,Non,Jamais,Au_moins_1x_sem,Jamais,0.6666666666666666,30.0,7.0,Superieur,Oui,Ouest,Rural
1,1.0,0.0,33,Primaire,Mariee,Oui,Jamais,Jamais,Jamais,0.0,34.0,1.0,Primaire,Non,Ouest,Rural
0,0.0,0.0,22,Secondaire,Mariee,Non,Jamais,Jamais,Jamais,0.0,26.0,4.0,Superieur,Non,Ouest,Rural
0,0.0,0.0,22,Secondaire,Mariee,Non,Jamais,Moins_1x_sem,Moins_1x_sem,0.6666666666666666,27.0,5.0,Superieur,Oui,Ouest,Rural
1,1.0,1.0,26,Primaire,Mariee,Non,Jamais,Moins_1x_sem,Jamais,0.3333333333333333,34.0,8.0,Primaire,Oui,Ouest,Rural
0,0.0,0.0,39,Primaire,Mariee,Non,Jamais,Moins_1x_sem,Moins_1x_sem,0.6666666666666666,64.0,25.0,Secondaire,Oui,Ouest,Rural
0,0.0,0.0,18,Secondaire,Mariee,Non,Jamais,Jamais,Moins_1x_sem,0.3333333333333333,25.0,7.0,Superieur,Oui,Ouest,Rural
0,0.0,0.0,29,Primaire,Mariee,Non,Jamais,Au_moins_1x_sem,Moins_1x_sem,1.0,32.0,3.0,Secondaire,Oui,Ouest,Rural
0,0.0,0.0,44,Primaire,Mariee,Non,Jamais,Jamais,Moins_1x_sem,0.3333333333333333,50.0,6.0,Secondaire,Oui,Ouest,Rural
0,0.0,0.0,22,Secondaire,Mariee,Non,Moins_1x_sem,Moins_1x_sem,Au_moins_1x_sem,1.3333333333333333,28.0,6.0,Secondaire,Non,Ouest,Rural
0,0.0,0.0,26,Primaire,Mariee,Non,Jamais,Jamais,Au_moins_1x_sem,0.6666666666666666,30.0,4.0,Secondaire,Oui,Ouest,Rural
0,0.0,0.0,33,Primaire,Mariee,Non,Moins_1x_sem,Jamais,Au_moins_1x_sem,1.0,42.0,9.0,Secondaire,Oui,Ouest,Rural
1,0.0,1.0,27,Primaire,Mariee,Non,Jamais,Au_moins_1x_sem,Au_moins_1x_sem,1.3333333333333333,39.0,12.0,Secondaire,Oui,Ouest,Rural
0,0.0,0.0,32,Primaire,Veuve,Non,Jamais,Jamais,Jamais,0.0,38.0,8.0,Superieur,Non,Centre,Rural
1,1.0,0.0,28,Primaire,Union_libre,Non,Jamais,Jamais,Jamais,0.0,49.0,21.0,Superieur,Oui,Centre,Rural
1,1.0,0.0,18,Secondaire,Union_libre,Non,Jamais,Jamais,Jamais,0.0,24.0,6.0,Superieur,Oui,Centre,Rural
1,1.0,0.0,17,Secondaire,Union_libre,Non,Moins_1x_sem,Jamais,Jamais,0.3333333333333333,21.0,4.0,Superieur,Oui,Centre,Rural
0,0.0,0.0,36,Primaire,Mariee,Non,Jamais,Jamais,Jamais,0.0,38.0,2.0,Secondaire,Oui,Centre,Rural
1,1.0,1.0,32,Secondaire,Union_libre,Non,Jamais,Jamais,Jamais,0.0,27.0,-5.0,Primaire,Oui,Centre,Rural
1,1.0,1.0,23,Primaire,Union_libre,Non,Jamais,Jamais,Jamais,0.0,24.0,1.0,Superieur,Oui,Centre,Rural
1,1.0,0.0,19,Secondaire,Union_libre,Non,Jamais,Jamais,Jamais,0.0,26.0,7.0,Secondaire,Non,Centre,Rural
0,0.0,0.0,41,Primaire,Union_libre,Non,Jamais,Jamais,Jamais,0.0,62.0,21.0,Secondaire,Non,Centre,Rural
0,0.0,0.0,25,Secondaire,Veuve,Non,Jamais,Jamais,Jamais,0.0,38.0,8.0,Superieur,Oui,Centre,Rural
0,0.0,0.0,20,Secondaire,Union_libre,Non,Moins_1x_sem,Moins_1x_sem,Jamais,0.6666666666666666,32.0,12.0,Superieur,Oui,Centre,Rural
1,1.0,0.0,31,Primaire,Separee,Non,Jamais,Jamais,Jamais,0.0,38.0,8.0,Superieur,Non,Centre,Rural
1,1.0,1.0,19,Secondaire,Separee,Non,Jamais,Jamais,Jamais,0.0,38.0,8.0,Superieur,Oui,Centre,Rural
0,0.0,0.0,38,Primaire,Union_libre,Non,Jamais,Jamais,Jamais,0.0,49.0,11.0,Superieur,Oui,Centre,Rural
1,1.0,1.0,32,Primaire,Separee,Non,Jamais,Moins_1x_sem,Jamais,0.3333333333333333,38.0,8.0,Superieur,Oui,Centre,Rural
0,0.0,0.0,31,Secondaire,Union_libre,Oui,Jamais,Au_moins_1x_sem,Jamais,0.6666666666666666,42.0,11.0,Superieur,Non,Centre,Rural
1,1.0,1.0,21,Secondaire,Union_libre,Non,Jamais,Jamais,Jamais,0.0,29.0,8.0,Superieur,Non,Centre,Rural
0,0.0,0.0,26,Secondaire,Union_libre,Oui,Jamais,Jamais,Jamais,0.0,31.0,5.0,Secondaire,Non,Centre,Rural
0,0.0,0.0,30,Secondaire,Mariee,Non,Jamais,Jamais,Jamais,0.0,40.0,10.0,Superieur,Non,Centre,Rural
0,0.0,0.0,38,Primaire,Union_libre,Oui,Jamais,Jamais,Jamais,0.0,38.0,0.0,Secondaire,Oui,Centre,Rural
1,1.0,0.0,38,Secondaire,Mariee,Non,Moins_1x_sem,Jamais,Jamais,0.3333333333333333,52.0,14.0,Superieur,Non,Centre,Rural
1,1.0,1.0,47,Primaire,Separee,Non,Jamais,Moins_1x_sem,Jamais,0.3333333333333333,38.0,8.0,Superieur,Oui,Centre,Rural
1,1.0,0.0,30,Primaire,Union_libre,Oui,Jamais,Au_moins_1x_sem,Jamais,0.6666666666666666,43.0,13.0,Primaire,Oui,Centre,Rural
0,0.0,0.0,33,Primaire,Union_libre,Non,Moins_1x_sem,Au_moins_1x_sem,Au_moins_1x_sem,1.6666666666666667,36.0,3.0,Superieur,Oui,Centre,Rural
1,1.0,0.0,32,Secondaire,Mariee,Non,Moins_1x_sem,Au_moins_1x_sem,Jamais,1.0,46.0,14.0,Superieur,Non,Centre,Rural
1,1.0,0.0,24,Secondaire,Union_libre,Non,Jamais,Jamais,Au_moins_1x_sem,0.6666666666666666,27.0,3.0,Superieur,Non,Centre,Rural
0,0.0,0.0,30,Secondaire,Union_libre,Non,Jamais,Jamais,Jamais,0.0,31.0,1.0,Superieur,Non,Centre,Rural
1,1.0,0.0,38,Secondaire,Mariee,Non,Jamais,Jamais,Jamais,0.0,53.0,15.0,Secondaire,Oui,Centre,Rural
1,1.0,0.0,26,Primaire,Divorcee,Oui,Moins_1x_sem,Moins_1x_sem,Jamais,0.6666666666666666,38.0,8.0,Superieur,Oui,Centre,Rural
0,0.0,0.0,17,Secondaire,Union_libre,Non,Jamais,Moins_1x_sem,Jamais,0.3333333333333333,32.0,15.0,Secondaire,Non,Centre,Rural
1,1.0,0.0,29,Primaire,Mariee,Non,Jamais,Jamais,Jamais,0.0,36.0,7.0,Secondaire,Non,Centre,Rural
1,1.0,0.0,31,Primaire,Union_libre,Non,Jamais,Jamais,Jamais,0.0,35.0,4.0,Secondaire,Non,Centre,Rural
0,0.0,0.0,33,Primaire,Mariee,Non,Jamais,Au_moins_1x_sem,Au_moins_1x_sem,1.3333333333333333,38.0,5.0,Secondaire,Non,Ouest,Rural
0,0.0,0.0,28,Secondaire,Mariee,Non,Moins_1x_sem,Moins_1x_sem,Au_moins_1x_sem,1.3333333333333333,32.0,4.0,Secondaire,Oui,Ouest,Rural
0,0.0,0.0,37,Primaire,Separee,Non,Au_moins_1x_sem,Moins_1x_sem,Moins_1x_sem,1.3333333333333333,38.0,8.0,Superieur,Oui,Ouest,Rural
0,0.0,0.0,31,Primaire,Mariee,Non,Jamais,Jamais,Jamais,0.0,39.0,8.0,Secondaire,Non,Ouest,Rural
1,1.0,1.0,28,Secondaire,Separee,Non,Jamais,Jamais,Jamais,0.0,38.0,8.0,Superieur,Non,Ouest,Rural
0,0.0,0.0,28,Secondaire,Mariee,Oui,Jamais,Jamais,Jamais,0.0,42.0,14.0,Superieur,Oui,Ouest,Rural
0,0.0,0.0,18,Secondaire,Mariee,Non,Jamais,Jamais,Jamais,0.0,20.0,2.0,Secondaire,Oui,Ouest,Rural
0,0.0,0.0,47,Secondaire,Mariee,Non,Jamais,Au_moins_1x_sem,Au_moins_1x_sem,1.3333333333333333,50.0,3.0,Secondaire,Non,Ouest,Rural
0,0.0,0.0,34,Primaire,Mariee,Non,Jamais,Jamais,Jamais,0.0,45.0,11.0,Secondaire,Oui,Ouest,Rural
0,0.0,0.0,46,Aucun,Mariee,Non,Jamais,Jamais,Jamais,0.0,68.0,22.0,Aucun,Non,Ouest,Rural
0,0.0,0.0,45,Secondaire,Separee,Non,Jamais,Jamais,Jamais,0.0,38.0,8.0,Superieur,Oui,Ouest,Rural
0,0.0,0.0,48,Primaire,Veuve,Non,Jamais,Jamais,Au_moins_1x_sem,0.6666666666666666,38.0,8.0,Superieur,Oui,Ouest,Rural
0,0.0,0.0,47,Secondaire,Mariee,Non,Jamais,Moins_1x_sem,Moins_1x_sem,0.6666666666666666,50.0,3.0,Secondaire,Oui,Ouest,Rural
1,1.0,1.0,28,Primaire,Separee,Non,Jamais,Jamais,Au_moins_1x_sem,0.6666666666666666,38.0,8.0,Superieur,Oui,Ouest,Rural
0,0.0,0.0,44,Primaire,Mariee,Non,Jamais,Jamais,Jamais,0.0,50.0,6.0,Secondaire,Non,Ouest,Rural
0,0.0,0.0,42,Primaire,Separee,Non,Jamais,Au_moins_1x_sem,Jamais,0.6666666666666666,38.0,8.0,Superieur,Oui,Ouest,Rural
0,0.0,0.0,40,Aucun,Divorcee,Non,Jamais,Jamais,Jamais,0.0,38.0,8.0,Superieur,Non,Littoral,Urbain
0,0.0,0.0,30,Aucun,Mariee,Non,Jamais,Jamais,Jamais,0.0,41.0,11.0,Aucun,Non,Littoral,Urbain
0,0.0,0.0,34,Primaire,Mariee,Non,Jamais,Moins_1x_sem,Jamais,0.3333333333333333,37.0,3.0,Superieur,Non,Littoral,Urbain
0,0.0,0.0,21,Primaire,Mariee,Oui,Jamais,Jamais,Au_moins_1x_sem,0.6666666666666666,30.0,9.0,Aucun,Non,Littoral,Urbain
0,0.0,0.0,28,Aucun,Mariee,Oui,Jamais,Jamais,Jamais,0.0,33.0,5.0,Primaire,Non,Littoral,Urbain
0,0.0,0.0,18,Primaire,Mariee,Oui,Jamais,Au_moins_1x_sem,Au_moins_1x_sem,1.3333333333333333,24.0,6.0,Aucun,Non,Littoral,Urbain
0,0.0,0.0,27,Primaire,Mariee,Oui,Moins_1x_sem,Au_moins_1x_sem,Au_moins_1x_sem,1.6666666666666667,40.0,13.0,Aucun,Non,Littoral,Urbain
0,0.0,0.0,42,Aucun,Mariee,Non,Jamais,Au_moins_1x_sem,Jamais,0.6666666666666666,48.0,6.0,Aucun,Non,Littoral,Urbain
0,0.0,0.0,23,Primaire,Mariee,Non,Moins_1x_sem,Au_moins_1x_sem,Moins_1x_sem,1.3333333333333333,54.0,31.0,Aucun,Non,Littoral,Urbain
0,0.0,0.0,27,Secondaire,Mariee,Non,Jamais,Jamais,Jamais,0.0,36.0,9.0,Primaire,Non,Adamaoua,Rural
0,0.0,0.0,28,Primaire,Veuve,Non,Jamais,Jamais,Jamais,0.0,38.0,8.0,Superieur,Oui,Adamaoua,Rural
0,0.0,0.0,20,Primaire,Mariee,Non,Jamais,Jamais,Jamais,0.0,30.0,10.0,Secondaire,Oui,Adamaoua,Rural
0,0.0,0.0,30,Aucun,Mariee,Non,Jamais,Jamais,Jamais,0.0,40.0,10.0,Aucun,Non,Adamaoua,Rural
0,0.0,0.0,29,Secondaire,Mariee,Oui,Jamais,Au_moins_1x_sem,Au_moins_1x_sem,1.3333333333333333,30.0,1.0,Superieur,Non,Adamaoua,Rural
0,0.0,0.0,22,Secondaire,Mariee,Non,Jamais,Jamais,Jamais,0.0,30.0,8.0,Aucun,Non,Adamaoua,Rural
0,0.0,0.0,35,Primaire,Veuve,Non,Jamais,Jamais,Jamais,0.0,38.0,8.0,Superieur,Non,Adamaoua,Rural
0,0.0,0.0,21,Primaire,Mariee,Non,Jamais,Jamais,Jamais,0.0,25.0,4.0,Aucun,Non,Adamaoua,Rural
0,0.0,0.0,34,Primaire,Divorcee,Non,Jamais,Jamais,Jamais,0.0,38.0,8.0,Superieur,Non,Adamaoua,Rural
0,0.0,0.0,20,Primaire,Mariee,Non,Jamais,Jamais,Jamais,0.0,45.0,25.0,Aucun,Non,Adamaoua,Rural
0,0.0,0.0,32,Aucun,Mariee,Non,Jamais,Jamais,Au_moins_1x_sem,0.6666666666666666,30.0,-2.0,Aucun,Non,Adamaoua,Rural
0,0.0,0.0,34,Primaire,Mariee,Non,Jamais,Jamais,Jamais,0.0,41.0,7.0,Superieur,Oui,Adamaoua,Rural
1,1.0,0.0,30,Primaire,Mariee,Non,Jamais,Jamais,Jamais,0.0,39.0,9.0,Primaire,Oui,Adamaoua,Rural
1,1.0,0.0,43,Primaire,Mariee,Non,Jamais,Jamais,Jamais,0.0,45.0,2.0,Aucun,Non,Adamaoua,Rural
1,1.0,0.0,43,Primaire,Divorcee,Non,Jamais,Jamais,Jamais,0.0,38.0,8.0,Superieur,Non,Adamaoua,Rural
0,0.0,0.0,32,Primaire,Mariee,Non,Jamais,Jamais,Jamais,0.0,55.0,23.0,Superieur,Non,Adamaoua,Rural
0,0.0,0.0,38,Aucun,Mariee,Non,Jamais,Jamais,Jamais,0.0,42.0,4.0,Superieur,Non,Nord_Ouest,Rural
0,0.0,0.0,16,Aucun,Mariee,Non,Jamais,Jamais,Jamais,0.0,25.0,9.0,Primaire,Non,Nord_Ouest,Rural
0,0.0,0.0,25,Aucun,Mariee,Non,Jamais,Jamais,Jamais,0.0,50.0,25.0,Aucun,Non,Nord_Ouest,Rural
0,0.0,0.0,25,Primaire,Mariee,Non,Jamais,Jamais,Jamais,0.0,50.0,25.0,Aucun,Non,Nord_Ouest,Rural
0,0.0,0.0,24,Aucun,Separee,Non,Jamais,Jamais,Jamais,0.0,38.0,8.0,Superieur,Non,Nord_Ouest,Rural
0,0.0,0.0,49,Aucun,Mariee,Non,Jamais,Jamais,Jamais,0.0,70.0,21.0,Aucun,Non,Nord_Ouest,Rural
0,0.0,0.0,22,Aucun,Mariee,Non,Jamais,Jamais,Jamais,0.0,29.0,7.0,Primaire,Non,Nord_Ouest,Rural
0,0.0,0.0,18,Aucun,Mariee,Non,Jamais,Jamais,Jamais,0.0,42.0,24.0,Aucun,Non,Nord_Ouest,Rural
0,0.0,0.0,25,Aucun,Mariee,Non,Jamais,Jamais,Jamais,0.0,70.0,45.0,Aucun,Non,Nord_Ouest,Rural
1,1.0,0.0,41,Aucun,Mariee,Non,Jamais,Jamais,Jamais,0.0,56.0,15.0,Aucun,Oui,Nord_Ouest,Rural
0,0.0,0.0,35,Aucun,Mariee,Non,Jamais,Jamais,Jamais,0.0,45.0,10.0,Aucun,Non,Nord_Ouest,Rural
1,1.0,0.0,25,Aucun,Mariee,Non,Jamais,Jamais,Jamais,0.0,40.0,15.0,Aucun,Oui,Nord_Ouest,Rural
0,0.0,0.0,29,Aucun,Mariee,Non,Jamais,Jamais,Moins_1x_sem,0.3333333333333333,42.0,13.0,Aucun,Non,Nord_Ouest,Rural
1,1.0,0.0,25,Aucun,Mariee,Non,Jamais,Jamais,Jamais,0.0,44.0,19.0,Primaire,Oui,Nord_Ouest,Rural
0,0.0,0.0,37,Aucun,Mariee,Non,Jamais,Jamais,Jamais,0.0,46.0,9.0,Aucun,Oui,Nord_Ouest,Rural
0,0.0,0.0,45,Aucun,Mariee,Non,Jamais,Jamais,Jamais,0.0,65.0,20.0,Aucun,Non,Nord_Ouest,Rural
0,0.0,0.0,23,Aucun,Mariee,Non,Jamais,Jamais,Jamais,0.0,30.0,7.0,Secondaire,Non,Nord_Ouest,Rural
0,0.0,0.0,22,Primaire,Mariee,Non,Jamais,Jamais,Jamais,0.0,42.0,20.0,Aucun,Non,Nord_Ouest,Rural
1,1.0,0.0,26,Secondaire,Union_libre,Oui,Moins_1x_sem,Jamais,Au_moins_1x_sem,1.0,26.0,0.0,Secondaire,Oui,Sud,Rural
0,0.0,0.0,32,Secondaire,Union_libre,Non,Jamais,Au_moins_1x_sem,Au_moins_1x_sem,1.3333333333333333,40.0,8.0,Superieur,Oui,Sud,Rural
1,1.0,0.0,37,Secondaire,Separee,Non,Jamais,Jamais,Au_moins_1x_sem,0.6666666666666666,38.0,8.0,Superieur,Oui,Sud,Rural
1,1.0,1.0,30,Secondaire,Union_libre,Non,Moins_1x_sem,Moins_1x_sem,Au_moins_1x_sem,1.3333333333333333,41.0,11.0,Superieur,Non,Sud,Rural
0,0.0,0.0,20,Secondaire,Mariee,Non,Jamais,Jamais,Jamais,0.0,25.0,5.0,Aucun,Non,Littoral,Rural
0,0.0,0.0,39,Aucun,Mariee,Non,Jamais,Jamais,Jamais,0.0,56.0,17.0,Aucun,Oui,Littoral,Rural
0,0.0,0.0,32,Primaire,Mariee,Non,Jamais,Moins_1x_sem,Moins_1x_sem,0.6666666666666666,60.0,28.0,Secondaire,Non,Littoral,Rural
0,0.0,0.0,42,Primaire,Mariee,Non,Jamais,Jamais,Jamais,0.0,80.0,38.0,Aucun,Non,Littoral,Rural
0,0.0,0.0,40,Aucun,Mariee,Non,Jamais,Jamais,Jamais,0.0,50.0,10.0,Aucun,Non,Littoral,Rural
1,1.0,0.0,29,Aucun,Mariee,Non,Jamais,Jamais,Jamais,0.0,59.0,30.0,Aucun,Oui,Littoral,Rural
1,1.0,0.0,42,Aucun,Mariee,Non,Jamais,Jamais,Jamais,0.0,68.0,26.0,Aucun,Non,Littoral,Rural
0,0.0,0.0,41,Primaire,Mariee,Non,Jamais,Jamais,Jamais,0.0,50.0,9.0,Aucun,Oui,Littoral,Rural
0,0.0,0.0,30,Aucun,Mariee,Non,Jamais,Jamais,Jamais,0.0,42.0,12.0,Aucun,Non,Littoral,Rural
0,0.0,0.0,30,Primaire,Mariee,Non,Jamais,Jamais,Jamais,0.0,35.0,5.0,Aucun,Non,Littoral,Rural
0,0.0,0.0,41,Aucun,Mariee,Non,Jamais,Jamais,Jamais,0.0,60.0,19.0,Aucun,Oui,Littoral,Rural
1,1.0,0.0,31,Aucun,Veuve,Non,Jamais,Moins_1x_sem,Au_moins_1x_sem,1.0,38.0,8.0,Superieur,Non,Nord_Ouest,Urbain
1,1.0,0.0,43,Aucun,Mariee,Non,Jamais,Au_moins_1x_sem,Jamais,0.6666666666666666,56.0,13.0,Aucun,Non,Nord_Ouest,Urbain
0,0.0,0.0,35,Secondaire,Mariee,Non,Jamais,Au_moins_1x_sem,Au_moins_1x_sem,1.3333333333333333,45.0,10.0,Aucun,Non,Nord_Ouest,Urbain
1,1.0,0.0,27,Primaire,Mariee,Non,Jamais,Jamais,Au_moins_1x_sem,0.6666666666666666,35.0,8.0,Aucun,Non,Nord_Ouest,Urbain
0,0.0,0.0,22,Secondaire,Mariee,Oui,Jamais,Au_moins_1x_sem,Moins_1x_sem,1.0,30.0,8.0,Superieur,Non,Nord_Ouest,Urbain
0,0.0,0.0,16,Secondaire,Mariee,Non,Jamais,Au_moins_1x_sem,Jamais,0.6666666666666666,32.0,16.0,Superieur,Non,Nord_Ouest,Urbain
1,1.0,0.0,42,Aucun,Mariee,Non,Jamais,Jamais,Jamais,0.0,55.0,13.0,Primaire,Non,Nord_Ouest,Urbain
0,0.0,0.0,38,Superieur,Mariee,Non,Jamais,Jamais,Au_moins_1x_sem,0.6666666666666666,46.0,8.0,Superieur,Non,Nord_Ouest,Urbain
1,1.0,0.0,27,Secondaire,Mariee,Non,Jamais,Au_moins_1x_sem,Au_moins_1x_sem,1.3333333333333333,38.0,11.0,Superieur,Non,Nord_Ouest,Urbain
0,0.0,0.0,19,Secondaire,Mariee,Oui,Moins_1x_sem,Moins_1x_sem,Moins_1x_sem,1.0,37.0,18.0,Superieur,Non,Nord_Ouest,Urbain
1,1.0,1.0,36,Primaire,Mariee,Non,Jamais,Moins_1x_sem,Jamais,0.3333333333333333,45.0,9.0,Aucun,Oui,Nord_Ouest,Urbain
0,0.0,0.0,17,Secondaire,Mariee,Non,Jamais,Jamais,Au_moins_1x_sem,0.6666666666666666,34.0,17.0,Primaire,Non,Nord_Ouest,Urbain
0,0.0,0.0,29,Primaire,Mariee,Non,Jamais,Jamais,Au_moins_1x_sem,0.6666666666666666,35.0,6.0,Secondaire,Non,Est,Urbain
1,1.0,0.0,36,Secondaire,Mariee,Oui,Au_moins_1x_sem,Au_moins_1x_sem,Au_moins_1x_sem,2.0,38.0,2.0,Superieur,Oui,Est,Urbain
1,1.0,0.0,22,Secondaire,Mariee,Non,Jamais,Jamais,Au_moins_1x_sem,0.6666666666666666,28.0,6.0,Superieur,Non,Est,Urbain
1,1.0,1.0,35,Primaire,Mariee,Non,Jamais,Jamais,Au_moins_1x_sem,0.6666666666666666,53.0,18.0,Superieur,Oui,Est,Urbain
0,0.0,0.0,32,Primaire,Mariee,Non,Jamais,Moins_1x_sem,Au_moins_1x_sem,1.0,44.0,12.0,Secondaire,Oui,Est,Urbain
0,0.0,0.0,20,Primaire,Mariee,Non,Jamais,Moins_1x_sem,Au_moins_1x_sem,1.0,38.0,18.0,Secondaire,Non,Est,Urbain
1,1.0,0.0,36,Secondaire,Separee,Non,Jamais,Jamais,Au_moins_1x_sem,0.6666666666666666,38.0,8.0,Superieur,Oui,Littoral,Urbain
0,0.0,0.0,36,Superieur,Mariee,Non,Moins_1x_sem,Au_moins_1x_sem,Au_moins_1x_sem,1.6666666666666667,41.0,5.0,Superieur,Oui,Littoral,Urbain
0,0.0,0.0,25,Secondaire,Union_libre,Non,Moins_1x_sem,Au_moins_1x_sem,Au_moins_1x_sem,1.6666666666666667,31.0,6.0,Superieur,Non,Littoral,Urbain
0,0.0,0.0,28,Superieur,Union_libre,Oui,Au_moins_1x_sem,Au_moins_1x_sem,Au_moins_1x_sem,2.0,32.0,4.0,Superieur,Non,Littoral,Urbain
0,0.0,0.0,35,Superieur,Mariee,Non,Au_moins_1x_sem,Au_moins_1x_sem,Au_moins_1x_sem,2.0,43.0,8.0,Superieur,Non,Littoral,Urbain
1,1.0,0.0,46,Secondaire,Mariee,Non,Au_moins_1x_sem,Au_moins_1x_sem,Au_moins_1x_sem,2.0,56.0,10.0,Superieur,Oui,Littoral,Urbain
0,0.0,0.0,42,Secondaire,Mariee,Oui,Jamais,Au_moins_1x_sem,Au_moins_1x_sem,1.3333333333333333,50.0,8.0,Secondaire,Oui,Littoral,Urbain
1,1.0,0.0,39,Secondaire,Union_libre,Non,Jamais,Au_moins_1x_sem,Au_moins_1x_sem,1.3333333333333333,45.0,6.0,Superieur,Non,Littoral,Urbain
0,0.0,0.0,25,Secondaire,Union_libre,Oui,Jamais,Jamais,Au_moins_1x_sem,0.6666666666666666,41.0,16.0,Superieur,Non,Littoral,Urbain
1,1.0,1.0,25,Secondaire,Separee,Non,Moins_1x_sem,Jamais,Jamais,0.3333333333333333,38.0,8.0,Superieur,Oui,Littoral,Urbain
0,0.0,0.0,29,Secondaire,Union_libre,Non,Moins_1x_sem,Au_moins_1x_sem,Au_moins_1x_sem,1.6666666666666667,33.0,4.0,Superieur,Oui,Littoral,Urbain
0,0.0,0.0,25,Secondaire,Union_libre,Non,Au_moins_1x_sem,Au_moins_1x_sem,Au_moins_1x_sem,2.0,35.0,10.0,Superieur,Oui,Littoral,Urbain
0,0.0,0.0,31,Secondaire,Mariee,Non,Jamais,Jamais,Au_moins_1x_sem,0.6666666666666666,22.0,-9.0,Superieur,Non,Littoral,Urbain
0,0.0,0.0,36,Secondaire,Mariee,Non,Jamais,Jamais,Au_moins_1x_sem,0.6666666666666666,43.0,7.0,Superieur,Oui,Littoral,Urbain
1,1.0,1.0,22,Secondaire,Union_libre,Oui,Jamais,Jamais,Jamais,0.0,27.0,5.0,Superieur,Oui,Littoral,Urbain
1,1.0,1.0,29,Secondaire,Union_libre,Non,Jamais,Jamais,Au_moins_1x_sem,0.6666666666666666,34.0,5.0,Superieur,Oui,Littoral,Urbain
0,0.0,0.0,30,Secondaire,Mariee,Non,Jamais,Jamais,Au_moins_1x_sem,0.6666666666666666,41.0,11.0,Superieur,Non,Littoral,Urbain
0,0.0,0.0,39,Superieur,Mariee,Non,Au_moins_1x_sem,Au_moins_1x_sem,Au_moins_1x_sem,2.0,53.0,14.0,Superieur,Oui,Littoral,Urbain
0,0.0,0.0,30,Secondaire,Separee,Non,Au_moins_1x_sem,Moins_1x_sem,Au_moins_1x_sem,1.6666666666666667,38.0,8.0,Superieur,Oui,Littoral,Urbain
0,0.0,0.0,24,Primaire,Mariee,Non,Jamais,Jamais,Au_moins_1x_sem,0.6666666666666666,39.0,15.0,Aucun,Non,Littoral,Urbain
0,0.0,0.0,22,Secondaire,Mariee,Non,Jamais,Jamais,Au_moins_1x_sem,0.6666666666666666,34.0,12.0,Superieur,Oui,Littoral,Urbain
0,0.0,0.0,32,Secondaire,Mariee,Non,Jamais,Jamais,Au_moins_1x_sem,0.6666666666666666,38.0,6.0,Superieur,Non,Est,Urbain
1,1.0,0.0,38,Secondaire,Union_libre,Non,Jamais,Moins_1x_sem,Au_moins_1x_sem,1.0,43.0,5.0,Superieur,Oui,Est,Urbain
1,1.0,0.0,27,Secondaire,Separee,Non,Jamais,Moins_1x_sem,Au_moins_1x_sem,1.0,38.0,8.0,Superieur,Non,Est,Urbain
0,0.0,0.0,29,Primaire,Separee,Non,Jamais,Jamais,Jamais,0.0,38.0,8.0,Superieur,Oui,Est,Urbain
0,0.0,0.0,39,Secondaire,Mariee,Non,Jamais,Moins_1x_sem,Au_moins_1x_sem,1.0,42.0,3.0,Superieur,Oui,Est,Urbain
1,1.0,0.0,31,Secondaire,Mariee,Non,Moins_1x_sem,Jamais,Au_moins_1x_sem,1.0,43.0,12.0,Superieur,Oui,Est,Urbain
0,0.0,0.0,24,Superieur,Mariee,Oui,Moins_1x_sem,Jamais,Au_moins_1x_sem,1.0,29.0,5.0,Superieur,Oui,Est,Urbain
0,0.0,0.0,26,Superieur,Mariee,Non,Au_moins_1x_sem,Au_moins_1x_sem,Au_moins_1x_sem,2.0,38.0,12.0,Superieur,Non,Est,Urbain
0,0.0,0.0,34,Primaire,Mariee,Non,Jamais,Jamais,Au_moins_1x_sem,0.6666666666666666,49.0,15.0,Superieur,Oui,Est,Urbain
0,0.0,0.0,49,Secondaire,Mariee,Non,Jamais,Moins_1x_sem,Au_moins_1x_sem,1.0,52.0,3.0,Secondaire,Oui,Est,Urbain
0,0.0,0.0,42,Aucun,Mariee,Non,Jamais,Jamais,Jamais,0.0,53.0,11.0,Aucun,Non,Est,Urbain
0,0.0,0.0,27,Secondaire,Mariee,Non,Moins_1x_sem,Jamais,Au_moins_1x_sem,1.0,32.0,5.0,Superieur,Oui,Est,Urbain
0,0.0,0.0,28,Secondaire,Veuve,Non,Moins_1x_sem,Au_moins_1x_sem,Au_moins_1x_sem,1.6666666666666667,38.0,8.0,Superieur,Oui,Est,Urbain
0,0.0,0.0,40,Secondaire,Mariee,Non,Jamais,Moins_1x_sem,Au_moins_1x_sem,1.0,59.0,19.0,Superieur,Oui,Est,Urbain
1,1.0,0.0,20,Secondaire,Union_libre,Oui,Moins_1x_sem,Au_moins_1x_sem,Jamais,1.0,26.0,6.0,Primaire,Oui,Centre,Rural
1,1.0,1.0,37,Primaire,Mariee,Non,Jamais,Jamais,Jamais,0.0,51.0,14.0,Superieur,Oui,Centre,Rural
1,1.0,0.0,38,Primaire,Mariee,Non,Moins_1x_sem,Moins_1x_sem,Jamais,0.6666666666666666,45.0,7.0,Superieur,Oui,Centre,Rural
1,1.0,0.0,34,Primaire,Mariee,Non,Jamais,Jamais,Jamais,0.0,38.0,4.0,Superieur,Oui,Centre,Rural
0,0.0,0.0,24,Primaire,Union_libre,Non,Jamais,Au_moins_1x_sem,Au_moins_1x_sem,1.3333333333333333,34.0,10.0,Secondaire,Non,Centre,Rural
1,1.0,1.0,46,Primaire,Union_libre,Non,Jamais,Moins_1x_sem,Au_moins_1x_sem,1.0,47.0,1.0,Primaire,Oui,Centre,Rural
1,1.0,0.0,49,Primaire,Mariee,Non,Jamais,Au_moins_1x_sem,Jamais,0.6666666666666666,58.0,9.0,Secondaire,Oui,Centre,Rural
0,0.0,0.0,30,Primaire,Union_libre,Non,Jamais,Jamais,Jamais,0.0,35.0,5.0,Secondaire,Non,Centre,Rural
0,0.0,0.0,29,Primaire,Union_libre,Non,Moins_1x_sem,Moins_1x_sem,Moins_1x_sem,1.0,33.0,4.0,Superieur,Oui,Centre,Rural
1,1.0,1.0,42,Secondaire,Union_libre,Non,Jamais,Au_moins_1x_sem,Jamais,0.6666666666666666,51.0,9.0,Secondaire,Oui,Centre,Rural
0,0.0,0.0,43,Primaire,Separee,Non,Jamais,Moins_1x_sem,Jamais,0.3333333333333333,38.0,8.0,Superieur,Oui,Centre,Rural
0,0.0,0.0,46,Primaire,Separee,Non,Jamais,Au_moins_1x_sem,Jamais,0.6666666666666666,38.0,8.0,Superieur,Non,Nord_Ouest,Urbain
0,0.0,0.0,19,Secondaire,Mariee,Oui,Jamais,Jamais,Au_moins_1x_sem,0.6666666666666666,27.0,8.0,Superieur,Non,Nord_Ouest,Urbain
0,0.0,0.0,25,Secondaire,Mariee,Non,Moins_1x_sem,Jamais,Au_moins_1x_sem,1.0,28.0,3.0,Superieur,Non,Nord_Ouest,Urbain
0,0.0,0.0,34,Aucun,Mariee,Non,Jamais,Jamais,Jamais,0.0,42.0,8.0,Superieur,Non,Nord_Ouest,Urbain
1,1.0,1.0,22,Aucun,Separee,Non,Jamais,Jamais,Au_moins_1x_sem,0.6666666666666666,38.0,8.0,Superieur,Oui,Nord_Ouest,Urbain
0,0.0,0.0,35,Primaire,Mariee,Non,Jamais,Au_moins_1x_sem,Au_moins_1x_sem,1.3333333333333333,46.0,11.0,Superieur,Non,Nord_Ouest,Urbain
1,1.0,0.0,26,Superieur,Union_libre,Non,Moins_1x_sem,Jamais,Au_moins_1x_sem,1.0,30.0,4.0,Superieur,Oui,Littoral,Urbain
0,0.0,0.0,34,Superieur,Mariee,Non,Jamais,Au_moins_1x_sem,Au_moins_1x_sem,1.3333333333333333,33.0,-1.0,Superieur,Oui,Littoral,Urbain
0,0.0,0.0,27,Superieur,Union_libre,Non,Au_moins_1x_sem,Au_moins_1x_sem,Au_moins_1x_sem,2.0,32.0,5.0,Superieur,Oui,Littoral,Urbain
0,0.0,0.0,32,Primaire,Mariee,Non,Au_moins_1x_sem,Au_moins_1x_sem,Au_moins_1x_sem,2.0,43.0,11.0,Secondaire,Non,Littoral,Urbain
0,0.0,0.0,30,Secondaire,Mariee,Non,Au_moins_1x_sem,Au_moins_1x_sem,Au_moins_1x_sem,2.0,38.0,8.0,Superieur,Non,Littoral,Urbain
0,0.0,0.0,29,Secondaire,Union_libre,Oui,Jamais,Moins_1x_sem,Au_moins_1x_sem,1.0,37.0,8.0,Superieur,Oui,Littoral,Urbain
0,0.0,0.0,41,Secondaire,Mariee,Non,Jamais,Au_moins_1x_sem,Moins_1x_sem,1.0,50.0,9.0,Superieur,Non,Littoral,Urbain
0,0.0,0.0,32,Primaire,Mariee,Oui,Moins_1x_sem,Moins_1x_sem,Au_moins_1x_sem,1.3333333333333333,36.0,4.0,Superieur,Oui,Littoral,Urbain
0,0.0,0.0,19,Secondaire,Union_libre,Oui,Jamais,Au_moins_1x_sem,Au_moins_1x_sem,1.3333333333333333,30.0,11.0,Superieur,Non,Littoral,Urbain
0,0.0,0.0,30,Aucun,Mariee,Oui,Jamais,Jamais,Jamais,0.0,40.0,10.0,Aucun,Non,Nord_Ouest,Rural
1,1.0,0.0,43,Aucun,Mariee,Non,Jamais,Jamais,Jamais,0.0,68.0,25.0,Primaire,Non,Nord_Ouest,Rural
1,1.0,0.0,46,Aucun,Mariee,Non,Jamais,Jamais,Jamais,0.0,52.0,6.0,Aucun,Non,Nord_Ouest,Rural
1,1.0,1.0,43,Aucun,Mariee,Non,Jamais,Jamais,Jamais,0.0,57.0,14.0,Aucun,Non,Nord_Ouest,Rural
0,0.0,0.0,16,Aucun,Mariee,Oui,Jamais,Jamais,Jamais,0.0,37.0,21.0,Aucun,Non,Nord_Ouest,Rural
1,1.0,0.0,17,Aucun,Mariee,Non,Jamais,Jamais,Jamais,0.0,28.0,11.0,Aucun,Non,Nord_Ouest,Rural
0,0.0,0.0,20,Aucun,Mariee,Non,Jamais,Jamais,Jamais,0.0,36.0,16.0,Primaire,Non,Nord_Ouest,Rural
1,1.0,1.0,36,Aucun,Mariee,Non,Jamais,Jamais,Jamais,0.0,56.0,20.0,Aucun,Non,Nord_Ouest,Rural
0,0.0,0.0,23,Aucun,Union_libre,Non,Jamais,Jamais,Jamais,0.0,28.0,5.0,Superieur,Oui,Nord_Ouest,Rural
0,0.0,0.0,25,Aucun,Mariee,Non,Jamais,Jamais,Jamais,0.0,32.0,7.0,Aucun,Non,Nord_Ouest,Rural
1,1.0,1.0,20,Primaire,Mariee,Non,Jamais,Jamais,Jamais,0.0,38.0,18.0,Primaire,Oui,Nord_Ouest,Rural
1,1.0,1.0,33,Secondaire,Separee,Non,Jamais,Jamais,Jamais,0.0,38.0,8.0,Superieur,Oui,Nord_Ouest,Rural
0,0.0,0.0,22,Aucun,Union_libre,Oui,Jamais,Jamais,Jamais,0.0,25.0,3.0,Aucun,Non,Nord_Ouest,Rural
1,1.0,0.0,38,Aucun,Mariee,Non,Jamais,Jamais,Jamais,0.0,45.0,7.0,Aucun,Non,Nord_Ouest,Rural
0,0.0,0.0,30,Primaire,Mariee,Non,Jamais,Moins_1x_sem,Moins_1x_sem,0.6666666666666666,40.0,10.0,Superieur,Non,Nord_Ouest,Rural
1,1.0,0.0,48,Aucun,Mariee,Non,Jamais,Jamais,Jamais,0.0,55.0,7.0,Aucun,Non,Nord_Ouest,Rural
0,0.0,0.0,22,Aucun,Mariee,Non,Jamais,Jamais,Jamais,0.0,30.0,8.0,Superieur,Non,Nord_Ouest,Rural
1,1.0,0.0,44,Aucun,Mariee,Non,Jamais,Jamais,Jamais,0.0,69.0,25.0,Aucun,Oui,Nord_Ouest,Rural
0,0.0,0.0,35,Primaire,Mariee,Non,Jamais,Jamais,Jamais,0.0,40.0,5.0,Superieur,Non,Littoral,Urbain
0,0.0,0.0,30,Primaire,Mariee,Non,Au_moins_1x_sem,Moins_1x_sem,Moins_1x_sem,1.3333333333333333,35.0,5.0,Secondaire,Non,Littoral,Urbain
1,1.0,1.0,43,Secondaire,Divorcee,Non,Au_moins_1x_sem,Jamais,Au_moins_1x_sem,1.3333333333333333,38.0,8.0,Superieur,Oui,Littoral,Urbain
0,0.0,0.0,49,Secondaire,Mariee,Non,Moins_1x_sem,Au_moins_1x_sem,Au_moins_1x_sem,1.6666666666666667,49.0,0.0,Superieur,Oui,Littoral,Urbain
0,0.0,0.0,28,Secondaire,Mariee,Non,Jamais,Au_moins_1x_sem,Au_moins_1x_sem,1.3333333333333333,28.0,0.0,Secondaire,Non,Littoral,Urbain
0,0.0,0.0,30,Secondaire,Mariee,Oui,Jamais,Jamais,Au_moins_1x_sem,0.6666666666666666,40.0,10.0,Superieur,Non,Littoral,Urbain
0,0.0,0.0,37,Primaire,Mariee,Non,Moins_1x_sem,Moins_1x_sem,Moins_1x_sem,1.0,49.0,12.0,Secondaire,Non,Littoral,Urbain
1,1.0,1.0,33,Secondaire,Mariee,Oui,Jamais,Jamais,Au_moins_1x_sem,0.6666666666666666,43.0,10.0,Superieur,Oui,Littoral,Urbain
1,1.0,0.0,45,Primaire,Mariee,Non,Jamais,Au_moins_1x_sem,Au_moins_1x_sem,1.3333333333333333,37.0,-8.0,Superieur,Oui,Littoral,Urbain
0,0.0,0.0,38,Primaire,Mariee,Non,Au_moins_1x_sem,Au_moins_1x_sem,Au_moins_1x_sem,2.0,40.0,2.0,Secondaire,Oui,Littoral,Urbain
0,0.0,0.0,24,Secondaire,Separee,Non,Jamais,Au_moins_1x_sem,Moins_1x_sem,1.0,38.0,8.0,Superieur,Non,Littoral,Urbain
1,1.0,0.0,25,Primaire,Union_libre,Non,Jamais,Jamais,Au_moins_1x_sem,0.6666666666666666,32.0,7.0,Superieur,Oui,Extreme_Nord,Urbain
1,1.0,1.0,46,Secondaire,Mariee,Non,Au_moins_1x_sem,Au_moins_1x_sem,Au_moins_1x_sem,2.0,51.0,5.0,Superieur,Oui,Extreme_Nord,Urbain
0,0.0,0.0,32,Superieur,Mariee,Non,Jamais,Moins_1x_sem,Au_moins_1x_sem,1.0,35.0,3.0,Superieur,Non,Extreme_Nord,Urbain
1,1.0,0.0,32,Primaire,Mariee,Oui,Jamais,Jamais,Au_moins_1x_sem,0.6666666666666666,43.0,11.0,Secondaire,Oui,Extreme_Nord,Urbain
1,1.0,0.0,35,Secondaire,Mariee,Non,Au_moins_1x_sem,Au_moins_1x_sem,Au_moins_1x_sem,2.0,35.0,0.0,Superieur,Oui,Extreme_Nord,Urbain
0,0.0,0.0,26,Secondaire,Union_libre,Non,Jamais,Au_moins_1x_sem,Au_moins_1x_sem,1.3333333333333333,30.0,4.0,Secondaire,Oui,Extreme_Nord,Urbain
1,1.0,1.0,26,Secondaire,Mariee,Non,Au_moins_1x_sem,Au_moins_1x_sem,Au_moins_1x_sem,2.0,28.0,2.0,Superieur,Oui,Extreme_Nord,Urbain
0,0.0,0.0,28,Secondaire,Mariee,Non,Au_moins_1x_sem,Au_moins_1x_sem,Au_moins_1x_sem,2.0,38.0,10.0,Superieur,Oui,Extreme_Nord,Urbain
0,0.0,0.0,25,Secondaire,Union_libre,Non,Jamais,Jamais,Au_moins_1x_sem,0.6666666666666666,35.0,10.0,Secondaire,Non,Extreme_Nord,Urbain
1,1.0,0.0,22,Secondaire,Union_libre,Non,Moins_1x_sem,Moins_1x_sem,Au_moins_1x_sem,1.3333333333333333,31.0,9.0,Superieur,Oui,Extreme_Nord,Urbain
1,1.0,0.0,45,Secondaire,Mariee,Non,Au_moins_1x_sem,Au_moins_1x_sem,Au_moins_1x_sem,2.0,52.0,7.0,Superieur,Oui,Extreme_Nord,Urbain
1,1.0,0.0,32,Secondaire,Mariee,Non,Moins_1x_sem,Moins_1x_sem,Moins_1x_sem,1.0,54.0,22.0,Superieur,Non,Extreme_Nord,Urbain
0,0.0,0.0,29,Secondaire,Mariee,Oui,Jamais,Jamais,Au_moins_1x_sem,0.6666666666666666,37.0,8.0,Superieur,Non,Sud,Rural
0,0.0,0.0,45,Primaire,Veuve,Non,Jamais,Jamais,Au_moins_1x_sem,0.6666666666666666,38.0,8.0,Superieur,Non,Sud,Rural
0,0.0,0.0,40,Secondaire,Mariee,Non,Jamais,Jamais,Au_moins_1x_sem,0.6666666666666666,44.0,4.0,Superieur,Oui,Sud,Rural
0,0.0,0.0,41,Aucun,Veuve,Non,Jamais,Jamais,Jamais,0.0,38.0,8.0,Superieur,Oui,Sud,Rural
0,0.0,0.0,32,Secondaire,Mariee,Non,Jamais,Jamais,Au_moins_1x_sem,0.6666666666666666,38.0,6.0,Superieur,Non,Sud,Rural
0,0.0,0.0,37,Secondaire,Union_libre,Non,Moins_1x_sem,Moins_1x_sem,Au_moins_1x_sem,1.3333333333333333,39.0,2.0,Superieur,Non,Sud,Rural
0,0.0,0.0,37,Aucun,Mariee,Non,Jamais,Au_moins_1x_sem,Moins_1x_sem,1.0,48.0,11.0,Aucun,Non,Sud,Rural
0,0.0,0.0,33,Primaire,Mariee,Non,Jamais,Moins_1x_sem,Moins_1x_sem,0.6666666666666666,39.0,6.0,Secondaire,Oui,Sud,Rural
1,1.0,0.0,39,Secondaire,Mariee,Non,Moins_1x_sem,Au_moins_1x_sem,Au_moins_1x_sem,1.6666666666666667,54.0,15.0,Superieur,Non,Sud,Rural
0,0.0,0.0,24,Aucun,Separee,Non,Jamais,Jamais,Au_moins_1x_sem,0.6666666666666666,38.0,8.0,Superieur,Non,Sud,Rural
0,0.0,0.0,44,Secondaire,Mariee,Non,Moins_1x_sem,Au_moins_1x_sem,Moins_1x_sem,1.3333333333333333,45.0,1.0,Primaire,Oui,Sud,Rural
1,1.0,0.0,24,Secondaire,Mariee,Non,Jamais,Jamais,Jamais,0.0,27.0,3.0,Superieur,Oui,Sud,Rural
0,0.0,0.0,25,Aucun,Mariee,Non,Jamais,Moins_1x_sem,Moins_1x_sem,0.6666666666666666,38.0,13.0,Aucun,Non,Sud,Rural
1,1.0,0.0,34,Superieur,Mariee,Non,Moins_1x_sem,Au_moins_1x_sem,Au_moins_1x_sem,1.6666666666666667,41.0,7.0,Superieur,Oui,Ouest,Urbain
0,0.0,0.0,27,Primaire,Mariee,Non,Jamais,Jamais,Au_moins_1x_sem,0.6666666666666666,35.0,8.0,Secondaire,Oui,Ouest,Urbain
0,0.0,0.0,30,Secondaire,Mariee,Non,Moins_1x_sem,Au_moins_1x_sem,Au_moins_1x_sem,1.6666666666666667,38.0,8.0,Superieur,Oui,Ouest,Urbain
0,0.0,0.0,39,Primaire,Veuve,Non,Jamais,Jamais,Moins_1x_sem,0.3333333333333333,38.0,8.0,Superieur,Oui,Ouest,Urbain
1,1.0,0.0,29,Secondaire,Mariee,Non,Jamais,Au_moins_1x_sem,Au_moins_1x_sem,1.3333333333333333,31.0,2.0,Superieur,Oui,Ouest,Urbain
0,0.0,0.0,49,Secondaire,Veuve,Non,Jamais,Jamais,Au_moins_1x_sem,0.6666666666666666,38.0,8.0,Superieur,Oui,Ouest,Urbain
0,0.0,0.0,36,Secondaire,Mariee,Non,Moins_1x_sem,Au_moins_1x_sem,Au_moins_1x_sem,1.6666666666666667,36.0,0.0,Superieur,Oui,Ouest,Urbain
0,0.0,0.0,34,Primaire,Mariee,Non,Jamais,Moins_1x_sem,Au_moins_1x_sem,1.0,44.0,10.0,Superieur,Oui,Ouest,Urbain
0,0.0,0.0,35,Primaire,Union_libre,Non,Jamais,Au_moins_1x_sem,Au_moins_1x_sem,1.3333333333333333,40.0,5.0,Superieur,Oui,Extreme_Nord,Rural
0,0.0,0.0,37,Primaire,Mariee,Non,Moins_1x_sem,Au_moins_1x_sem,Au_moins_1x_sem,1.6666666666666667,39.0,2.0,Primaire,Non,Extreme_Nord,Rural
1,1.0,0.0,42,Secondaire,Mariee,Non,Jamais,Jamais,Au_moins_1x_sem,0.6666666666666666,49.0,7.0,Superieur,Oui,Extreme_Nord,Rural
1,1.0,0.0,41,Primaire,Mariee,Non,Jamais,Jamais,Jamais,0.0,42.0,1.0,Primaire,Non,Extreme_Nord,Rural
1,1.0,0.0,31,Primaire,Union_libre,Oui,Jamais,Jamais,Au_moins_1x_sem,0.6666666666666666,46.0,15.0,Primaire,Oui,Extreme_Nord,Rural
0,0.0,0.0,38,Primaire,Union_libre,Non,Jamais,Au_moins_1x_sem,Au_moins_1x_sem,1.3333333333333333,45.0,7.0,Superieur,Oui,Extreme_Nord,Rural
1,1.0,1.0,33,Primaire,Mariee,Non,Jamais,Jamais,Jamais,0.0,43.0,10.0,Secondaire,Non,Extreme_Nord,Rural
1,1.0,0.0,40,Primaire,Union_libre,Oui,Jamais,Jamais,Jamais,0.0,45.0,5.0,Secondaire,Non,Extreme_Nord,Rural
0,0.0,0.0,20,Aucun,Mariee,Non,Jamais,Au_moins_1x_sem,Au_moins_1x_sem,1.3333333333333333,27.0,7.0,Superieur,Non,Extreme_Nord,Rural
0,0.0,0.0,19,Primaire,Mariee,Oui,Moins_1x_sem,Jamais,Jamais,0.3333333333333333,50.0,31.0,Secondaire,Non,Extreme_Nord,Rural
1,1.0,1.0,35,Primaire,Union_libre,Non,Jamais,Au_moins_1x_sem,Au_moins_1x_sem,1.3333333333333333,40.0,5.0,Superieur,Oui,Extreme_Nord,Rural
0,0.0,0.0,38,Primaire,Mariee,Oui,Jamais,Jamais,Jamais,0.0,44.0,6.0,Secondaire,Non,Extreme_Nord,Rural
1,1.0,0.0,31,Primaire,Mariee,Non,Jamais,Jamais,Au_moins_1x_sem,0.6666666666666666,33.0,2.0,Secondaire,Oui,Extreme_Nord,Rural
1,1.0,0.0,22,Primaire,Union_libre,Non,Jamais,Moins_1x_sem,Au_moins_1x_sem,1.0,40.0,18.0,Primaire,Non,Extreme_Nord,Rural
0,0.0,0.0,39,Superieur,Mariee,Non,Jamais,Jamais,Au_moins_1x_sem,0.6666666666666666,45.0,6.0,Superieur,Oui,Littoral,Urbain
0,0.0,0.0,19,Secondaire,Union_libre,Non,Jamais,Jamais,Au_moins_1x_sem,0.6666666666666666,24.0,5.0,Superieur,Non,Littoral,Urbain
1,1.0,1.0,33,Primaire,Union_libre,Non,Jamais,Jamais,Jamais,0.0,40.0,7.0,Superieur,Oui,Littoral,Urbain
0,0.0,0.0,22,Primaire,Union_libre,Non,Jamais,Au_moins_1x_sem,Au_moins_1x_sem,1.3333333333333333,30.0,8.0,Secondaire,Non,Littoral,Urbain
0,0.0,0.0,27,Secondaire,Union_libre,Oui,Moins_1x_sem,Moins_1x_sem,Au_moins_1x_sem,1.3333333333333333,30.0,3.0,Superieur,Non,Littoral,Urbain
0,0.0,0.0,24,Secondaire,Union_libre,Non,Jamais,Moins_1x_sem,Au_moins_1x_sem,1.0,30.0,6.0,Superieur,Oui,Littoral,Urbain
0,0.0,0.0,23,Superieur,Mariee,Non,Moins_1x_sem,Jamais,Au_moins_1x_sem,1.0,32.0,9.0,Superieur,Oui,Littoral,Urbain
1,1.0,0.0,34,Secondaire,Union_libre,Non,Jamais,Jamais,Moins_1x_sem,0.3333333333333333,38.0,4.0,Superieur,Oui,Littoral,Urbain
0,0.0,0.0,41,Secondaire,Mariee,Non,Moins_1x_sem,Au_moins_1x_sem,Au_moins_1x_sem,1.6666666666666667,59.0,18.0,Superieur,Oui,Littoral,Urbain
0,0.0,0.0,40,Secondaire,Mariee,Non,Jamais,Moins_1x_sem,Moins_1x_sem,0.6666666666666666,44.0,4.0,Superieur,Oui,Littoral,Urbain
0,0.0,0.0,31,Primaire,Mariee,Non,Au_moins_1x_sem,Au_moins_1x_sem,Au_moins_1x_sem,2.0,42.0,11.0,Superieur,Non,Littoral,Urbain
0,0.0,0.0,36,Secondaire,Mariee,Oui,Au_moins_1x_sem,Au_moins_1x_sem,Au_moins_1x_sem,2.0,46.0,10.0,Secondaire,Oui,Littoral,Urbain
0,0.0,0.0,48,Secondaire,Mariee,Non,Au_moins_1x_sem,Au_moins_1x_sem,Au_moins_1x_sem,2.0,50.0,2.0,Superieur,Oui,Littoral,Urbain
0,0.0,0.0,27,Primaire,Mariee,Non,Moins_1x_sem,Moins_1x_sem,Au_moins_1x_sem,1.3333333333333333,40.0,13.0,Secondaire,Oui,Littoral,Urbain
0,0.0,0.0,34,Superieur,Mariee,Non,Au_moins_1x_sem,Jamais,Au_moins_1x_sem,1.3333333333333333,43.0,9.0,Superieur,Non,Littoral,Urbain
1,1.0,1.0,27,Primaire,Separee,Non,Jamais,Jamais,Jamais,0.0,38.0,8.0,Superieur,Oui,Littoral,Urbain
0,0.0,0.0,27,Secondaire,Mariee,Non,Jamais,Jamais,Moins_1x_sem,0.3333333333333333,35.0,8.0,Superieur,Oui,Littoral,Urbain
1,1.0,1.0,43,Secondaire,Divorcee,Non,Jamais,Moins_1x_sem,Moins_1x_sem,0.6666666666666666,38.0,8.0,Superieur,Oui,Sud,Urbain
1,1.0,0.0,21,Primaire,Mariee,Non,Jamais,Jamais,Jamais,0.0,35.0,14.0,Superieur,Non,Sud,Urbain
0,0.0,0.0,25,Secondaire,Mariee,Oui,Moins_1x_sem,Jamais,Au_moins_1x_sem,1.0,28.0,3.0,Secondaire,Oui,Sud,Urbain
0,0.0,0.0,34,Secondaire,Mariee,Non,Moins_1x_sem,Au_moins_1x_sem,Au_moins_1x_sem,1.6666666666666667,51.0,17.0,Superieur,Non,Sud,Urbain
0,0.0,0.0,36,Primaire,Mariee,Non,Au_moins_1x_sem,Au_moins_1x_sem,Au_moins_1x_sem,2.0,62.0,26.0,Secondaire,Oui,Sud,Urbain
0,0.0,0.0,48,Primaire,Mariee,Non,Jamais,Jamais,Moins_1x_sem,0.3333333333333333,61.0,13.0,Secondaire,Non,Sud,Urbain
1,1.0,0.0,48,Primaire,Mariee,Non,Jamais,Jamais,Au_moins_1x_sem,0.6666666666666666,57.0,9.0,Superieur,Non,Sud,Urbain
0,0.0,0.0,25,Primaire,Mariee,Non,Jamais,Jamais,Jamais,0.0,30.0,5.0,Superieur,Oui,Littoral,Rural
0,0.0,0.0,19,Aucun,Mariee,Oui,Jamais,Jamais,Jamais,0.0,20.0,1.0,Secondaire,Non,Littoral,Rural
0,0.0,0.0,21,Aucun,Mariee,Non,Jamais,Jamais,Jamais,0.0,22.0,1.0,Aucun,Oui,Littoral,Rural
0,0.0,0.0,29,Aucun,Veuve,Non,Jamais,Jamais,Jamais,0.0,38.0,8.0,Superieur,Oui,Littoral,Rural
0,0.0,0.0,35,Aucun,Mariee,Non,Jamais,Jamais,Jamais,0.0,40.0,5.0,Aucun,Non,Littoral,Rural
1,1.0,1.0,33,Aucun,Mariee,Non,Jamais,Jamais,Jamais,0.0,45.0,12.0,Aucun,Oui,Littoral,Rural
0,0.0,0.0,22,Aucun,Mariee,Non,Jamais,Jamais,Jamais,0.0,55.0,33.0,Primaire,Non,Littoral,Rural
0,0.0,0.0,40,Aucun,Veuve,Non,Jamais,Jamais,Jamais,0.0,38.0,8.0,Superieur,Non,Littoral,Rural
0,0.0,0.0,31,Aucun,Mariee,Oui,Jamais,Moins_1x_sem,Moins_1x_sem,0.6666666666666666,45.0,14.0,Superieur,Oui,Littoral,Rural
1,1.0,0.0,30,Aucun,Veuve,Non,Jamais,Jamais,Jamais,0.0,38.0,8.0,Superieur,Non,Littoral,Rural
0,0.0,0.0,25,Aucun,Mariee,Non,Jamais,Jamais,Jamais,0.0,33.0,8.0,Aucun,Non,Littoral,Rural
1,1.0,0.0,27,Primaire,Mariee,Non,Jamais,Moins_1x_sem,Moins_1x_sem,0.6666666666666666,32.0,5.0,Primaire,Oui,Littoral,Rural
0,0.0,0.0,35,Aucun,Mariee,Non,Jamais,Jamais,Jamais,0.0,45.0,10.0,Aucun,Oui,Nord,Rural
0,0.0,0.0,41,Aucun,Veuve,Non,Jamais,Jamais,Moins_1x_sem,0.3333333333333333,38.0,8.0,Superieur,Oui,Nord,Rural
1,1.0,0.0,39,Secondaire,Mariee,Non,Moins_1x_sem,Moins_1x_sem,Moins_1x_sem,1.0,48.0,9.0,Superieur,Oui,Nord,Rural
1,1.0,0.0,30,Primaire,Union_libre,Non,Jamais,Moins_1x_sem,Au_moins_1x_sem,1.0,26.0,-4.0,Secondaire,Oui,Nord,Rural
0,0.0,0.0,31,Primaire,Union_libre,Non,Jamais,Jamais,Jamais,0.0,41.0,10.0,Aucun,Oui,Nord,Rural
0,0.0,0.0,41,Secondaire,Union_libre,Non,Jamais,Moins_1x_sem,Au_moins_1x_sem,1.0,45.0,4.0,Secondaire,Oui,Nord,Rural
1,1.0,0.0,26,Secondaire,Union_libre,Non,Moins_1x_sem,Moins_1x_sem,Moins_1x_sem,1.0,28.0,2.0,Superieur,Oui,Nord,Rural
1,1.0,0.0,24,Primaire,Union_libre,Non,Moins_1x_sem,Moins_1x_sem,Au_moins_1x_sem,1.3333333333333333,28.0,4.0,Superieur,Non,Nord,Rural
0,0.0,0.0,27,Primaire,Mariee,Non,Jamais,Jamais,Jamais,0.0,38.0,11.0,Superieur,Oui,Nord,Rural
0,0.0,0.0,40,Secondaire,Union_libre,Non,Jamais,Jamais,Jamais,0.0,41.0,1.0,Primaire,Non,Nord,Rural
1,1.0,0.0,32,Secondaire,Mariee,Non,Moins_1x_sem,Jamais,Au_moins_1x_sem,1.0,42.0,10.0,Superieur,Non,Nord,Rural
0,0.0,0.0,24,Primaire,Mariee,Non,Jamais,Jamais,Moins_1x_sem,0.3333333333333333,48.0,24.0,Superieur,Oui,Nord,Rural
0,0.0,0.0,42,Superieur,Mariee,Non,Au_moins_1x_sem,Au_moins_1x_sem,Au_moins_1x_sem,2.0,47.0,5.0,Secondaire,Oui,Littoral,Urbain
0,0.0,0.0,27,Superieur,Mariee,Oui,Au_moins_1x_sem,Jamais,Moins_1x_sem,1.0,32.0,5.0,Superieur,Oui,Littoral,Urbain
0,0.0,0.0,38,Primaire,Mariee,Non,Jamais,Jamais,Au_moins_1x_sem,0.6666666666666666,38.0,0.0,Superieur,Oui,Littoral,Urbain
0,0.0,0.0,38,Primaire,Mariee,Non,Moins_1x_sem,Au_moins_1x_sem,Au_moins_1x_sem,1.6666666666666667,49.0,11.0,Superieur,Oui,Littoral,Urbain
0,0.0,0.0,44,Primaire,Mariee,Non,Jamais,Au_moins_1x_sem,Au_moins_1x_sem,1.3333333333333333,45.0,1.0,Secondaire,Oui,Littoral,Urbain
0,0.0,0.0,45,Primaire,Mariee,Non,Jamais,Au_moins_1x_sem,Au_moins_1x_sem,1.3333333333333333,48.0,3.0,Secondaire,Oui,Littoral,Urbain
0,0.0,0.0,28,Secondaire,Union_libre,Non,Jamais,Moins_1x_sem,Au_moins_1x_sem,1.0,36.0,8.0,Superieur,Oui,Sud,Rural
0,0.0,0.0,25,Primaire,Mariee,Non,Moins_1x_sem,Au_moins_1x_sem,Jamais,1.0,35.0,10.0,Superieur,Oui,Sud,Rural
0,0.0,0.0,48,Secondaire,Mariee,Non,Jamais,Jamais,Moins_1x_sem,0.3333333333333333,52.0,4.0,Superieur,Non,Sud,Rural
0,0.0,0.0,40,Primaire,Veuve,Non,Jamais,Jamais,Au_moins_1x_sem,0.6666666666666666,38.0,8.0,Superieur,Non,Sud,Rural
1,1.0,1.0,30,Secondaire,Mariee,Non,Jamais,Jamais,Jamais,0.0,35.0,5.0,Secondaire,Oui,Sud,Rural
0,0.0,0.0,39,Secondaire,Mariee,Non,Jamais,Jamais,Au_moins_1x_sem,0.6666666666666666,42.0,3.0,Superieur,Oui,Littoral,Urbain
1,1.0,0.0,23,Primaire,Separee,Non,Jamais,Moins_1x_sem,Au_moins_1x_sem,1.0,38.0,8.0,Superieur,Oui,Littoral,Urbain
1,1.0,0.0,31,Superieur,Separee,Non,Moins_1x_sem,Moins_1x_sem,Au_moins_1x_sem,1.3333333333333333,38.0,8.0,Superieur,Oui,Littoral,Urbain
0,0.0,0.0,24,Secondaire,Union_libre,Non,Jamais,Au_moins_1x_sem,Au_moins_1x_sem,1.3333333333333333,29.0,5.0,Superieur,Oui,Littoral,Urbain
0,0.0,0.0,36,Primaire,Union_libre,Non,Jamais,Jamais,Au_moins_1x_sem,0.6666666666666666,42.0,6.0,Primaire,Non,Littoral,Urbain
1,1.0,1.0,38,Secondaire,Mariee,Non,Jamais,Au_moins_1x_sem,Au_moins_1x_sem,1.3333333333333333,41.0,3.0,Superieur,Oui,Littoral,Urbain
1,1.0,1.0,37,Primaire,Separee,Non,Jamais,Jamais,Jamais,0.0,38.0,8.0,Superieur,Oui,Littoral,Urbain
0,0.0,0.0,29,Primaire,Union_libre,Non,Jamais,Moins_1x_sem,Au_moins_1x_sem,1.0,35.0,6.0,Superieur,Oui,Littoral,Urbain
1,1.0,1.0,32,Secondaire,Separee,Non,Jamais,Jamais,Au_moins_1x_sem,0.6666666666666666,38.0,8.0,Superieur,Oui,Littoral,Urbain
1,1.0,0.0,29,Secondaire,Mariee,Non,Jamais,Jamais,Moins_1x_sem,0.3333333333333333,36.0,7.0,Superieur,Oui,Littoral,Urbain
0,0.0,0.0,36,Secondaire,Mariee,Non,Au_moins_1x_sem,Au_moins_1x_sem,Au_moins_1x_sem,2.0,43.0,7.0,Primaire,Non,Littoral,Urbain
0,0.0,0.0,33,Secondaire,Union_libre,Non,Jamais,Jamais,Au_moins_1x_sem,0.6666666666666666,37.0,4.0,Superieur,Non,Littoral,Urbain
0,0.0,0.0,19,Primaire,Mariee,Non,Jamais,Jamais,Jamais,0.0,50.0,31.0,Aucun,Non,Adamaoua,Rural
0,0.0,0.0,23,Aucun,Mariee,Non,Jamais,Moins_1x_sem,Jamais,0.3333333333333333,45.0,22.0,Aucun,Non,Adamaoua,Rural
0,0.0,0.0,28,Aucun,Mariee,Non,Jamais,Jamais,Jamais,0.0,40.0,12.0,Superieur,Non,Adamaoua,Rural
1,1.0,0.0,37,Aucun,Divorcee,Non,Jamais,Jamais,Jamais,0.0,38.0,8.0,Superieur,Non,Adamaoua,Rural
0,0.0,0.0,44,Aucun,Divorcee,Non,Jamais,Jamais,Jamais,0.0,38.0,8.0,Superieur,Non,Adamaoua,Rural
0,0.0,0.0,49,Aucun,Mariee,Non,Jamais,Jamais,Jamais,0.0,45.0,-4.0,Aucun,Non,Adamaoua,Rural
0,0.0,0.0,31,Aucun,Mariee,Non,Jamais,Jamais,Jamais,0.0,48.0,17.0,Aucun,Non,Adamaoua,Rural
1,1.0,0.0,29,Aucun,Mariee,Non,Jamais,Jamais,Jamais,0.0,33.0,4.0,Primaire,Non,Adamaoua,Rural
1,1.0,0.0,40,Aucun,Divorcee,Non,Jamais,Jamais,Jamais,0.0,38.0,8.0,Superieur,Non,Adamaoua,Rural
0,0.0,0.0,19,Aucun,Mariee,Oui,Jamais,Moins_1x_sem,Moins_1x_sem,0.6666666666666666,27.0,8.0,Primaire,Non,Adamaoua,Rural
1,1.0,0.0,22,Aucun,Mariee,Oui,Jamais,Jamais,Jamais,0.0,42.0,20.0,Superieur,Oui,Adamaoua,Rural
0,0.0,0.0,45,Primaire,Mariee,Non,Jamais,Jamais,Jamais,0.0,60.0,15.0,Aucun,Non,Adamaoua,Rural
0,0.0,0.0,34,Aucun,Mariee,Non,Jamais,Moins_1x_sem,Moins_1x_sem,0.6666666666666666,60.0,26.0,Aucun,Non,Adamaoua,Rural
0,0.0,0.0,32,Aucun,Mariee,Non,Jamais,Jamais,Jamais,0.0,58.0,26.0,Aucun,Non,Adamaoua,Rural
0,0.0,0.0,40,Aucun,Mariee,Non,Jamais,Jamais,Jamais,0.0,50.0,10.0,Aucun,Non,Adamaoua,Rural
0,0.0,0.0,26,Aucun,Mariee,Non,Jamais,Jamais,Jamais,0.0,29.0,3.0,Primaire,Non,Adamaoua,Rural
0,0.0,0.0,38,Aucun,Divorcee,Non,Jamais,Jamais,Jamais,0.0,38.0,8.0,Superieur,Non,Adamaoua,Rural
0,0.0,0.0,18,Aucun,Mariee,Non,Jamais,Jamais,Au_moins_1x_sem,0.6666666666666666,37.0,19.0,Aucun,Non,Adamaoua,Urbain
0,0.0,0.0,26,Primaire,Mariee,Non,Jamais,Au_moins_1x_sem,Au_moins_1x_sem,1.3333333333333333,34.0,8.0,Primaire,Non,Adamaoua,Urbain
1,1.0,0.0,28,Aucun,Mariee,Non,Jamais,Au_moins_1x_sem,Au_moins_1x_sem,1.3333333333333333,30.0,2.0,Superieur,Non,Adamaoua,Urbain
0,0.0,0.0,45,Aucun,Mariee,Non,Jamais,Jamais,Jamais,0.0,55.0,10.0,Aucun,Non,Adamaoua,Urbain
0,0.0,0.0,47,Aucun,Mariee,Non,Jamais,Moins_1x_sem,Moins_1x_sem,0.6666666666666666,56.0,9.0,Aucun,Non,Adamaoua,Urbain
0,0.0,0.0,20,Secondaire,Mariee,Non,Au_moins_1x_sem,Au_moins_1x_sem,Au_moins_1x_sem,2.0,29.0,9.0,Superieur,Non,Adamaoua,Urbain
0,0.0,0.0,35,Primaire,Mariee,Non,Jamais,Au_moins_1x_sem,Moins_1x_sem,1.0,47.0,12.0,Superieur,Oui,Adamaoua,Urbain
0,0.0,0.0,22,Primaire,Mariee,Non,Jamais,Jamais,Jamais,0.0,30.0,8.0,Secondaire,Non,Adamaoua,Urbain
0,0.0,0.0,20,Aucun,Mariee,Non,Jamais,Moins_1x_sem,Moins_1x_sem,0.6666666666666666,32.0,12.0,Secondaire,Non,Adamaoua,Urbain
0,0.0,0.0,22,Secondaire,Mariee,Non,Jamais,Jamais,Au_moins_1x_sem,0.6666666666666666,33.0,11.0,Superieur,Non,Adamaoua,Urbain
0,0.0,0.0,29,Primaire,Mariee,Oui,Jamais,Jamais,Jamais,0.0,60.0,31.0,Aucun,Non,Adamaoua,Urbain
1,1.0,0.0,34,Aucun,Divorcee,Non,Jamais,Jamais,Jamais,0.0,38.0,8.0,Superieur,Non,Adamaoua,Urbain
1,1.0,0.0,24,Primaire,Separee,Non,Jamais,Jamais,Au_moins_1x_sem,0.6666666666666666,38.0,8.0,Superieur,Non,Sud,Urbain
0,0.0,0.0,19,Secondaire,Mariee,Non,Jamais,Au_moins_1x_sem,Au_moins_1x_sem,1.3333333333333333,28.0,9.0,Superieur,Non,Sud,Urbain
0,0.0,0.0,42,Secondaire,Mariee,Non,Au_moins_1x_sem,Au_moins_1x_sem,Au_moins_1x_sem,2.0,46.0,4.0,Superieur,Non,Sud,Urbain
1,1.0,0.0,33,Primaire,Union_libre,Non,Jamais,Jamais,Au_moins_1x_sem,0.6666666666666666,40.0,7.0,Secondaire,Oui,Sud,Urbain
0,0.0,0.0,24,Primaire,Mariee,Non,Jamais,Jamais,Moins_1x_sem,0.3333333333333333,44.0,20.0,Aucun,Non,Sud,Urbain
0,0.0,0.0,20,Secondaire,Union_libre,Oui,Jamais,Moins_1x_sem,Moins_1x_sem,0.6666666666666666,28.0,8.0,Secondaire,Oui,Sud,Urbain
0,0.0,0.0,34,Primaire,Separee,Non,Jamais,Jamais,Jamais,0.0,38.0,8.0,Superieur,Non,Sud,Urbain
0,0.0,0.0,22,Secondaire,Mariee,Non,Jamais,Moins_1x_sem,Moins_1x_sem,0.6666666666666666,49.0,27.0,Superieur,Non,Sud,Urbain
0,0.0,0.0,19,Aucun,Mariee,Non,Jamais,Jamais,Au_moins_1x_sem,0.6666666666666666,28.0,9.0,Superieur,Non,Sud,Urbain
0,0.0,0.0,20,Secondaire,Mariee,Non,Jamais,Jamais,Au_moins_1x_sem,0.6666666666666666,30.0,10.0,Superieur,Non,Sud,Urbain
1,1.0,0.0,22,Secondaire,Union_libre,Non,Jamais,Moins_1x_sem,Jamais,0.3333333333333333,26.0,4.0,Superieur,Oui,Sud,Urbain
1,1.0,0.0,38,Primaire,Mariee,Oui,Jamais,Moins_1x_sem,Jamais,0.3333333333333333,45.0,7.0,Secondaire,Non,Sud,Urbain
0,0.0,0.0,26,Secondaire,Mariee,Non,Jamais,Au_moins_1x_sem,Au_moins_1x_sem,1.3333333333333333,33.0,7.0,Superieur,Non,Littoral,Urbain
1,1.0,0.0,26,Secondaire,Mariee,Non,Jamais,Jamais,Au_moins_1x_sem,0.6666666666666666,30.0,4.0,Superieur,Oui,Littoral,Urbain
0,0.0,0.0,36,Primaire,Mariee,Non,Jamais,Au_moins_1x_sem,Au_moins_1x_sem,1.3333333333333333,35.0,-1.0,Secondaire,Oui,Littoral,Urbain
1,1.0,0.0,34,Secondaire,Veuve,Non,Jamais,Jamais,Jamais,0.0,38.0,8.0,Superieur,Oui,Littoral,Urbain
0,0.0,0.0,22,Secondaire,Mariee,Non,Au_moins_1x_sem,Au_moins_1x_sem,Moins_1x_sem,1.6666666666666667,27.0,5.0,Superieur,Oui,Littoral,Urbain
0,0.0,0.0,49,Secondaire,Mariee,Non,Au_moins_1x_sem,Au_moins_1x_sem,Au_moins_1x_sem,2.0,51.0,2.0,Secondaire,Oui,Littoral,Urbain
0,0.0,0.0,47,Primaire,Mariee,Non,Jamais,Jamais,Jamais,0.0,53.0,6.0,Superieur,Non,Littoral,Urbain
0,0.0,0.0,30,Secondaire,Union_libre,Non,Moins_1x_sem,Moins_1x_sem,Au_moins_1x_sem,1.3333333333333333,32.0,2.0,Superieur,Non,Sud,Rural
0,0.0,0.0,26,Secondaire,Mariee,Non,Moins_1x_sem,Au_moins_1x_sem,Au_moins_1x_sem,1.6666666666666667,32.0,6.0,Superieur,Non,Sud,Rural
0,0.0,0.0,39,Secondaire,Mariee,Non,Moins_1x_sem,Au_moins_1x_sem,Au_moins_1x_sem,1.6666666666666667,43.0,4.0,Superieur,Oui,Sud,Rural
0,0.0,0.0,37,Superieur,Mariee,Non,Moins_1x_sem,Moins_1x_sem,Au_moins_1x_sem,1.3333333333333333,42.0,5.0,Superieur,Non,Sud,Rural
0,0.0,0.0,38,Secondaire,Mariee,Oui,Jamais,Jamais,Moins_1x_sem,0.3333333333333333,65.0,27.0,Superieur,Oui,Sud,Rural
0,0.0,0.0,36,Aucun,Mariee,Non,Moins_1x_sem,Jamais,Jamais,0.3333333333333333,63.0,27.0,Aucun,Non,Adamaoua,Rural
0,0.0,0.0,26,Aucun,Divorcee,Non,Jamais,Jamais,Jamais,0.0,38.0,8.0,Superieur,Non,Adamaoua,Rural
0,0.0,0.0,18,Primaire,Mariee,Non,Jamais,Jamais,Jamais,0.0,32.0,14.0,Primaire,Non,Adamaoua,Rural
0,0.0,0.0,15,Primaire,Mariee,Oui,Jamais,Jamais,Jamais,0.0,31.0,16.0,Superieur,Non,Adamaoua,Rural
1,1.0,0.0,28,Aucun,Mariee,Non,Jamais,Jamais,Jamais,0.0,40.0,12.0,Aucun,Non,Adamaoua,Rural
0,0.0,0.0,18,Primaire,Mariee,Oui,Jamais,Jamais,Jamais,0.0,26.0,8.0,Superieur,Non,Adamaoua,Rural
0,0.0,0.0,40,Aucun,Mariee,Non,Jamais,Jamais,Jamais,0.0,70.0,30.0,Aucun,Non,Adamaoua,Rural
1,1.0,0.0,30,Aucun,Divorcee,Non,Jamais,Jamais,Jamais,0.0,38.0,8.0,Superieur,Non,Adamaoua,Rural
0,0.0,0.0,25,Secondaire,Mariee,Non,Jamais,Moins_1x_sem,Jamais,0.3333333333333333,35.0,10.0,Superieur,Non,Adamaoua,Rural
0,0.0,0.0,31,Aucun,Mariee,Non,Jamais,Jamais,Jamais,0.0,55.0,24.0,Aucun,Non,Adamaoua,Rural
1,1.0,0.0,36,Aucun,Mariee,Non,Jamais,Jamais,Jamais,0.0,40.0,4.0,Aucun,Non,Adamaoua,Rural
0,0.0,0.0,40,Aucun,Mariee,Oui,Jamais,Moins_1x_sem,Moins_1x_sem,0.6666666666666666,67.0,27.0,Aucun,Non,Adamaoua,Rural
0,0.0,0.0,24,Aucun,Mariee,Non,Jamais,Jamais,Jamais,0.0,35.0,11.0,Superieur,Non,Adamaoua,Rural
1,1.0,0.0,25,Primaire,Mariee,Non,Jamais,Moins_1x_sem,Jamais,0.3333333333333333,40.0,15.0,Primaire,Non,Adamaoua,Rural
0,0.0,0.0,18,Primaire,Mariee,Non,Jamais,Moins_1x_sem,Jamais,0.3333333333333333,25.0,7.0,Aucun,Non,Adamaoua,Rural
1,1.0,1.0,35,Primaire,Divorcee,Non,Jamais,Jamais,Jamais,0.0,38.0,8.0,Superieur,Oui,Adamaoua,Rural
1,1.0,0.0,35,Primaire,Mariee,Non,Jamais,Jamais,Jamais,0.0,63.0,28.0,Secondaire,Oui,Sud,Rural
1,1.0,0.0,28,Primaire,Mariee,Non,Jamais,Moins_1x_sem,Jamais,0.3333333333333333,39.0,11.0,Secondaire,Non,Sud,Rural
1,0.0,1.0,28,Primaire,Mariee,Non,Jamais,Jamais,Jamais,0.0,35.0,7.0,Secondaire,Non,Sud,Rural
1,1.0,0.0,23,Primaire,Mariee,Non,Jamais,Jamais,Jamais,0.0,30.0,7.0,Superieur,Non,Sud,Rural
0,0.0,0.0,21,Primaire,Mariee,Oui,Jamais,Jamais,Jamais,0.0,23.0,2.0,Superieur,Non,Sud,Rural
0,0.0,0.0,24,Secondaire,Mariee,Non,Jamais,Jamais,Jamais,0.0,27.0,3.0,Superieur,Non,Sud,Rural
0,0.0,0.0,20,Primaire,Mariee,Oui,Jamais,Au_moins_1x_sem,Jamais,0.6666666666666666,30.0,10.0,Secondaire,Non,Sud,Rural
1,1.0,0.0,26,Primaire,Mariee,Non,Jamais,Jamais,Jamais,0.0,45.0,19.0,Superieur,Non,Sud,Rural
1,1.0,0.0,35,Primaire,Mariee,Non,Jamais,Jamais,Jamais,0.0,40.0,5.0,Superieur,Non,Sud,Rural
0,0.0,0.0,36,Primaire,Mariee,Oui,Jamais,Jamais,Jamais,0.0,42.0,6.0,Primaire,Non,Sud,Rural
1,1.0,1.0,33,Primaire,Mariee,Non,Jamais,Jamais,Jamais,0.0,46.0,13.0,Superieur,Non,Sud,Rural
1,1.0,0.0,47,Primaire,Mariee,Non,Jamais,Moins_1x_sem,Jamais,0.3333333333333333,50.0,3.0,Primaire,Non,Sud,Rural
1,1.0,0.0,37,Primaire,Mariee,Non,Jamais,Jamais,Jamais,0.0,40.0,3.0,Secondaire,Non,Sud,Rural
1,1.0,0.0,27,Primaire,Mariee,Non,Jamais,Jamais,Jamais,0.0,35.0,8.0,Secondaire,Non,Sud,Rural
1,1.0,0.0,43,Primaire,Mariee,Non,Jamais,Moins_1x_sem,Jamais,0.3333333333333333,58.0,15.0,Superieur,Non,Sud,Rural
1,1.0,0.0,19,Primaire,Mariee,Oui,Jamais,Jamais,Jamais,0.0,37.0,18.0,Superieur,Non,Sud,Rural
0,0.0,0.0,43,Aucun,Mariee,Non,Jamais,Jamais,Jamais,0.0,78.0,35.0,Aucun,Non,Littoral,Rural
0,0.0,0.0,38,Aucun,Mariee,Non,Jamais,Jamais,Jamais,0.0,40.0,2.0,Aucun,Non,Littoral,Rural
0,0.0,0.0,37,Aucun,Mariee,Non,Jamais,Jamais,Jamais,0.0,47.0,10.0,Aucun,Non,Littoral,Rural
0,0.0,0.0,37,Aucun,Mariee,Non,Jamais,Jamais,Jamais,0.0,57.0,20.0,Aucun,Non,Littoral,Rural
0,0.0,0.0,45,Aucun,Mariee,Non,Jamais,Jamais,Jamais,0.0,58.0,13.0,Aucun,Non,Littoral,Rural
0,0.0,0.0,34,Aucun,Mariee,Non,Jamais,Jamais,Jamais,0.0,48.0,14.0,Aucun,Non,Littoral,Rural
0,0.0,0.0,41,Aucun,Mariee,Non,Jamais,Jamais,Jamais,0.0,51.0,10.0,Aucun,Non,Littoral,Rural
0,0.0,0.0,15,Aucun,Mariee,Non,Jamais,Jamais,Jamais,0.0,20.0,5.0,Aucun,Non,Littoral,Rural
0,0.0,0.0,30,Aucun,Mariee,Oui,Jamais,Jamais,Jamais,0.0,40.0,10.0,Aucun,Non,Littoral,Rural
0,0.0,0.0,38,Aucun,Mariee,Non,Jamais,Jamais,Jamais,0.0,63.0,25.0,Aucun,Non,Littoral,Rural
0,0.0,0.0,48,Aucun,Mariee,Non,Jamais,Jamais,Jamais,0.0,59.0,11.0,Aucun,Non,Littoral,Rural
0,0.0,0.0,45,Aucun,Mariee,Non,Jamais,Jamais,Jamais,0.0,52.0,7.0,Aucun,Non,Littoral,Rural
0,0.0,0.0,40,Secondaire,Mariee,Non,Jamais,Jamais,Au_moins_1x_sem,0.6666666666666666,54.0,14.0,Superieur,Oui,Littoral,Urbain
0,0.0,0.0,27,Primaire,Mariee,Non,Au_moins_1x_sem,Jamais,Au_moins_1x_sem,1.3333333333333333,37.0,10.0,Primaire,Non,Littoral,Urbain
1,1.0,1.0,32,Secondaire,Union_libre,Oui,Jamais,Jamais,Au_moins_1x_sem,0.6666666666666666,33.0,1.0,Superieur,Oui,Littoral,Urbain
0,0.0,0.0,33,Superieur,Mariee,Non,Moins_1x_sem,Moins_1x_sem,Au_moins_1x_sem,1.3333333333333333,40.0,7.0,Superieur,Oui,Littoral,Urbain
0,0.0,0.0,32,Superieur,Mariee,Non,Au_moins_1x_sem,Au_moins_1x_sem,Au_moins_1x_sem,2.0,39.0,7.0,Superieur,Non,Littoral,Urbain
1,1.0,0.0,25,Secondaire,Mariee,Non,Jamais,Jamais,Au_moins_1x_sem,0.6666666666666666,28.0,3.0,Superieur,Non,Littoral,Urbain
1,1.0,0.0,26,Secondaire,Mariee,Non,Au_moins_1x_sem,Au_moins_1x_sem,Au_moins_1x_sem,2.0,28.0,2.0,Primaire,Oui,Littoral,Urbain
0,0.0,0.0,29,Primaire,Separee,Non,Jamais,Jamais,Jamais,0.0,38.0,8.0,Superieur,Non,Littoral,Urbain
0,0.0,0.0,47,Secondaire,Mariee,Non,Jamais,Jamais,Au_moins_1x_sem,0.6666666666666666,50.0,3.0,Superieur,Oui,Littoral,Urbain
0,0.0,0.0,33,Primaire,Union_libre,Non,Jamais,Jamais,Au_moins_1x_sem,0.6666666666666666,39.0,6.0,Secondaire,Oui,Littoral,Urbain
1,1.0,0.0,34,Primaire,Mariee,Non,Jamais,Jamais,Jamais,0.0,22.0,-12.0,Aucun,Oui,Sud_Ouest,Rural
0,0.0,0.0,22,Secondaire,Mariee,Non,Jamais,Jamais,Jamais,0.0,24.0,2.0,Secondaire,Non,Sud_Ouest,Rural
1,1.0,1.0,46,Secondaire,Mariee,Non,Jamais,Au_moins_1x_sem,Moins_1x_sem,1.0,52.0,6.0,Secondaire,Oui,Sud_Ouest,Rural
1,1.0,0.0,32,Secondaire,Mariee,Non,Jamais,Jamais,Jamais,0.0,36.0,4.0,Primaire,Non,Sud_Ouest,Rural
1,1.0,1.0,45,Primaire,Separee,Non,Jamais,Jamais,Jamais,0.0,38.0,8.0,Superieur,Oui,Sud_Ouest,Rural
0,0.0,0.0,42,Secondaire,Mariee,Non,Jamais,Jamais,Jamais,0.0,42.0,0.0,Superieur,Non,Sud_Ouest,Rural
1,1.0,0.0,25,Secondaire,Separee,Non,Jamais,Jamais,Au_moins_1x_sem,0.6666666666666666,38.0,8.0,Superieur,Oui,Sud_Ouest,Rural
1,1.0,0.0,33,Secondaire,Mariee,Non,Jamais,Au_moins_1x_sem,Jamais,0.6666666666666666,31.0,-2.0,Superieur,Oui,Sud_Ouest,Rural
1,1.0,0.0,26,Secondaire,Union_libre,Non,Jamais,Jamais,Moins_1x_sem,0.3333333333333333,38.0,12.0,Superieur,Non,Sud_Ouest,Rural
1,1.0,0.0,30,Secondaire,Union_libre,Non,Jamais,Jamais,Jamais,0.0,35.0,5.0,Superieur,Non,Sud_Ouest,Rural
0,0.0,0.0,41,Secondaire,Mariee,Non,Jamais,Jamais,Jamais,0.0,47.0,6.0,Superieur,Non,Sud_Ouest,Rural
0,0.0,0.0,40,Primaire,Mariee,Non,Jamais,Jamais,Jamais,0.0,54.0,14.0,Superieur,Oui,Sud_Ouest,Rural
1,1.0,1.0,33,Primaire,Mariee,Non,Jamais,Jamais,Au_moins_1x_sem,0.6666666666666666,38.0,5.0,Secondaire,Oui,Sud_Ouest,Rural
1,1.0,1.0,19,Aucun,Mariee,Non,Jamais,Jamais,Jamais,0.0,28.0,9.0,Superieur,Non,Nord_Ouest,Rural
0,0.0,0.0,35,Aucun,Veuve,Non,Jamais,Jamais,Jamais,0.0,38.0,8.0,Superieur,Non,Nord_Ouest,Rural
1,1.0,0.0,34,Aucun,Veuve,Non,Jamais,Jamais,Jamais,0.0,38.0,8.0,Superieur,Oui,Nord_Ouest,Rural
0,0.0,0.0,34,Secondaire,Mariee,Non,Jamais,Jamais,Jamais,0.0,44.0,10.0,Superieur,Non,Nord_Ouest,Rural
0,0.0,0.0,30,Aucun,Mariee,Non,Jamais,Jamais,Jamais,0.0,67.0,37.0,Aucun,Non,Nord_Ouest,Rural
0,0.0,0.0,19,Aucun,Mariee,Non,Jamais,Jamais,Jamais,0.0,55.0,36.0,Aucun,Non,Nord_Ouest,Rural
1,1.0,0.0,47,Aucun,Mariee,Non,Jamais,Jamais,Jamais,0.0,60.0,13.0,Secondaire,Oui,Nord_Ouest,Rural
1,1.0,0.0,35,Aucun,Mariee,Non,Jamais,Jamais,Jamais,0.0,45.0,10.0,Secondaire,Oui,Nord_Ouest,Rural
1,1.0,1.0,28,Aucun,Mariee,Non,Jamais,Jamais,Jamais,0.0,35.0,7.0,Aucun,Non,Nord_Ouest,Rural
0,0.0,0.0,20,Aucun,Mariee,Non,Jamais,Jamais,Jamais,0.0,35.0,15.0,Superieur,Non,Nord_Ouest,Rural
1,1.0,0.0,38,Aucun,Mariee,Non,Jamais,Jamais,Jamais,0.0,40.0,2.0,Aucun,Oui,Nord_Ouest,Rural
1,1.0,1.0,30,Aucun,Union_libre,Oui,Jamais,Jamais,Jamais,0.0,34.0,4.0,Aucun,Oui,Nord_Ouest,Rural
1,1.0,1.0,33,Primaire,Mariee,Non,Jamais,Jamais,Jamais,0.0,45.0,12.0,Primaire,Oui,Nord_Ouest,Rural
0,0.0,0.0,29,Aucun,Mariee,Non,Jamais,Jamais,Jamais,0.0,42.0,13.0,Aucun,Non,Nord_Ouest,Rural
1,1.0,1.0,43,Aucun,Mariee,Non,Jamais,Jamais,Jamais,0.0,50.0,7.0,Aucun,Oui,Nord_Ouest,Rural
1,1.0,0.0,24,Aucun,Mariee,Non,Jamais,Jamais,Jamais,0.0,27.0,3.0,Superieur,Non,Nord_Ouest,Rural
1,1.0,1.0,35,Aucun,Union_libre,Oui,Jamais,Jamais,Jamais,0.0,38.0,3.0,Aucun,Oui,Nord_Ouest,Rural
1,1.0,1.0,17,Primaire,Union_libre,Non,Jamais,Jamais,Jamais,0.0,21.0,4.0,Superieur,Oui,Nord_Ouest,Rural
0,0.0,0.0,30,Primaire,Mariee,Non,Jamais,Jamais,Jamais,0.0,35.0,5.0,Primaire,Non,Nord_Ouest,Rural
1,1.0,0.0,28,Primaire,Mariee,Non,Jamais,Jamais,Jamais,0.0,38.0,10.0,Primaire,Non,Nord_Ouest,Rural
0,0.0,0.0,19,Primaire,Mariee,Non,Jamais,Jamais,Jamais,0.0,28.0,9.0,Aucun,Oui,Nord_Ouest,Rural
1,1.0,1.0,27,Aucun,Mariee,Oui,Jamais,Jamais,Jamais,0.0,33.0,6.0,Primaire,Oui,Nord_Ouest,Rural
0,0.0,0.0,27,Aucun,Mariee,Oui,Jamais,Jamais,Jamais,0.0,46.0,19.0,Superieur,Non,Adamaoua,Rural
0,0.0,0.0,22,Aucun,Mariee,Non,Jamais,Jamais,Jamais,0.0,32.0,10.0,Aucun,Non,Adamaoua,Rural
0,0.0,0.0,19,Primaire,Mariee,Non,Jamais,Jamais,Jamais,0.0,25.0,6.0,Primaire,Non,Adamaoua,Rural
0,0.0,0.0,22,Primaire,Mariee,Non,Jamais,Jamais,Jamais,0.0,46.0,24.0,Primaire,Non,Adamaoua,Rural
0,0.0,0.0,18,Aucun,Separee,Non,Jamais,Jamais,Jamais,0.0,38.0,8.0,Superieur,Non,Adamaoua,Rural
0,0.0,0.0,28,Aucun,Mariee,Non,Jamais,Moins_1x_sem,Moins_1x_sem,0.6666666666666666,39.0,11.0,Aucun,Non,Adamaoua,Rural
0,0.0,0.0,22,Primaire,Mariee,Non,Jamais,Jamais,Jamais,0.0,30.0,8.0,Primaire,Non,Adamaoua,Rural
0,0.0,0.0,33,Aucun,Mariee,Non,Jamais,Jamais,Jamais,0.0,40.0,7.0,Superieur,Non,Adamaoua,Rural
0,0.0,0.0,24,Aucun,Separee,Non,Jamais,Jamais,Jamais,0.0,38.0,8.0,Superieur,Non,Adamaoua,Rural
0,0.0,0.0,40,Aucun,Mariee,Non,Jamais,Jamais,Jamais,0.0,50.0,10.0,Primaire,Non,Adamaoua,Rural
0,0.0,0.0,36,Aucun,Mariee,Non,Jamais,Jamais,Jamais,0.0,43.0,7.0,Aucun,Non,Adamaoua,Rural
0,0.0,0.0,25,Aucun,Mariee,Non,Jamais,Moins_1x_sem,Moins_1x_sem,0.6666666666666666,43.0,18.0,Superieur,Non,Adamaoua,Rural
1,1.0,0.0,40,Aucun,Union_libre,Non,Jamais,Au_moins_1x_sem,Jamais,0.6666666666666666,41.0,1.0,Superieur,Oui,Extreme_Nord,Rural
0,0.0,0.0,22,Primaire,Union_libre,Non,Jamais,Au_moins_1x_sem,Jamais,0.6666666666666666,50.0,28.0,Superieur,Non,Extreme_Nord,Rural
0,0.0,0.0,24,Secondaire,Union_libre,Non,Jamais,Jamais,Jamais,0.0,26.0,2.0,Primaire,Oui,Extreme_Nord,Rural
0,0.0,0.0,49,Secondaire,Veuve,Non,Jamais,Jamais,Jamais,0.0,38.0,8.0,Superieur,Oui,Extreme_Nord,Rural
0,0.0,0.0,24,Primaire,Union_libre,Oui,Jamais,Au_moins_1x_sem,Jamais,0.6666666666666666,29.0,5.0,Primaire,Oui,Extreme_Nord,Rural
0,0.0,0.0,23,Aucun,Mariee,Oui,Jamais,Jamais,Jamais,0.0,26.0,3.0,Primaire,Non,Extreme_Nord,Rural
0,0.0,0.0,44,Primaire,Mariee,Non,Jamais,Au_moins_1x_sem,Jamais,0.6666666666666666,55.0,11.0,Superieur,Oui,Extreme_Nord,Rural
1,1.0,0.0,49,Primaire,Veuve,Non,Jamais,Jamais,Jamais,0.0,38.0,8.0,Superieur,Oui,Extreme_Nord,Rural
1,1.0,1.0,45,Secondaire,Union_libre,Non,Jamais,Moins_1x_sem,Moins_1x_sem,0.6666666666666666,42.0,-3.0,Primaire,Oui,Extreme_Nord,Rural
0,0.0,0.0,31,Primaire,Mariee,Oui,Jamais,Jamais,Jamais,0.0,27.0,-4.0,Superieur,Oui,Extreme_Nord,Rural
0,0.0,0.0,23,Primaire,Union_libre,Non,Jamais,Au_moins_1x_sem,Jamais,0.6666666666666666,26.0,3.0,Primaire,Oui,Extreme_Nord,Rural
0,0.0,0.0,24,Primaire,Union_libre,Non,Jamais,Au_moins_1x_sem,Jamais,0.6666666666666666,21.0,-3.0,Primaire,Oui,Extreme_Nord,Rural
0,0.0,0.0,32,Primaire,Mariee,Non,Jamais,Jamais,Jamais,0.0,39.0,7.0,Primaire,Non,Extreme_Nord,Rural
0,0.0,0.0,26,Secondaire,Mariee,Non,Moins_1x_sem,Au_moins_1x_sem,Moins_1x_sem,1.3333333333333333,37.0,11.0,Superieur,Oui,Extreme_Nord,Rural
0,0.0,0.0,27,Primaire,Mariee,Non,Jamais,Au_moins_1x_sem,Jamais,0.6666666666666666,40.0,13.0,Primaire,Non,Littoral,Rural
0,0.0,0.0,33,Aucun,Mariee,Non,Jamais,Jamais,Jamais,0.0,77.0,44.0,Aucun,Non,Littoral,Rural
0,0.0,0.0,19,Primaire,Mariee,Oui,Jamais,Jamais,Jamais,0.0,26.0,7.0,Primaire,Non,Littoral,Rural
1,1.0,0.0,33,Aucun,Veuve,Non,Jamais,Jamais,Jamais,0.0,38.0,8.0,Superieur,Oui,Littoral,Rural
0,0.0,0.0,22,Aucun,Mariee,Non,Jamais,Jamais,Jamais,0.0,35.0,13.0,Primaire,Oui,Littoral,Rural
0,0.0,0.0,34,Aucun,Mariee,Non,Jamais,Jamais,Jamais,0.0,46.0,12.0,Primaire,Non,Littoral,Rural
0,0.0,0.0,21,Primaire,Divorcee,Non,Jamais,Jamais,Jamais,0.0,38.0,8.0,Superieur,Non,Littoral,Rural
0,0.0,0.0,39,Aucun,Mariee,Non,Jamais,Jamais,Jamais,0.0,60.0,21.0,Aucun,Non,Littoral,Rural
0,0.0,0.0,16,Primaire,Mariee,Non,Jamais,Jamais,Jamais,0.0,45.0,29.0,Primaire,Non,Littoral,Rural
0,0.0,0.0,16,Secondaire,Mariee,Non,Jamais,Jamais,Jamais,0.0,23.0,7.0,Primaire,Non,Littoral,Rural
0,0.0,0.0,37,Aucun,Mariee,Non,Jamais,Jamais,Jamais,0.0,25.0,-12.0,Aucun,Non,Littoral,Rural
0,0.0,0.0,15,Primaire,Mariee,Oui,Jamais,Moins_1x_sem,Moins_1x_sem,0.6666666666666666,22.0,7.0,Secondaire,Non,Littoral,Rural
0,0.0,0.0,33,Aucun,Mariee,Non,Jamais,Jamais,Jamais,0.0,45.0,12.0,Aucun,Non,Littoral,Rural
0,0.0,0.0,35,Primaire,Mariee,Non,Jamais,Jamais,Jamais,0.0,42.0,7.0,Primaire,Non,Littoral,Rural
1,1.0,1.0,45,Aucun,Mariee,Non,Jamais,Moins_1x_sem,Jamais,0.3333333333333333,50.0,5.0,Primaire,Oui,Littoral,Rural
0,0.0,0.0,21,Aucun,Mariee,Non,Jamais,Jamais,Jamais,0.0,25.0,4.0,Primaire,Non,Littoral,Rural
0,0.0,0.0,37,Aucun,Mariee,Non,Jamais,Jamais,Jamais,0.0,42.0,5.0,Aucun,Non,Littoral,Rural
0,0.0,0.0,28,Secondaire,Mariee,Non,Jamais,Jamais,Jamais,0.0,48.0,20.0,Aucun,Oui,Littoral,Rural
0,0.0,0.0,33,Aucun,Mariee,Non,Jamais,Jamais,Jamais,0.0,39.0,6.0,Aucun,Non,Littoral,Rural
0,0.0,0.0,34,Aucun,Mariee,Non,Jamais,Jamais,Jamais,0.0,45.0,11.0,Aucun,Non,Littoral,Rural
0,0.0,0.0,43,Aucun,Mariee,Non,Jamais,Jamais,Jamais,0.0,49.0,6.0,Primaire,Non,Littoral,Rural
1,1.0,0.0,20,Aucun,Mariee,Oui,Jamais,Jamais,Jamais,0.0,24.0,4.0,Secondaire,Non,Littoral,Rural
0,0.0,0.0,25,Aucun,Separee,Non,Jamais,Jamais,Jamais,0.0,38.0,8.0,Superieur,Non,Littoral,Rural
0,0.0,0.0,35,Aucun,Mariee,Non,Jamais,Jamais,Jamais,0.0,43.0,8.0,Aucun,Non,Littoral,Rural
1,1.0,0.0,32,Secondaire,Union_libre,Non,Jamais,Moins_1x_sem,Au_moins_1x_sem,1.0,34.0,2.0,Superieur,Non,Littoral,Urbain
0,0.0,0.0,23,Primaire,Union_libre,Non,Jamais,Jamais,Au_moins_1x_sem,0.6666666666666666,36.0,13.0,Aucun,Non,Littoral,Urbain
1,1.0,1.0,47,Primaire,Separee,Non,Jamais,Au_moins_1x_sem,Au_moins_1x_sem,1.3333333333333333,38.0,8.0,Superieur,Non,Littoral,Urbain
0,0.0,0.0,25,Primaire,Separee,Non,Jamais,Jamais,Jamais,0.0,38.0,8.0,Superieur,Non,Littoral,Urbain
0,0.0,0.0,18,Aucun,Union_libre,Non,Jamais,Jamais,Jamais,0.0,38.0,20.0,Primaire,Oui,Littoral,Urbain
0,0.0,0.0,24,Primaire,Union_libre,Non,Jamais,Jamais,Au_moins_1x_sem,0.6666666666666666,33.0,9.0,Secondaire,Non,Littoral,Urbain
0,0.0,0.0,29,Primaire,Mariee,Non,Jamais,Jamais,Au_moins_1x_sem,0.6666666666666666,35.0,6.0,Secondaire,Non,Littoral,Urbain
0,0.0,0.0,26,Primaire,Union_libre,Non,Jamais,Jamais,Au_moins_1x_sem,0.6666666666666666,37.0,11.0,Secondaire,Oui,Littoral,Urbain
0,0.0,0.0,35,Aucun,Union_libre,Non,Jamais,Moins_1x_sem,Au_moins_1x_sem,1.0,36.0,1.0,Aucun,Non,Littoral,Urbain
0,0.0,0.0,23,Secondaire,Union_libre,Non,Jamais,Jamais,Au_moins_1x_sem,0.6666666666666666,30.0,7.0,Superieur,Oui,Littoral,Urbain
1,1.0,1.0,47,Secondaire,Divorcee,Non,Jamais,Jamais,Au_moins_1x_sem,0.6666666666666666,38.0,8.0,Superieur,Non,Littoral,Urbain
0,0.0,0.0,33,Primaire,Union_libre,Non,Jamais,Moins_1x_sem,Au_moins_1x_sem,1.0,35.0,2.0,Superieur,Oui,Littoral,Urbain
1,1.0,0.0,35,Secondaire,Mariee,Non,Jamais,Moins_1x_sem,Au_moins_1x_sem,1.0,32.0,-3.0,Superieur,Non,Centre,Rural
1,1.0,0.0,41,Primaire,Union_libre,Non,Jamais,Jamais,Jamais,0.0,60.0,19.0,Secondaire,Oui,Centre,Rural
1,1.0,1.0,41,Primaire,Union_libre,Non,Jamais,Jamais,Jamais,0.0,42.0,1.0,Superieur,Non,Centre,Rural
1,1.0,0.0,23,Primaire,Union_libre,Non,Jamais,Jamais,Jamais,0.0,24.0,1.0,Secondaire,Oui,Centre,Rural
0,0.0,0.0,45,Secondaire,Separee,Non,Moins_1x_sem,Jamais,Jamais,0.3333333333333333,38.0,8.0,Superieur,Non,Centre,Rural
0,0.0,0.0,45,Primaire,Separee,Non,Jamais,Jamais,Jamais,0.0,38.0,8.0,Superieur,Oui,Centre,Rural
0,0.0,0.0,16,Primaire,Union_libre,Non,Jamais,Moins_1x_sem,Jamais,0.3333333333333333,28.0,12.0,Superieur,Non,Centre,Rural
0,0.0,0.0,23,Secondaire,Union_libre,Non,Jamais,Jamais,Jamais,0.0,28.0,5.0,Aucun,Non,Centre,Rural
1,1.0,1.0,45,Primaire,Mariee,Non,Moins_1x_sem,Au_moins_1x_sem,Jamais,1.0,49.0,4.0,Secondaire,Non,Centre,Rural
1,1.0,0.0,44,Primaire,Veuve,Non,Moins_1x_sem,Moins_1x_sem,Au_moins_1x_sem,1.3333333333333333,38.0,8.0,Superieur,Oui,Centre,Rural
1,1.0,0.0,19,Primaire,Union_libre,Non,Jamais,Jamais,Jamais,0.0,24.0,5.0,Superieur,Oui,Centre,Rural
0,0.0,0.0,30,Primaire,Union_libre,Non,Jamais,Jamais,Moins_1x_sem,0.3333333333333333,42.0,12.0,Secondaire,Oui,Centre,Rural
0,0.0,0.0,26,Superieur,Mariee,Oui,Jamais,Au_moins_1x_sem,Au_moins_1x_sem,1.3333333333333333,33.0,7.0,Superieur,Non,Nord,Urbain
0,0.0,0.0,39,Secondaire,Mariee,Non,Jamais,Jamais,Au_moins_1x_sem,0.6666666666666666,49.0,10.0,Superieur,Non,Nord,Urbain
0,0.0,0.0,36,Secondaire,Mariee,Non,Moins_1x_sem,Au_moins_1x_sem,Au_moins_1x_sem,1.6666666666666667,41.0,5.0,Superieur,Non,Nord,Urbain
0,0.0,0.0,21,Secondaire,Union_libre,Non,Jamais,Jamais,Au_moins_1x_sem,0.6666666666666666,27.0,6.0,Superieur,Oui,Nord,Urbain
0,0.0,0.0,33,Superieur,Separee,Non,Moins_1x_sem,Moins_1x_sem,Au_moins_1x_sem,1.3333333333333333,38.0,8.0,Superieur,Non,Nord,Urbain
0,0.0,0.0,42,Secondaire,Mariee,Non,Jamais,Jamais,Au_moins_1x_sem,0.6666666666666666,52.0,10.0,Secondaire,Oui,Nord,Urbain
0,0.0,0.0,48,Superieur,Mariee,Non,Au_moins_1x_sem,Jamais,Au_moins_1x_sem,1.3333333333333333,50.0,2.0,Superieur,Non,Nord,Urbain
0,0.0,0.0,28,Superieur,Union_libre,Non,Au_moins_1x_sem,Au_moins_1x_sem,Au_moins_1x_sem,2.0,28.0,0.0,Superieur,Non,Nord,Urbain
0,0.0,0.0,19,Aucun,Mariee,Oui,Jamais,Jamais,Jamais,0.0,31.0,12.0,Superieur,Oui,Sud,Urbain
1,1.0,1.0,47,Secondaire,Separee,Non,Moins_1x_sem,Moins_1x_sem,Au_moins_1x_sem,1.3333333333333333,38.0,8.0,Superieur,Oui,Sud,Urbain
1,1.0,0.0,30,Aucun,Mariee,Non,Jamais,Jamais,Au_moins_1x_sem,0.6666666666666666,40.0,10.0,Aucun,Non,Sud,Urbain
0,0.0,0.0,32,Superieur,Mariee,Non,Moins_1x_sem,Moins_1x_sem,Moins_1x_sem,1.0,42.0,10.0,Secondaire,Oui,Sud,Urbain
0,0.0,0.0,33,Secondaire,Mariee,Non,Moins_1x_sem,Moins_1x_sem,Moins_1x_sem,1.0,38.0,5.0,Superieur,Oui,Sud,Urbain
0,0.0,0.0,24,Secondaire,Mariee,Non,Jamais,Jamais,Au_moins_1x_sem,0.6666666666666666,28.0,4.0,Secondaire,Oui,Sud,Urbain
0,0.0,0.0,45,Secondaire,Mariee,Non,Jamais,Moins_1x_sem,Moins_1x_sem,0.6666666666666666,54.0,9.0,Superieur,Non,Sud,Urbain
0,0.0,0.0,34,Secondaire,Mariee,Non,Jamais,Jamais,Au_moins_1x_sem,0.6666666666666666,39.0,5.0,Superieur,Oui,Sud,Urbain
1,1.0,1.0,31,Secondaire,Mariee,Non,Jamais,Moins_1x_sem,Au_moins_1x_sem,1.0,37.0,6.0,Superieur,Oui,Sud,Urbain
1,1.0,1.0,47,Secondaire,Mariee,Non,Jamais,Jamais,Jamais,0.0,36.0,-11.0,Superieur,Oui,Sud_Ouest,Rural
0,0.0,0.0,37,Secondaire,Mariee,Non,Jamais,Moins_1x_sem,Jamais,0.3333333333333333,40.0,3.0,Superieur,Non,Sud_Ouest,Rural
0,0.0,0.0,31,Secondaire,Union_libre,Non,Jamais,Jamais,Au_moins_1x_sem,0.6666666666666666,36.0,5.0,Superieur,Oui,Sud_Ouest,Rural
0,0.0,0.0,42,Secondaire,Union_libre,Non,Jamais,Jamais,Jamais,0.0,45.0,3.0,Secondaire,Oui,Sud_Ouest,Rural
0,0.0,0.0,19,Secondaire,Mariee,Non,Jamais,Jamais,Jamais,0.0,27.0,8.0,Superieur,Non,Sud_Ouest,Rural
0,0.0,0.0,49,Aucun,Union_libre,Non,Jamais,Jamais,Jamais,0.0,53.0,4.0,Secondaire,Non,Sud_Ouest,Rural
1,1.0,1.0,24,Primaire,Mariee,Non,Jamais,Jamais,Jamais,0.0,38.0,14.0,Secondaire,Oui,Sud_Ouest,Rural
0,0.0,0.0,30,Primaire,Mariee,Non,Jamais,Jamais,Jamais,0.0,38.0,8.0,Superieur,Non,Sud_Ouest,Rural
1,1.0,0.0,30,Secondaire,Mariee,Oui,Jamais,Au_moins_1x_sem,Jamais,0.6666666666666666,38.0,8.0,Superieur,Non,Sud_Ouest,Rural
0,0.0,0.0,49,Primaire,Mariee,Non,Jamais,Jamais,Jamais,0.0,60.0,11.0,Superieur,Oui,Sud_Ouest,Rural
0,0.0,0.0,34,Secondaire,Mariee,Non,Jamais,Jamais,Jamais,0.0,35.0,1.0,Secondaire,Non,Sud_Ouest,Rural
1,1.0,0.0,29,Secondaire,Mariee,Non,Jamais,Jamais,Jamais,0.0,36.0,7.0,Superieur,Non,Sud_Ouest,Rural
0,0.0,0.0,16,Secondaire,Union_libre,Oui,Jamais,Jamais,Jamais,0.0,22.0,6.0,Secondaire,Non,Sud_Ouest,Rural
1,1.0,0.0,45,Secondaire,Mariee,Non,Jamais,Jamais,Jamais,0.0,43.0,-2.0,Secondaire,Oui,Sud_Ouest,Rural
0,0.0,0.0,49,Secondaire,Mariee,Non,Jamais,Jamais,Jamais,0.0,56.0,7.0,Secondaire,Oui,Sud_Ouest,Rural
0,0.0,0.0,22,Secondaire,Mariee,Non,Jamais,Jamais,Jamais,0.0,34.0,12.0,Secondaire,Non,Sud_Ouest,Rural
0,0.0,0.0,18,Primaire,Mariee,Non,Jamais,Jamais,Jamais,0.0,22.0,4.0,Primaire,Non,Extreme_Nord,Urbain
0,0.0,0.0,37,Secondaire,Mariee,Non,Moins_1x_sem,Moins_1x_sem,Moins_1x_sem,1.0,41.0,4.0,Superieur,Oui,Extreme_Nord,Urbain
1,1.0,0.0,22,Primaire,Mariee,Non,Jamais,Moins_1x_sem,Moins_1x_sem,0.6666666666666666,33.0,11.0,Superieur,Oui,Extreme_Nord,Urbain
0,0.0,0.0,32,Superieur,Mariee,Non,Au_moins_1x_sem,Au_moins_1x_sem,Au_moins_1x_sem,2.0,42.0,10.0,Superieur,Non,Extreme_Nord,Urbain
0,0.0,0.0,46,Primaire,Union_libre,Non,Jamais,Au_moins_1x_sem,Au_moins_1x_sem,1.3333333333333333,65.0,19.0,Superieur,Oui,Extreme_Nord,Urbain
0,0.0,0.0,32,Aucun,Mariee,Non,Jamais,Jamais,Jamais,0.0,58.0,26.0,Primaire,Non,Extreme_Nord,Urbain
1,1.0,0.0,37,Secondaire,Union_libre,Non,Jamais,Moins_1x_sem,Moins_1x_sem,0.6666666666666666,40.0,3.0,Superieur,Oui,Extreme_Nord,Urbain
0,0.0,0.0,17,Secondaire,Union_libre,Non,Au_moins_1x_sem,Au_moins_1x_sem,Au_moins_1x_sem,2.0,27.0,10.0,Superieur,Non,Extreme_Nord,Urbain
0,0.0,0.0,21,Secondaire,Mariee,Non,Moins_1x_sem,Moins_1x_sem,Moins_1x_sem,1.0,27.0,6.0,Secondaire,Non,Extreme_Nord,Urbain
0,0.0,0.0,42,Secondaire,Mariee,Non,Jamais,Jamais,Moins_1x_sem,0.3333333333333333,48.0,6.0,Superieur,Non,Littoral,Urbain
0,0.0,0.0,28,Secondaire,Mariee,Non,Jamais,Jamais,Au_moins_1x_sem,0.6666666666666666,43.0,15.0,Superieur,Oui,Littoral,Urbain
0,0.0,0.0,27,Secondaire,Union_libre,Non,Jamais,Moins_1x_sem,Au_moins_1x_sem,1.0,28.0,1.0,Superieur,Oui,Littoral,Urbain
0,0.0,0.0,33,Primaire,Mariee,Non,Jamais,Au_moins_1x_sem,Au_moins_1x_sem,1.3333333333333333,49.0,16.0,Superieur,Non,Littoral,Urbain
0,0.0,0.0,34,Secondaire,Mariee,Non,Au_moins_1x_sem,Au_moins_1x_sem,Au_moins_1x_sem,2.0,44.0,10.0,Superieur,Non,Littoral,Urbain
1,1.0,1.0,29,Superieur,Union_libre,Non,Jamais,Jamais,Au_moins_1x_sem,0.6666666666666666,32.0,3.0,Superieur,Oui,Littoral,Urbain
1,1.0,0.0,30,Secondaire,Separee,Non,Au_moins_1x_sem,Au_moins_1x_sem,Au_moins_1x_sem,2.0,38.0,8.0,Superieur,Oui,Littoral,Urbain
0,0.0,0.0,23,Primaire,Union_libre,Non,Moins_1x_sem,Au_moins_1x_sem,Au_moins_1x_sem,1.6666666666666667,28.0,5.0,Superieur,Non,Littoral,Urbain
0,0.0,0.0,22,Secondaire,Union_libre,Non,Jamais,Au_moins_1x_sem,Au_moins_1x_sem,1.3333333333333333,95.0,73.0,Superieur,Non,Littoral,Urbain
0,0.0,0.0,25,Aucun,Mariee,Oui,Jamais,Jamais,Jamais,0.0,31.0,6.0,Aucun,Non,Littoral,Urbain
0,0.0,0.0,24,Primaire,Mariee,Oui,Jamais,Jamais,Jamais,0.0,32.0,8.0,Primaire,Non,Littoral,Urbain
0,0.0,0.0,35,Primaire,Mariee,Non,Jamais,Jamais,Jamais,0.0,50.0,15.0,Aucun,Non,Littoral,Urbain
0,0.0,0.0,35,Aucun,Divorcee,Non,Jamais,Jamais,Jamais,0.0,38.0,8.0,Superieur,Non,Littoral,Urbain
0,0.0,0.0,35,Aucun,Mariee,Non,Jamais,Jamais,Jamais,0.0,66.0,31.0,Aucun,Non,Littoral,Urbain
1,1.0,0.0,31,Primaire,Mariee,Non,Jamais,Jamais,Jamais,0.0,42.0,11.0,Superieur,Oui,Littoral,Urbain
0,0.0,0.0,28,Secondaire,Mariee,Non,Jamais,Jamais,Jamais,0.0,35.0,7.0,Superieur,Non,Littoral,Urbain
0,0.0,0.0,38,Primaire,Divorcee,Non,Jamais,Jamais,Jamais,0.0,38.0,8.0,Superieur,Non,Littoral,Urbain
0,0.0,0.0,15,Primaire,Mariee,Non,Jamais,Jamais,Jamais,0.0,25.0,10.0,Primaire,Non,Littoral,Urbain
0,0.0,0.0,35,Aucun,Mariee,Oui,Jamais,Jamais,Jamais,0.0,52.0,17.0,Aucun,Non,Littoral,Urbain
1,1.0,0.0,23,Primaire,Divorcee,Oui,Jamais,Jamais,Jamais,0.0,38.0,8.0,Superieur,Non,Littoral,Urbain
0,0.0,0.0,30,Aucun,Mariee,Non,Jamais,Jamais,Jamais,0.0,38.0,8.0,Aucun,Non,Littoral,Urbain
0,0.0,0.0,22,Secondaire,Mariee,Non,Jamais,Jamais,Jamais,0.0,25.0,3.0,Superieur,Non,Littoral,Urbain
1,1.0,0.0,34,Secondaire,Mariee,Non,Jamais,Jamais,Jamais,0.0,40.0,6.0,Secondaire,Non,Sud_Ouest,Rural
1,1.0,0.0,47,Secondaire,Veuve,Non,Moins_1x_sem,Moins_1x_sem,Moins_1x_sem,1.0,38.0,8.0,Superieur,Oui,Sud_Ouest,Rural
1,1.0,0.0,43,Primaire,Separee,Non,Jamais,Jamais,Moins_1x_sem,0.3333333333333333,38.0,8.0,Superieur,Oui,Sud_Ouest,Rural
1,1.0,0.0,30,Primaire,Mariee,Non,Moins_1x_sem,Jamais,Au_moins_1x_sem,1.0,35.0,5.0,Superieur,Oui,Sud_Ouest,Rural
0,0.0,0.0,40,Aucun,Mariee,Non,Jamais,Jamais,Jamais,0.0,43.0,3.0,Secondaire,Oui,Sud_Ouest,Rural
0,0.0,0.0,18,Secondaire,Union_libre,Non,Jamais,Jamais,Jamais,0.0,52.0,34.0,Secondaire,Non,Sud_Ouest,Rural
0,0.0,0.0,33,Primaire,Mariee,Non,Jamais,Moins_1x_sem,Jamais,0.3333333333333333,44.0,11.0,Superieur,Oui,Sud_Ouest,Rural
1,1.0,0.0,27,Secondaire,Mariee,Non,Jamais,Jamais,Au_moins_1x_sem,0.6666666666666666,35.0,8.0,Secondaire,Non,Sud_Ouest,Rural
1,1.0,1.0,42,Secondaire,Mariee,Non,Jamais,Moins_1x_sem,Au_moins_1x_sem,1.0,49.0,7.0,Superieur,Oui,Sud_Ouest,Rural
1,1.0,0.0,38,Secondaire,Veuve,Non,Jamais,Jamais,Jamais,0.0,38.0,8.0,Superieur,Oui,Sud_Ouest,Rural
1,1.0,1.0,28,Secondaire,Separee,Non,Jamais,Moins_1x_sem,Au_moins_1x_sem,1.0,38.0,8.0,Superieur,Oui,Sud_Ouest,Rural
0,0.0,0.0,39,Secondaire,Mariee,Non,Jamais,Au_moins_1x_sem,Au_moins_1x_sem,1.3333333333333333,60.0,21.0,Superieur,Non,Sud_Ouest,Rural
0,0.0,0.0,36,Primaire,Mariee,Oui,Jamais,Jamais,Jamais,0.0,55.0,19.0,Superieur,Non,Sud_Ouest,Rural
0,0.0,0.0,19,Secondaire,Mariee,Non,Jamais,Jamais,Moins_1x_sem,0.3333333333333333,30.0,11.0,Secondaire,Non,Sud_Ouest,Rural
1,1.0,1.0,47,Primaire,Mariee,Non,Jamais,Jamais,Moins_1x_sem,0.3333333333333333,49.0,2.0,Primaire,Oui,Sud_Ouest,Rural
1,1.0,0.0,28,Secondaire,Union_libre,Non,Jamais,Moins_1x_sem,Au_moins_1x_sem,1.0,38.0,10.0,Superieur,Oui,Sud_Ouest,Rural
0,0.0,0.0,28,Secondaire,Mariee,Non,Moins_1x_sem,Moins_1x_sem,Au_moins_1x_sem,1.3333333333333333,34.0,6.0,Superieur,Oui,Est,Urbain
0,0.0,0.0,31,Secondaire,Union_libre,Non,Jamais,Moins_1x_sem,Jamais,0.3333333333333333,34.0,3.0,Superieur,Oui,Est,Urbain
1,1.0,1.0,35,Secondaire,Separee,Non,Jamais,Jamais,Au_moins_1x_sem,0.6666666666666666,38.0,8.0,Superieur,Oui,Est,Urbain
0,0.0,0.0,29,Superieur,Mariee,Non,Moins_1x_sem,Moins_1x_sem,Au_moins_1x_sem,1.3333333333333333,30.0,1.0,Superieur,Oui,Est,Urbain
0,0.0,0.0,32,Primaire,Mariee,Non,Jamais,Jamais,Au_moins_1x_sem,0.6666666666666666,42.0,10.0,Secondaire,Non,Est,Urbain
0,0.0,0.0,29,Superieur,Mariee,Oui,Moins_1x_sem,Moins_1x_sem,Au_moins_1x_sem,1.3333333333333333,35.0,6.0,Superieur,Oui,Est,Urbain
0,0.0,0.0,35,Secondaire,Mariee,Non,Moins_1x_sem,Moins_1x_sem,Au_moins_1x_sem,1.3333333333333333,44.0,9.0,Superieur,Oui,Est,Urbain
0,0.0,0.0,33,Primaire,Mariee,Non,Au_moins_1x_sem,Moins_1x_sem,Au_moins_1x_sem,1.6666666666666667,40.0,7.0,Superieur,Non,Est,Urbain
1,1.0,0.0,34,Secondaire,Mariee,Non,Moins_1x_sem,Moins_1x_sem,Au_moins_1x_sem,1.3333333333333333,43.0,9.0,Superieur,Oui,Est,Urbain
0,0.0,0.0,48,Secondaire,Mariee,Non,Jamais,Au_moins_1x_sem,Jamais,0.6666666666666666,75.0,27.0,Superieur,Non,Est,Urbain
1,1.0,0.0,37,Primaire,Separee,Non,Jamais,Jamais,Au_moins_1x_sem,0.6666666666666666,38.0,8.0,Superieur,Non,Est,Urbain
1,1.0,0.0,46,Superieur,Mariee,Non,Au_moins_1x_sem,Au_moins_1x_sem,Moins_1x_sem,1.6666666666666667,52.0,6.0,Superieur,Oui,Est,Urbain
0,0.0,0.0,38,Secondaire,Mariee,Non,Jamais,Jamais,Au_moins_1x_sem,0.6666666666666666,40.0,2.0,Superieur,Non,Est,Urbain
0,0.0,0.0,39,Primaire,Veuve,Non,Jamais,Jamais,Au_moins_1x_sem,0.6666666666666666,38.0,8.0,Superieur,Oui,Est,Urbain
1,1.0,1.0,28,Primaire,Mariee,Non,Moins_1x_sem,Moins_1x_sem,Au_moins_1x_sem,1.3333333333333333,30.0,2.0,Superieur,Oui,Sud,Rural
0,0.0,0.0,40,Primaire,Mariee,Non,Jamais,Moins_1x_sem,Moins_1x_sem,0.6666666666666666,50.0,10.0,Superieur,Oui,Sud,Rural
0,0.0,0.0,49,Aucun,Mariee,Non,Jamais,Jamais,Jamais,0.0,50.0,1.0,Primaire,Oui,Sud,Rural
0,0.0,0.0,40,Primaire,Mariee,Non,Jamais,Jamais,Au_moins_1x_sem,0.6666666666666666,54.0,14.0,Superieur,Non,Sud,Rural
0,0.0,0.0,42,Primaire,Union_libre,Non,Jamais,Moins_1x_sem,Moins_1x_sem,0.6666666666666666,50.0,8.0,Superieur,Oui,Sud,Rural
0,0.0,0.0,42,Secondaire,Mariee,Non,Jamais,Jamais,Jamais,0.0,60.0,18.0,Secondaire,Non,Sud,Rural
0,0.0,0.0,47,Primaire,Mariee,Non,Moins_1x_sem,Jamais,Jamais,0.3333333333333333,67.0,20.0,Superieur,Non,Sud,Rural
0,0.0,0.0,37,Secondaire,Separee,Non,Jamais,Jamais,Jamais,0.0,38.0,8.0,Superieur,Oui,Sud,Rural
0,0.0,0.0,39,Secondaire,Mariee,Non,Jamais,Moins_1x_sem,Au_moins_1x_sem,1.0,53.0,14.0,Aucun,Oui,Sud,Rural
0,0.0,0.0,31,Secondaire,Union_libre,Non,Moins_1x_sem,Moins_1x_sem,Au_moins_1x_sem,1.3333333333333333,42.0,11.0,Superieur,Oui,Centre,Rural
1,1.0,0.0,28,Primaire,Mariee,Non,Jamais,Jamais,Au_moins_1x_sem,0.6666666666666666,30.0,2.0,Secondaire,Non,Centre,Rural
1,1.0,0.0,24,Secondaire,Separee,Non,Jamais,Jamais,Au_moins_1x_sem,0.6666666666666666,38.0,8.0,Superieur,Oui,Centre,Rural
0,0.0,0.0,30,Secondaire,Separee,Non,Jamais,Jamais,Moins_1x_sem,0.3333333333333333,38.0,8.0,Superieur,Oui,Centre,Rural
0,0.0,0.0,41,Secondaire,Mariee,Non,Jamais,Jamais,Au_moins_1x_sem,0.6666666666666666,45.0,4.0,Superieur,Oui,Centre,Rural
1,1.0,0.0,38,Secondaire,Separee,Non,Jamais,Jamais,Moins_1x_sem,0.3333333333333333,38.0,8.0,Superieur,Oui,Centre,Rural
0,0.0,0.0,28,Secondaire,Union_libre,Non,Au_moins_1x_sem,Jamais,Au_moins_1x_sem,1.3333333333333333,29.0,1.0,Superieur,Oui,Centre,Rural
0,0.0,0.0,24,Primaire,Mariee,Non,Jamais,Jamais,Au_moins_1x_sem,0.6666666666666666,30.0,6.0,Superieur,Oui,Centre,Rural
1,1.0,0.0,24,Secondaire,Union_libre,Non,Moins_1x_sem,Moins_1x_sem,Au_moins_1x_sem,1.3333333333333333,36.0,12.0,Superieur,Non,Centre,Rural
0,0.0,0.0,38,Secondaire,Union_libre,Non,Jamais,Jamais,Au_moins_1x_sem,0.6666666666666666,32.0,-6.0,Superieur,Oui,Centre,Rural
1,1.0,0.0,36,Aucun,Mariee,Non,Jamais,Jamais,Jamais,0.0,45.0,9.0,Superieur,Oui,Sud,Rural
0,0.0,0.0,25,Secondaire,Mariee,Non,Jamais,Moins_1x_sem,Au_moins_1x_sem,1.0,27.0,2.0,Superieur,Non,Sud,Rural
1,1.0,0.0,34,Secondaire,Mariee,Non,Jamais,Moins_1x_sem,Jamais,0.3333333333333333,37.0,3.0,Superieur,Non,Sud,Rural
0,0.0,0.0,29,Secondaire,Mariee,Non,Jamais,Au_moins_1x_sem,Jamais,0.6666666666666666,37.0,8.0,Superieur,Non,Sud,Rural
1,1.0,1.0,28,Primaire,Separee,Non,Jamais,Jamais,Jamais,0.0,38.0,8.0,Superieur,Oui,Sud,Rural
0,0.0,0.0,32,Primaire,Mariee,Non,Jamais,Au_moins_1x_sem,Moins_1x_sem,1.0,35.0,3.0,Secondaire,Non,Sud,Rural
0,0.0,0.0,22,Primaire,Mariee,Oui,Jamais,Moins_1x_sem,Jamais,0.3333333333333333,40.0,18.0,Aucun,Non,Sud,Rural
0,0.0,0.0,38,Secondaire,Mariee,Non,Jamais,Jamais,Jamais,0.0,41.0,3.0,Aucun,Non,Sud,Rural
0,0.0,0.0,26,Primaire,Mariee,Non,Jamais,Jamais,Jamais,0.0,30.0,4.0,Superieur,Non,Sud,Rural
1,1.0,0.0,23,Primaire,Mariee,Non,Jamais,Moins_1x_sem,Jamais,0.3333333333333333,35.0,12.0,Secondaire,Non,Sud,Rural
0,0.0,0.0,44,Primaire,Mariee,Non,Jamais,Jamais,Jamais,0.0,45.0,1.0,Primaire,Non,Sud,Rural
0,0.0,0.0,47,Primaire,Mariee,Non,Jamais,Moins_1x_sem,Jamais,0.3333333333333333,77.0,30.0,Aucun,Non,Sud,Rural
0,0.0,0.0,43,Primaire,Mariee,Oui,Moins_1x_sem,Moins_1x_sem,Jamais,0.6666666666666666,45.0,2.0,Superieur,Non,Sud,Rural
1,1.0,1.0,39,Secondaire,Divorcee,Non,Moins_1x_sem,Jamais,Jamais,0.3333333333333333,38.0,8.0,Superieur,Oui,Sud,Rural
0,0.0,0.0,38,Primaire,Mariee,Non,Jamais,Jamais,Jamais,0.0,60.0,22.0,Superieur,Non,Sud,Rural
0,0.0,0.0,19,Primaire,Mariee,Non,Jamais,Moins_1x_sem,Jamais,0.3333333333333333,28.0,9.0,Secondaire,Non,Sud,Rural
0,0.0,0.0,23,Primaire,Mariee,Non,Jamais,Au_moins_1x_sem,Jamais,0.6666666666666666,42.0,19.0,Secondaire,Oui,Sud,Rural
1,1.0,1.0,33,Primaire,Mariee,Oui,Jamais,Moins_1x_sem,Jamais,0.3333333333333333,42.0,9.0,Secondaire,Oui,Sud,Rural
0,0.0,0.0,30,Aucun,Union_libre,Non,Jamais,Jamais,Jamais,0.0,49.0,19.0,Aucun,Non,Nord_Ouest,Rural
1,1.0,0.0,30,Aucun,Union_libre,Non,Jamais,Jamais,Jamais,0.0,48.0,18.0,Aucun,Oui,Nord_Ouest,Rural
1,1.0,0.0,43,Aucun,Mariee,Non,Jamais,Jamais,Jamais,0.0,46.0,3.0,Primaire,Oui,Nord_Ouest,Rural
0,0.0,0.0,17,Aucun,Mariee,Non,Jamais,Jamais,Jamais,0.0,37.0,20.0,Superieur,Non,Nord_Ouest,Rural
0,0.0,0.0,18,Aucun,Mariee,Oui,Jamais,Jamais,Jamais,0.0,29.0,11.0,Aucun,Non,Nord_Ouest,Rural
0,0.0,0.0,40,Aucun,Veuve,Non,Jamais,Jamais,Jamais,0.0,38.0,8.0,Superieur,Oui,Nord_Ouest,Rural
1,1.0,1.0,23,Aucun,Union_libre,Oui,Jamais,Au_moins_1x_sem,Moins_1x_sem,1.0,35.0,12.0,Aucun,Oui,Nord_Ouest,Rural
1,1.0,1.0,19,Aucun,Mariee,Non,Jamais,Jamais,Jamais,0.0,35.0,16.0,Aucun,Non,Nord_Ouest,Rural
0,0.0,0.0,45,Aucun,Mariee,Non,Jamais,Jamais,Jamais,0.0,64.0,19.0,Primaire,Oui,Nord_Ouest,Rural
0,0.0,0.0,40,Aucun,Mariee,Non,Jamais,Jamais,Jamais,0.0,45.0,5.0,Primaire,Non,Nord_Ouest,Rural
1,1.0,0.0,26,Aucun,Union_libre,Non,Jamais,Au_moins_1x_sem,Jamais,0.6666666666666666,34.0,8.0,Primaire,Oui,Nord_Ouest,Rural
0,0.0,0.0,28,Aucun,Mariee,Non,Jamais,Jamais,Jamais,0.0,32.0,4.0,Aucun,Oui,Nord_Ouest,Rural
1,1.0,1.0,23,Aucun,Union_libre,Oui,Jamais,Jamais,Jamais,0.0,27.0,4.0,Primaire,Oui,Nord_Ouest,Rural
1,1.0,1.0,36,Aucun,Mariee,Non,Jamais,Jamais,Jamais,0.0,38.0,2.0,Primaire,Oui,Nord_Ouest,Rural
1,1.0,1.0,35,Primaire,Mariee,Non,Jamais,Jamais,Jamais,0.0,37.0,2.0,Secondaire,Non,Nord_Ouest,Rural
1,1.0,0.0,46,Primaire,Mariee,Non,Jamais,Moins_1x_sem,Moins_1x_sem,0.6666666666666666,59.0,13.0,Superieur,Oui,Centre,Rural
1,1.0,1.0,22,Secondaire,Union_libre,Non,Jamais,Moins_1x_sem,Au_moins_1x_sem,1.0,27.0,5.0,Superieur,Oui,Centre,Rural
1,1.0,1.0,26,Primaire,Mariee,Non,Jamais,Jamais,Au_moins_1x_sem,0.6666666666666666,39.0,13.0,Superieur,Non,Centre,Rural
1,1.0,1.0,27,Secondaire,Separee,Non,Moins_1x_sem,Moins_1x_sem,Au_moins_1x_sem,1.3333333333333333,38.0,8.0,Superieur,Non,Centre,Rural
1,1.0,1.0,45,Secondaire,Separee,Non,Jamais,Moins_1x_sem,Au_moins_1x_sem,1.0,38.0,8.0,Superieur,Non,Centre,Rural
0,0.0,0.0,29,Aucun,Union_libre,Non,Jamais,Jamais,Jamais,0.0,45.0,16.0,Aucun,Non,Centre,Rural
0,0.0,0.0,36,Secondaire,Mariee,Non,Jamais,Au_moins_1x_sem,Au_moins_1x_sem,1.3333333333333333,39.0,3.0,Superieur,Non,Centre,Rural
1,1.0,0.0,26,Secondaire,Union_libre,Non,Moins_1x_sem,Au_moins_1x_sem,Moins_1x_sem,1.3333333333333333,38.0,12.0,Secondaire,Oui,Centre,Rural
0,0.0,0.0,48,Primaire,Separee,Non,Jamais,Au_moins_1x_sem,Au_moins_1x_sem,1.3333333333333333,38.0,8.0,Superieur,Non,Centre,Rural
0,0.0,0.0,38,Superieur,Separee,Non,Au_moins_1x_sem,Au_moins_1x_sem,Au_moins_1x_sem,2.0,38.0,8.0,Superieur,Non,Littoral,Urbain
0,0.0,0.0,21,Secondaire,Union_libre,Non,Jamais,Jamais,Au_moins_1x_sem,0.6666666666666666,36.0,15.0,Secondaire,Oui,Littoral,Urbain
1,1.0,0.0,37,Primaire,Union_libre,Non,Jamais,Jamais,Au_moins_1x_sem,0.6666666666666666,45.0,8.0,Secondaire,Oui,Littoral,Urbain
0,0.0,0.0,46,Secondaire,Mariee,Non,Jamais,Jamais,Au_moins_1x_sem,0.6666666666666666,59.0,13.0,Superieur,Oui,Littoral,Urbain
0,0.0,0.0,41,Secondaire,Separee,Non,Jamais,Jamais,Jamais,0.0,38.0,8.0,Superieur,Non,Littoral,Urbain
1,1.0,0.0,30,Primaire,Veuve,Non,Jamais,Jamais,Au_moins_1x_sem,0.6666666666666666,38.0,8.0,Superieur,Oui,Littoral,Urbain
1,1.0,0.0,29,Aucun,Mariee,Non,Jamais,Jamais,Jamais,0.0,40.0,11.0,Superieur,Oui,Littoral,Urbain
0,0.0,0.0,27,Superieur,Union_libre,Non,Moins_1x_sem,Au_moins_1x_sem,Au_moins_1x_sem,1.6666666666666667,27.0,0.0,Aucun,Non,Littoral,Urbain
0,0.0,0.0,26,Primaire,Union_libre,Non,Jamais,Jamais,Au_moins_1x_sem,0.6666666666666666,38.0,12.0,Superieur,Oui,Littoral,Urbain
1,1.0,1.0,35,Primaire,Mariee,Non,Jamais,Jamais,Jamais,0.0,45.0,10.0,Secondaire,Non,Sud,Rural
0,0.0,0.0,15,Primaire,Union_libre,Non,Jamais,Jamais,Jamais,0.0,23.0,8.0,Superieur,Non,Sud,Rural
0,0.0,0.0,39,Aucun,Mariee,Non,Jamais,Jamais,Jamais,0.0,53.0,14.0,Aucun,Non,Sud,Rural
0,0.0,0.0,28,Primaire,Mariee,Non,Jamais,Moins_1x_sem,Au_moins_1x_sem,1.0,40.0,12.0,Secondaire,Non,Sud,Rural
0,0.0,0.0,46,Secondaire,Union_libre,Non,Jamais,Jamais,Jamais,0.0,62.0,16.0,Secondaire,Non,Sud,Rural
0,0.0,0.0,44,Primaire,Mariee,Non,Jamais,Jamais,Jamais,0.0,58.0,14.0,Aucun,Non,Sud,Rural
1,1.0,0.0,19,Primaire,Mariee,Oui,Jamais,Moins_1x_sem,Jamais,0.3333333333333333,22.0,3.0,Superieur,Non,Sud,Rural
0,0.0,0.0,34,Primaire,Union_libre,Non,Jamais,Moins_1x_sem,Jamais,0.3333333333333333,42.0,8.0,Superieur,Non,Sud,Rural
0,0.0,0.0,28,Primaire,Union_libre,Non,Jamais,Moins_1x_sem,Moins_1x_sem,0.6666666666666666,50.0,22.0,Aucun,Non,Sud,Rural
0,0.0,0.0,45,Aucun,Mariee,Non,Jamais,Moins_1x_sem,Jamais,0.3333333333333333,50.0,5.0,Aucun,Non,Sud,Rural
1,1.0,0.0,48,Aucun,Mariee,Non,Jamais,Jamais,Jamais,0.0,68.0,20.0,Secondaire,Non,Sud,Rural
0,0.0,0.0,44,Primaire,Veuve,Non,Jamais,Moins_1x_sem,Jamais,0.3333333333333333,38.0,8.0,Superieur,Non,Sud,Rural
0,0.0,0.0,31,Primaire,Divorcee,Non,Jamais,Moins_1x_sem,Jamais,0.3333333333333333,38.0,8.0,Superieur,Non,Sud,Rural
0,0.0,0.0,19,Primaire,Mariee,Non,Jamais,Au_moins_1x_sem,Moins_1x_sem,1.0,25.0,6.0,Superieur,Non,Sud,Rural
1,1.0,0.0,49,Primaire,Mariee,Non,Jamais,Jamais,Au_moins_1x_sem,0.6666666666666666,62.0,13.0,Primaire,Non,Sud,Rural
0,0.0,0.0,22,Primaire,Mariee,Non,Jamais,Jamais,Au_moins_1x_sem,0.6666666666666666,27.0,5.0,Secondaire,Non,Sud,Rural
1,1.0,0.0,45,Primaire,Union_libre,Non,Jamais,Moins_1x_sem,Jamais,0.3333333333333333,58.0,13.0,Secondaire,Non,Sud,Rural
1,1.0,1.0,25,Secondaire,Separee,Non,Jamais,Moins_1x_sem,Au_moins_1x_sem,1.0,38.0,8.0,Superieur,Oui,Nord,Urbain
0,0.0,0.0,35,Primaire,Mariee,Non,Jamais,Jamais,Jamais,0.0,40.0,5.0,Superieur,Oui,Nord,Urbain
0,0.0,0.0,42,Secondaire,Mariee,Non,Jamais,Jamais,Au_moins_1x_sem,0.6666666666666666,43.0,1.0,Superieur,Non,Nord,Urbain
1,1.0,1.0,30,Secondaire,Separee,Non,Jamais,Jamais,Moins_1x_sem,0.3333333333333333,38.0,8.0,Superieur,Oui,Nord,Urbain
1,1.0,0.0,28,Secondaire,Union_libre,Non,Moins_1x_sem,Moins_1x_sem,Jamais,0.6666666666666666,32.0,4.0,Superieur,Non,Nord,Urbain
0,0.0,0.0,28,Primaire,Union_libre,Non,Jamais,Jamais,Au_moins_1x_sem,0.6666666666666666,33.0,5.0,Superieur,Non,Nord,Urbain
0,0.0,0.0,48,Secondaire,Mariee,Non,Au_moins_1x_sem,Jamais,Au_moins_1x_sem,1.3333333333333333,56.0,8.0,Secondaire,Oui,Nord,Urbain
1,1.0,0.0,38,Primaire,Mariee,Non,Jamais,Moins_1x_sem,Au_moins_1x_sem,1.0,47.0,9.0,Secondaire,Non,Nord,Urbain
1,1.0,0.0,45,Secondaire,Separee,Non,Au_moins_1x_sem,Au_moins_1x_sem,Au_moins_1x_sem,2.0,38.0,8.0,Superieur,Oui,Nord,Urbain
0,0.0,0.0,23,Secondaire,Mariee,Non,Jamais,Jamais,Au_moins_1x_sem,0.6666666666666666,35.0,12.0,Superieur,Non,Nord,Urbain
0,0.0,0.0,25,Superieur,Mariee,Non,Moins_1x_sem,Moins_1x_sem,Au_moins_1x_sem,1.3333333333333333,30.0,5.0,Superieur,Oui,Est,Urbain
0,0.0,0.0,28,Secondaire,Mariee,Non,Moins_1x_sem,Moins_1x_sem,Au_moins_1x_sem,1.3333333333333333,35.0,7.0,Superieur,Non,Est,Urbain
0,0.0,0.0,29,Primaire,Mariee,Non,Jamais,Moins_1x_sem,Au_moins_1x_sem,1.0,31.0,2.0,Superieur,Non,Est,Urbain
0,0.0,0.0,40,Secondaire,Mariee,Non,Moins_1x_sem,Moins_1x_sem,Moins_1x_sem,1.0,50.0,10.0,Secondaire,Non,Est,Urbain
0,0.0,0.0,40,Secondaire,Mariee,Non,Au_moins_1x_sem,Au_moins_1x_sem,Au_moins_1x_sem,2.0,59.0,19.0,Superieur,Non,Est,Urbain
0,0.0,0.0,48,Primaire,Mariee,Non,Jamais,Jamais,Au_moins_1x_sem,0.6666666666666666,64.0,16.0,Superieur,Non,Est,Urbain
0,0.0,0.0,32,Secondaire,Mariee,Non,Jamais,Moins_1x_sem,Au_moins_1x_sem,1.0,41.0,9.0,Secondaire,Non,Est,Urbain
0,0.0,0.0,26,Primaire,Mariee,Non,Jamais,Moins_1x_sem,Au_moins_1x_sem,1.0,30.0,4.0,Superieur,Oui,Est,Urbain
0,0.0,0.0,28,Aucun,Mariee,Non,Jamais,Jamais,Au_moins_1x_sem,0.6666666666666666,48.0,20.0,Aucun,Non,Est,Urbain
0,0.0,0.0,18,Secondaire,Mariee,Non,Jamais,Jamais,Au_moins_1x_sem,0.6666666666666666,38.0,20.0,Secondaire,Non,Est,Urbain
0,0.0,0.0,33,Secondaire,Mariee,Non,Jamais,Moins_1x_sem,Au_moins_1x_sem,1.0,41.0,8.0,Superieur,Non,Sud_Ouest,Rural
0,0.0,0.0,38,Secondaire,Union_libre,Non,Jamais,Moins_1x_sem,Au_moins_1x_sem,1.0,42.0,4.0,Superieur,Non,Sud_Ouest,Rural
1,1.0,1.0,31,Primaire,Union_libre,Non,Jamais,Au_moins_1x_sem,Moins_1x_sem,1.0,42.0,11.0,Superieur,Oui,Sud_Ouest,Rural
0,0.0,0.0,26,Secondaire,Union_libre,Non,Moins_1x_sem,Au_moins_1x_sem,Au_moins_1x_sem,1.6666666666666667,33.0,7.0,Superieur,Oui,Sud_Ouest,Rural
1,1.0,1.0,23,Secondaire,Union_libre,Non,Moins_1x_sem,Jamais,Au_moins_1x_sem,1.0,25.0,2.0,Superieur,Non,Sud_Ouest,Rural
0,0.0,0.0,22,Secondaire,Union_libre,Non,Jamais,Jamais,Jamais,0.0,27.0,5.0,Superieur,Oui,Sud_Ouest,Rural
0,0.0,0.0,25,Secondaire,Union_libre,Non,Jamais,Moins_1x_sem,Au_moins_1x_sem,1.0,38.0,13.0,Superieur,Non,Sud_Ouest,Rural
0,0.0,0.0,41,Secondaire,Mariee,Non,Jamais,Au_moins_1x_sem,Moins_1x_sem,1.0,49.0,8.0,Superieur,Non,Centre,Rural
1,1.0,0.0,32,Secondaire,Mariee,Non,Jamais,Moins_1x_sem,Au_moins_1x_sem,1.0,45.0,13.0,Superieur,Oui,Centre,Rural
1,1.0,0.0,42,Primaire,Mariee,Non,Jamais,Jamais,Jamais,0.0,60.0,18.0,Secondaire,Oui,Centre,Rural
1,1.0,0.0,19,Secondaire,Separee,Non,Jamais,Jamais,Jamais,0.0,38.0,8.0,Superieur,Non,Centre,Rural
1,1.0,0.0,42,Primaire,Union_libre,Non,Jamais,Jamais,Jamais,0.0,65.0,23.0,Secondaire,Oui,Centre,Rural
1,1.0,1.0,20,Secondaire,Union_libre,Non,Jamais,Au_moins_1x_sem,Jamais,0.6666666666666666,28.0,8.0,Superieur,Oui,Centre,Rural
0,0.0,0.0,34,Primaire,Union_libre,Non,Moins_1x_sem,Au_moins_1x_sem,Jamais,1.0,41.0,7.0,Superieur,Non,Centre,Rural
1,1.0,1.0,37,Secondaire,Separee,Non,Moins_1x_sem,Moins_1x_sem,Jamais,0.6666666666666666,38.0,8.0,Superieur,Non,Centre,Rural
0,0.0,0.0,35,Aucun,Veuve,Non,Jamais,Jamais,Au_moins_1x_sem,0.6666666666666666,38.0,8.0,Superieur,Non,Sud,Rural
0,0.0,0.0,45,Primaire,Veuve,Non,Jamais,Jamais,Moins_1x_sem,0.3333333333333333,38.0,8.0,Superieur,Non,Sud,Rural
1,1.0,0.0,30,Primaire,Separee,Non,Jamais,Jamais,Au_moins_1x_sem,0.6666666666666666,38.0,8.0,Superieur,Oui,Sud,Rural
1,1.0,1.0,44,Primaire,Mariee,Non,Jamais,Moins_1x_sem,Jamais,0.3333333333333333,60.0,16.0,Aucun,Oui,Sud,Rural
0,0.0,0.0,30,Aucun,Union_libre,Oui,Jamais,Jamais,Jamais,0.0,45.0,15.0,Secondaire,Oui,Sud,Rural
0,0.0,0.0,42,Secondaire,Mariee,Non,Jamais,Au_moins_1x_sem,Au_moins_1x_sem,1.3333333333333333,54.0,12.0,Primaire,Oui,Sud,Rural
0,0.0,0.0,48,Primaire,Mariee,Non,Jamais,Moins_1x_sem,Au_moins_1x_sem,1.0,58.0,10.0,Primaire,Oui,Sud,Rural
1,1.0,0.0,27,Primaire,Separee,Non,Jamais,Jamais,Moins_1x_sem,0.3333333333333333,38.0,8.0,Superieur,Oui,Sud,Rural
0,0.0,0.0,38,Secondaire,Veuve,Non,Jamais,Moins_1x_sem,Moins_1x_sem,0.6666666666666666,38.0,8.0,Superieur,Oui,Sud,Rural
0,0.0,0.0,41,Primaire,Mariee,Non,Jamais,Jamais,Jamais,0.0,65.0,24.0,Primaire,Oui,Sud,Rural
0,0.0,0.0,33,Aucun,Union_libre,Oui,Jamais,Au_moins_1x_sem,Au_moins_1x_sem,1.3333333333333333,52.0,19.0,Aucun,Oui,Sud,Rural
0,0.0,0.0,28,Aucun,Mariee,Non,Jamais,Jamais,Jamais,0.0,34.0,6.0,Aucun,Non,Littoral,Rural
0,0.0,0.0,20,Aucun,Mariee,Non,Jamais,Jamais,Jamais,0.0,21.0,1.0,Aucun,Non,Littoral,Rural
0,0.0,0.0,37,Aucun,Mariee,Non,Jamais,Jamais,Jamais,0.0,46.0,9.0,Aucun,Non,Littoral,Rural
1,1.0,0.0,20,Aucun,Mariee,Non,Jamais,Jamais,Jamais,0.0,24.0,4.0,Aucun,Oui,Littoral,Rural
0,0.0,0.0,35,Aucun,Mariee,Non,Jamais,Jamais,Jamais,0.0,40.0,5.0,Aucun,Non,Littoral,Rural
0,0.0,0.0,39,Aucun,Mariee,Non,Jamais,Jamais,Jamais,0.0,50.0,11.0,Aucun,Oui,Littoral,Rural
0,0.0,0.0,27,Aucun,Mariee,Non,Jamais,Jamais,Jamais,0.0,41.0,14.0,Superieur,Non,Littoral,Rural
0,0.0,0.0,29,Secondaire,Mariee,Non,Jamais,Jamais,Jamais,0.0,35.0,6.0,Primaire,Non,Littoral,Rural
0,0.0,0.0,25,Secondaire,Mariee,Oui,Jamais,Jamais,Jamais,0.0,35.0,10.0,Aucun,Non,Littoral,Rural
1,1.0,1.0,29,Secondaire,Mariee,Non,Jamais,Jamais,Jamais,0.0,36.0,7.0,Aucun,Oui,Littoral,Rural
0,0.0,0.0,25,Secondaire,Mariee,Non,Jamais,Au_moins_1x_sem,Jamais,0.6666666666666666,39.0,14.0,Superieur,Oui,Ouest,Urbain
0,0.0,0.0,34,Superieur,Mariee,Non,Au_moins_1x_sem,Au_moins_1x_sem,Au_moins_1x_sem,2.0,37.0,3.0,Superieur,Non,Ouest,Urbain
0,0.0,0.0,17,Secondaire,Union_libre,Non,Jamais,Jamais,Jamais,0.0,21.0,4.0,Superieur,Oui,Ouest,Urbain
1,1.0,0.0,29,Primaire,Separee,Non,Jamais,Jamais,Jamais,0.0,38.0,8.0,Superieur,Non,Ouest,Urbain
0,0.0,0.0,43,Secondaire,Divorcee,Non,Jamais,Au_moins_1x_sem,Au_moins_1x_sem,1.3333333333333333,38.0,8.0,Superieur,Oui,Ouest,Urbain
0,0.0,0.0,33,Superieur,Mariee,Non,Au_moins_1x_sem,Au_moins_1x_sem,Au_moins_1x_sem,2.0,35.0,2.0,Superieur,Non,Extreme_Nord,Urbain
0,0.0,0.0,27,Secondaire,Union_libre,Non,Jamais,Jamais,Au_moins_1x_sem,0.6666666666666666,40.0,13.0,Superieur,Oui,Extreme_Nord,Urbain
0,0.0,0.0,32,Primaire,Mariee,Non,Jamais,Jamais,Au_moins_1x_sem,0.6666666666666666,42.0,10.0,Superieur,Non,Extreme_Nord,Urbain
0,0.0,0.0,25,Primaire,Union_libre,Oui,Jamais,Jamais,Au_moins_1x_sem,0.6666666666666666,40.0,15.0,Superieur,Non,Extreme_Nord,Urbain
0,0.0,0.0,34,Secondaire,Mariee,Non,Jamais,Au_moins_1x_sem,Au_moins_1x_sem,1.3333333333333333,40.0,6.0,Superieur,Oui,Extreme_Nord,Urbain
0,0.0,0.0,28,Secondaire,Mariee,Non,Moins_1x_sem,Moins_1x_sem,Moins_1x_sem,1.0,36.0,8.0,Superieur,Oui,Extreme_Nord,Urbain
1,1.0,0.0,34,Superieur,Union_libre,Non,Moins_1x_sem,Au_moins_1x_sem,Au_moins_1x_sem,1.6666666666666667,36.0,2.0,Superieur,Oui,Extreme_Nord,Urbain
1,1.0,0.0,25,Secondaire,Mariee,Non,Au_moins_1x_sem,Moins_1x_sem,Au_moins_1x_sem,1.6666666666666667,32.0,7.0,Secondaire,Non,Extreme_Nord,Urbain
0,0.0,0.0,27,Primaire,Mariee,Non,Jamais,Jamais,Jamais,0.0,41.0,14.0,Secondaire,Non,Extreme_Nord,Urbain
1,1.0,0.0,22,Secondaire,Union_libre,Non,Jamais,Jamais,Au_moins_1x_sem,0.6666666666666666,28.0,6.0,Superieur,Oui,Extreme_Nord,Urbain
0,0.0,0.0,29,Superieur,Union_libre,Non,Au_moins_1x_sem,Au_moins_1x_sem,Au_moins_1x_sem,2.0,35.0,6.0,Superieur,Oui,Extreme_Nord,Urbain
0,0.0,0.0,28,Secondaire,Union_libre,Non,Jamais,Au_moins_1x_sem,Au_moins_1x_sem,1.3333333333333333,32.0,4.0,Superieur,Non,Extreme_Nord,Urbain
1,1.0,1.0,31,Secondaire,Separee,Non,Au_moins_1x_sem,Au_moins_1x_sem,Au_moins_1x_sem,2.0,38.0,8.0,Superieur,Oui,Extreme_Nord,Urbain
1,1.0,1.0,33,Secondaire,Divorcee,Non,Jamais,Jamais,Au_moins_1x_sem,0.6666666666666666,38.0,8.0,Superieur,Oui,Extreme_Nord,Urbain
1,1.0,0.0,31,Primaire,Mariee,Non,Jamais,Jamais,Jamais,0.0,31.0,0.0,Primaire,Oui,Nord_Ouest,Rural
0,0.0,0.0,24,Secondaire,Mariee,Non,Jamais,Jamais,Au_moins_1x_sem,0.6666666666666666,32.0,8.0,Primaire,Non,Nord_Ouest,Rural
0,0.0,0.0,34,Aucun,Mariee,Non,Jamais,Jamais,Moins_1x_sem,0.3333333333333333,57.0,23.0,Aucun,Non,Nord_Ouest,Rural
0,0.0,0.0,25,Aucun,Mariee,Non,Jamais,Jamais,Jamais,0.0,41.0,16.0,Primaire,Non,Nord_Ouest,Rural
0,0.0,0.0,29,Aucun,Mariee,Non,Jamais,Jamais,Jamais,0.0,40.0,11.0,Aucun,Non,Nord_Ouest,Rural
0,0.0,0.0,18,Primaire,Mariee,Non,Jamais,Jamais,Jamais,0.0,34.0,16.0,Aucun,Non,Nord_Ouest,Rural
1,1.0,0.0,40,Aucun,Mariee,Non,Jamais,Jamais,Jamais,0.0,48.0,8.0,Aucun,Oui,Nord_Ouest,Rural
0,0.0,0.0,18,Aucun,Mariee,Non,Jamais,Jamais,Au_moins_1x_sem,0.6666666666666666,32.0,14.0,Aucun,Non,Nord_Ouest,Rural
0,0.0,0.0,24,Aucun,Mariee,Non,Jamais,Jamais,Jamais,0.0,35.0,11.0,Superieur,Non,Nord_Ouest,Rural
1,1.0,0.0,27,Primaire,Mariee,Non,Jamais,Jamais,Jamais,0.0,35.0,8.0,Superieur,Non,Nord_Ouest,Rural
0,0.0,0.0,39,Aucun,Mariee,Non,Jamais,Moins_1x_sem,Jamais,0.3333333333333333,45.0,6.0,Aucun,Non,Nord_Ouest,Rural
0,0.0,0.0,24,Primaire,Mariee,Non,Jamais,Jamais,Jamais,0.0,35.0,11.0,Superieur,Non,Nord_Ouest,Rural
0,0.0,0.0,24,Primaire,Mariee,Non,Jamais,Jamais,Jamais,0.0,27.0,3.0,Secondaire,Non,Nord_Ouest,Rural
0,0.0,0.0,32,Primaire,Mariee,Non,Jamais,Jamais,Jamais,0.0,46.0,14.0,Secondaire,Non,Nord_Ouest,Rural
0,0.0,0.0,22,Primaire,Mariee,Non,Jamais,Jamais,Moins_1x_sem,0.3333333333333333,49.0,27.0,Primaire,Non,Nord_Ouest,Rural
0,0.0,0.0,25,Aucun,Mariee,Non,Jamais,Jamais,Jamais,0.0,34.0,9.0,Aucun,Non,Nord_Ouest,Rural
0,0.0,0.0,27,Primaire,Mariee,Non,Moins_1x_sem,Jamais,Moins_1x_sem,0.6666666666666666,38.0,11.0,Superieur,Non,Nord_Ouest,Rural
1,1.0,0.0,23,Primaire,Union_libre,Oui,Jamais,Jamais,Jamais,0.0,30.0,7.0,Primaire,Non,Extreme_Nord,Rural
1,1.0,1.0,35,Secondaire,Separee,Non,Jamais,Jamais,Jamais,0.0,38.0,8.0,Superieur,Oui,Extreme_Nord,Rural
1,1.0,1.0,43,Primaire,Mariee,Non,Jamais,Jamais,Moins_1x_sem,0.3333333333333333,46.0,3.0,Superieur,Oui,Extreme_Nord,Rural
0,0.0,0.0,38,Primaire,Union_libre,Non,Jamais,Jamais,Jamais,0.0,45.0,7.0,Superieur,Oui,Extreme_Nord,Rural
1,1.0,1.0,40,Secondaire,Union_libre,Non,Jamais,Jamais,Jamais,0.0,45.0,5.0,Superieur,Oui,Extreme_Nord,Rural
0,0.0,0.0,24,Secondaire,Union_libre,Non,Jamais,Moins_1x_sem,Moins_1x_sem,0.6666666666666666,42.0,18.0,Superieur,Oui,Extreme_Nord,Rural
1,1.0,0.0,25,Primaire,Union_libre,Non,Jamais,Jamais,Jamais,0.0,35.0,10.0,Primaire,Non,Extreme_Nord,Rural
1,1.0,1.0,38,Aucun,Separee,Non,Jamais,Jamais,Jamais,0.0,38.0,8.0,Superieur,Oui,Extreme_Nord,Rural
1,1.0,1.0,35,Primaire,Divorcee,Non,Jamais,Moins_1x_sem,Moins_1x_sem,0.6666666666666666,38.0,8.0,Superieur,Oui,Extreme_Nord,Rural
1,1.0,1.0,19,Secondaire,Union_libre,Non,Jamais,Jamais,Jamais,0.0,25.0,6.0,Secondaire,Non,Extreme_Nord,Rural
1,1.0,0.0,42,Secondaire,Mariee,Non,Jamais,Jamais,Jamais,0.0,54.0,12.0,Superieur,Non,Extreme_Nord,Rural
0,0.0,0.0,32,Primaire,Mariee,Non,Jamais,Jamais,Jamais,0.0,38.0,6.0,Secondaire,Non,Extreme_Nord,Rural
0,0.0,0.0,23,Primaire,Mariee,Non,Jamais,Jamais,Jamais,0.0,38.0,15.0,Primaire,Non,Extreme_Nord,Rural
1,1.0,0.0,32,Secondaire,Mariee,Non,Moins_1x_sem,Moins_1x_sem,Au_moins_1x_sem,1.3333333333333333,40.0,8.0,Superieur,Oui,Nord,Urbain
0,0.0,0.0,17,Secondaire,Union_libre,Non,Jamais,Jamais,Moins_1x_sem,0.3333333333333333,25.0,8.0,Superieur,Oui,Nord,Urbain
0,0.0,0.0,35,Primaire,Union_libre,Non,Jamais,Au_moins_1x_sem,Moins_1x_sem,1.0,73.0,38.0,Superieur,Non,Nord,Urbain
0,0.0,0.0,16,Secondaire,Union_libre,Oui,Jamais,Jamais,Au_moins_1x_sem,0.6666666666666666,22.0,6.0,Superieur,Non,Nord,Urbain
1,1.0,0.0,38,Primaire,Mariee,Non,Jamais,Jamais,Jamais,0.0,44.0,6.0,Superieur,Oui,Nord,Urbain
1,1.0,0.0,17,Secondaire,Mariee,Non,Jamais,Jamais,Au_moins_1x_sem,0.6666666666666666,24.0,7.0,Superieur,Oui,Nord,Urbain
1,1.0,0.0,33,Primaire,Union_libre,Non,Jamais,Jamais,Au_moins_1x_sem,0.6666666666666666,32.0,-1.0,Secondaire,Oui,Nord,Urbain
0,0.0,0.0,26,Primaire,Union_libre,Non,Jamais,Jamais,Jamais,0.0,40.0,14.0,Superieur,Non,Nord,Urbain
1,1.0,0.0,35,Secondaire,Union_libre,Non,Jamais,Jamais,Au_moins_1x_sem,0.6666666666666666,42.0,7.0,Superieur,Oui,Nord,Urbain
1,1.0,0.0,43,Primaire,Mariee,Oui,Jamais,Jamais,Jamais,0.0,48.0,5.0,Secondaire,Oui,Nord,Urbain
1,1.0,0.0,43,Secondaire,Union_libre,Non,Jamais,Jamais,Jamais,0.0,44.0,1.0,Superieur,Oui,Nord,Urbain
0,0.0,0.0,42,Primaire,Union_libre,Non,Jamais,Jamais,Jamais,0.0,47.0,5.0,Superieur,Oui,Nord,Urbain
1,1.0,1.0,43,Primaire,Mariee,Non,Jamais,Jamais,Au_moins_1x_sem,0.6666666666666666,56.0,13.0,Superieur,Oui,Nord,Urbain
0,0.0,0.0,35,Secondaire,Mariee,Oui,Jamais,Moins_1x_sem,Au_moins_1x_sem,1.0,40.0,5.0,Superieur,Oui,Est,Urbain
0,0.0,0.0,28,Secondaire,Mariee,Non,Jamais,Jamais,Au_moins_1x_sem,0.6666666666666666,37.0,9.0,Secondaire,Oui,Est,Urbain
0,0.0,0.0,23,Secondaire,Mariee,Oui,Jamais,Moins_1x_sem,Au_moins_1x_sem,1.0,29.0,6.0,Superieur,Non,Est,Urbain
0,0.0,0.0,28,Secondaire,Mariee,Non,Jamais,Jamais,Au_moins_1x_sem,0.6666666666666666,35.0,7.0,Secondaire,Non,Est,Urbain
0,0.0,0.0,47,Secondaire,Veuve,Non,Jamais,Au_moins_1x_sem,Au_moins_1x_sem,1.3333333333333333,38.0,8.0,Superieur,Non,Est,Urbain
1,1.0,0.0,32,Secondaire,Mariee,Non,Jamais,Moins_1x_sem,Au_moins_1x_sem,1.0,42.0,10.0,Secondaire,Oui,Est,Urbain
0,0.0,0.0,42,Secondaire,Veuve,Non,Moins_1x_sem,Moins_1x_sem,Au_moins_1x_sem,1.3333333333333333,38.0,8.0,Superieur,Oui,Est,Urbain
1,1.0,1.0,45,Superieur,Mariee,Non,Jamais,Jamais,Au_moins_1x_sem,0.6666666666666666,54.0,9.0,Superieur,Oui,Est,Urbain
0,0.0,0.0,16,Primaire,Mariee,Non,Jamais,Au_moins_1x_sem,Au_moins_1x_sem,1.3333333333333333,21.0,5.0,Secondaire,Oui,Est,Urbain
0,0.0,0.0,30,Primaire,Mariee,Non,Jamais,Moins_1x_sem,Au_moins_1x_sem,1.0,42.0,12.0,Superieur,Oui,Est,Urbain
0,0.0,0.0,27,Superieur,Mariee,Oui,Moins_1x_sem,Moins_1x_sem,Au_moins_1x_sem,1.3333333333333333,34.0,7.0,Superieur,Oui,Est,Urbain
0,0.0,0.0,34,Secondaire,Mariee,Non,Jamais,Moins_1x_sem,Au_moins_1x_sem,1.0,41.0,7.0,Superieur,Non,Nord_Ouest,Urbain
0,0.0,0.0,33,Secondaire,Mariee,Non,Au_moins_1x_sem,Au_moins_1x_sem,Au_moins_1x_sem,2.0,39.0,6.0,Superieur,Non,Nord_Ouest,Urbain
0,0.0,0.0,40,Primaire,Mariee,Non,Jamais,Moins_1x_sem,Au_moins_1x_sem,1.0,52.0,12.0,Aucun,Non,Nord_Ouest,Urbain
0,0.0,0.0,28,Primaire,Union_libre,Non,Jamais,Jamais,Jamais,0.0,30.0,2.0,Primaire,Oui,Nord_Ouest,Urbain
0,0.0,0.0,30,Aucun,Veuve,Non,Jamais,Jamais,Jamais,0.0,38.0,8.0,Superieur,Non,Nord_Ouest,Urbain
1,1.0,0.0,30,Secondaire,Mariee,Non,Jamais,Jamais,Au_moins_1x_sem,0.6666666666666666,35.0,5.0,Superieur,Oui,Nord_Ouest,Urbain
0,0.0,0.0,32,Superieur,Mariee,Non,Au_moins_1x_sem,Au_moins_1x_sem,Au_moins_1x_sem,2.0,39.0,7.0,Superieur,Non,Nord_Ouest,Urbain
0,0.0,0.0,36,Aucun,Mariee,Non,Jamais,Jamais,Jamais,0.0,43.0,7.0,Aucun,Non,Nord_Ouest,Urbain
0,0.0,0.0,24,Superieur,Union_libre,Non,Jamais,Moins_1x_sem,Au_moins_1x_sem,1.0,33.0,9.0,Superieur,Non,Nord_Ouest,Urbain
1,1.0,1.0,31,Aucun,Mariee,Non,Jamais,Jamais,Jamais,0.0,38.0,7.0,Aucun,Non,Adamaoua,Rural
0,0.0,0.0,49,Aucun,Mariee,Non,Jamais,Moins_1x_sem,Jamais,0.3333333333333333,68.0,19.0,Aucun,Non,Adamaoua,Rural
0,0.0,0.0,19,Secondaire,Mariee,Oui,Jamais,Jamais,Jamais,0.0,20.0,1.0,Secondaire,Non,Adamaoua,Rural
1,1.0,0.0,22,Primaire,Mariee,Non,Jamais,Jamais,Jamais,0.0,31.0,9.0,Superieur,Non,Adamaoua,Rural
0,0.0,0.0,30,Aucun,Mariee,Non,Jamais,Jamais,Jamais,0.0,67.0,37.0,Aucun,Non,Adamaoua,Rural
0,0.0,0.0,18,Secondaire,Mariee,Non,Jamais,Jamais,Jamais,0.0,26.0,8.0,Aucun,Non,Adamaoua,Rural
0,0.0,0.0,26,Secondaire,Mariee,Non,Moins_1x_sem,Moins_1x_sem,Jamais,0.6666666666666666,33.0,7.0,Superieur,Oui,Adamaoua,Rural
1,1.0,0.0,26,Aucun,Separee,Non,Jamais,Jamais,Jamais,0.0,38.0,8.0,Superieur,Non,Adamaoua,Rural
0,0.0,0.0,25,Aucun,Mariee,Non,Jamais,Jamais,Jamais,0.0,34.0,9.0,Secondaire,Non,Adamaoua,Rural
0,0.0,0.0,20,Aucun,Union_libre,Non,Jamais,Au_moins_1x_sem,Jamais,0.6666666666666666,36.0,16.0,Secondaire,Non,Adamaoua,Rural
1,1.0,1.0,25,Primaire,Mariee,Oui,Jamais,Au_moins_1x_sem,Jamais,0.6666666666666666,35.0,10.0,Primaire,Non,Adamaoua,Rural
0,0.0,0.0,15,Primaire,Mariee,Non,Jamais,Jamais,Jamais,0.0,20.0,5.0,Superieur,Non,Adamaoua,Rural
0,0.0,0.0,36,Aucun,Union_libre,Non,Jamais,Jamais,Au_moins_1x_sem,0.6666666666666666,56.0,20.0,Aucun,Non,Adamaoua,Rural
1,1.0,1.0,21,Primaire,Veuve,Non,Jamais,Au_moins_1x_sem,Moins_1x_sem,1.0,38.0,8.0,Superieur,Oui,Adamaoua,Rural
1,1.0,0.0,25,Primaire,Mariee,Non,Jamais,Moins_1x_sem,Jamais,0.3333333333333333,37.0,12.0,Superieur,Non,Adamaoua,Rural
0,0.0,0.0,49,Superieur,Separee,Non,Au_moins_1x_sem,Au_moins_1x_sem,Au_moins_1x_sem,2.0,38.0,8.0,Superieur,Non,Est,Urbain
1,1.0,0.0,24,Secondaire,Mariee,Non,Jamais,Au_moins_1x_sem,Au_moins_1x_sem,1.3333333333333333,34.0,10.0,Superieur,Oui,Est,Urbain
1,1.0,0.0,48,Primaire,Separee,Non,Au_moins_1x_sem,Jamais,Jamais,0.6666666666666666,38.0,8.0,Superieur,Oui,Est,Urbain
0,0.0,0.0,30,Secondaire,Mariee,Non,Jamais,Jamais,Au_moins_1x_sem,0.6666666666666666,34.0,4.0,Superieur,Oui,Est,Urbain
0,0.0,0.0,30,Secondaire,Mariee,Non,Jamais,Jamais,Au_moins_1x_sem,0.6666666666666666,37.0,7.0,Secondaire,Oui,Est,Urbain
0,0.0,0.0,21,Secondaire,Union_libre,Non,Moins_1x_sem,Au_moins_1x_sem,Au_moins_1x_sem,1.6666666666666667,27.0,6.0,Superieur,Oui,Est,Urbain
1,1.0,0.0,30,Secondaire,Union_libre,Non,Jamais,Au_moins_1x_sem,Au_moins_1x_sem,1.3333333333333333,39.0,9.0,Superieur,Oui,Est,Urbain
1,1.0,0.0,30,Secondaire,Mariee,Non,Moins_1x_sem,Moins_1x_sem,Moins_1x_sem,1.0,47.0,17.0,Superieur,Oui,Est,Urbain
0,0.0,0.0,33,Primaire,Mariee,Non,Jamais,Jamais,Au_moins_1x_sem,0.6666666666666666,43.0,10.0,Superieur,Oui,Est,Urbain
1,1.0,0.0,46,Aucun,Veuve,Non,Jamais,Jamais,Jamais,0.0,38.0,8.0,Superieur,Oui,Est,Urbain
0,0.0,0.0,32,Secondaire,Mariee,Non,Moins_1x_sem,Au_moins_1x_sem,Au_moins_1x_sem,1.6666666666666667,43.0,11.0,Superieur,Oui,Est,Urbain
0,0.0,0.0,22,Primaire,Union_libre,Non,Jamais,Jamais,Au_moins_1x_sem,0.6666666666666666,28.0,6.0,Superieur,Non,Est,Urbain
0,0.0,0.0,43,Superieur,Mariee,Non,Moins_1x_sem,Au_moins_1x_sem,Au_moins_1x_sem,1.6666666666666667,64.0,21.0,Superieur,Non,Est,Urbain
0,0.0,0.0,35,Secondaire,Mariee,Non,Jamais,Au_moins_1x_sem,Au_moins_1x_sem,1.3333333333333333,45.0,10.0,Superieur,Oui,Est,Urbain
0,0.0,0.0,29,Secondaire,Mariee,Oui,Jamais,Jamais,Moins_1x_sem,0.3333333333333333,32.0,3.0,Superieur,Oui,Est,Urbain
0,0.0,0.0,34,Secondaire,Mariee,Non,Moins_1x_sem,Moins_1x_sem,Au_moins_1x_sem,1.3333333333333333,38.0,4.0,Superieur,Oui,Est,Urbain
0,0.0,0.0,32,Secondaire,Mariee,Non,Jamais,Jamais,Au_moins_1x_sem,0.6666666666666666,35.0,3.0,Superieur,Non,Littoral,Urbain
0,0.0,0.0,28,Aucun,Divorcee,Non,Jamais,Jamais,Au_moins_1x_sem,0.6666666666666666,38.0,8.0,Superieur,Non,Littoral,Urbain
0,0.0,0.0,38,Aucun,Mariee,Non,Jamais,Jamais,Jamais,0.0,52.0,14.0,Aucun,Non,Littoral,Urbain
0,0.0,0.0,23,Aucun,Union_libre,Non,Jamais,Jamais,Au_moins_1x_sem,0.6666666666666666,28.0,5.0,Superieur,Non,Littoral,Urbain
0,0.0,0.0,45,Aucun,Mariee,Non,Jamais,Jamais,Au_moins_1x_sem,0.6666666666666666,55.0,10.0,Superieur,Non,Littoral,Urbain
0,0.0,0.0,26,Aucun,Mariee,Non,Jamais,Jamais,Au_moins_1x_sem,0.6666666666666666,38.0,12.0,Superieur,Non,Littoral,Urbain
1,1.0,0.0,19,Aucun,Divorcee,Non,Jamais,Moins_1x_sem,Moins_1x_sem,0.6666666666666666,38.0,8.0,Superieur,Non,Littoral,Urbain
0,0.0,0.0,27,Secondaire,Mariee,Non,Jamais,Jamais,Au_moins_1x_sem,0.6666666666666666,39.0,12.0,Superieur,Non,Littoral,Urbain
0,0.0,0.0,31,Aucun,Mariee,Non,Jamais,Moins_1x_sem,Au_moins_1x_sem,1.0,31.0,0.0,Superieur,Non,Littoral,Urbain
0,0.0,0.0,27,Primaire,Mariee,Non,Jamais,Jamais,Jamais,0.0,30.0,3.0,Secondaire,Oui,Nord_Ouest,Rural
0,0.0,0.0,18,Aucun,Mariee,Non,Jamais,Jamais,Jamais,0.0,42.0,24.0,Aucun,Non,Nord_Ouest,Rural
0,0.0,0.0,25,Secondaire,Mariee,Non,Jamais,Jamais,Jamais,0.0,35.0,10.0,Superieur,Non,Nord_Ouest,Rural
0,0.0,0.0,27,Secondaire,Mariee,Non,Moins_1x_sem,Moins_1x_sem,Moins_1x_sem,1.0,40.0,13.0,Superieur,Non,Nord_Ouest,Rural
0,0.0,0.0,19,Aucun,Mariee,Non,Jamais,Jamais,Jamais,0.0,26.0,7.0,Primaire,Non,Nord_Ouest,Rural
0,0.0,0.0,37,Secondaire,Mariee,Non,Jamais,Jamais,Jamais,0.0,42.0,5.0,Superieur,Non,Nord_Ouest,Rural
0,0.0,0.0,25,Secondaire,Mariee,Non,Jamais,Jamais,Jamais,0.0,33.0,8.0,Superieur,Non,Nord_Ouest,Rural
0,0.0,0.0,36,Aucun,Mariee,Non,Jamais,Jamais,Jamais,0.0,57.0,21.0,Secondaire,Non,Nord_Ouest,Rural
0,0.0,0.0,49,Aucun,Mariee,Non,Jamais,Jamais,Jamais,0.0,70.0,21.0,Aucun,Non,Nord_Ouest,Rural
0,0.0,0.0,28,Primaire,Mariee,Non,Jamais,Jamais,Jamais,0.0,32.0,4.0,Primaire,Non,Nord_Ouest,Rural
1,1.0,0.0,31,Aucun,Mariee,Non,Jamais,Jamais,Jamais,0.0,37.0,6.0,Aucun,Oui,Nord_Ouest,Rural
0,0.0,0.0,23,Secondaire,Mariee,Non,Jamais,Jamais,Jamais,0.0,28.0,5.0,Aucun,Non,Nord_Ouest,Rural
0,0.0,0.0,40,Aucun,Mariee,Non,Jamais,Jamais,Jamais,0.0,50.0,10.0,Aucun,Non,Nord_Ouest,Rural
0,0.0,0.0,23,Primaire,Mariee,Non,Jamais,Jamais,Jamais,0.0,25.0,2.0,Primaire,Oui,Ouest,Urbain
0,0.0,0.0,35,Primaire,Mariee,Non,Jamais,Moins_1x_sem,Jamais,0.3333333333333333,38.0,3.0,Secondaire,Oui,Ouest,Urbain
0,0.0,0.0,24,Secondaire,Mariee,Non,Jamais,Moins_1x_sem,Au_moins_1x_sem,1.0,32.0,8.0,Secondaire,Oui,Ouest,Urbain
1,1.0,1.0,16,Primaire,Mariee,Non,Jamais,Moins_1x_sem,Moins_1x_sem,0.6666666666666666,18.0,2.0,Secondaire,Oui,Ouest,Urbain
1,1.0,1.0,26,Primaire,Mariee,Non,Jamais,Jamais,Jamais,0.0,30.0,4.0,Secondaire,Oui,Ouest,Urbain
0,0.0,0.0,49,Aucun,Veuve,Non,Jamais,Jamais,Jamais,0.0,38.0,8.0,Superieur,Non,Ouest,Urbain
0,0.0,0.0,43,Primaire,Mariee,Non,Jamais,Au_moins_1x_sem,Jamais,0.6666666666666666,60.0,17.0,Secondaire,Oui,Ouest,Urbain
0,0.0,0.0,35,Primaire,Mariee,Non,Jamais,Jamais,Jamais,0.0,45.0,10.0,Secondaire,Non,Ouest,Urbain
0,0.0,0.0,35,Aucun,Mariee,Non,Jamais,Au_moins_1x_sem,Moins_1x_sem,1.0,31.0,-4.0,Secondaire,Oui,Ouest,Urbain
0,0.0,0.0,43,Aucun,Mariee,Non,Jamais,Jamais,Jamais,0.0,68.0,25.0,Primaire,Oui,Littoral,Rural
0,0.0,0.0,45,Primaire,Veuve,Non,Jamais,Moins_1x_sem,Jamais,0.3333333333333333,38.0,8.0,Superieur,Non,Littoral,Rural
0,0.0,0.0,48,Aucun,Veuve,Non,Jamais,Jamais,Jamais,0.0,38.0,8.0,Superieur,Non,Littoral,Rural
0,0.0,0.0,20,Secondaire,Mariee,Non,Jamais,Jamais,Jamais,0.0,30.0,10.0,Superieur,Oui,Littoral,Rural
0,0.0,0.0,27,Aucun,Mariee,Non,Jamais,Jamais,Jamais,0.0,35.0,8.0,Aucun,Oui,Littoral,Rural
0,0.0,0.0,24,Primaire,Mariee,Non,Jamais,Jamais,Jamais,0.0,35.0,11.0,Superieur,Oui,Littoral,Rural
0,0.0,0.0,25,Aucun,Mariee,Non,Jamais,Jamais,Jamais,0.0,30.0,5.0,Aucun,Non,Littoral,Rural
0,0.0,0.0,37,Aucun,Mariee,Non,Jamais,Jamais,Jamais,0.0,45.0,8.0,Aucun,Non,Littoral,Rural
0,0.0,0.0,34,Aucun,Mariee,Non,Jamais,Jamais,Jamais,0.0,51.0,17.0,Aucun,Non,Littoral,Rural
0,0.0,0.0,26,Aucun,Mariee,Non,Jamais,Jamais,Jamais,0.0,32.0,6.0,Aucun,Non,Littoral,Rural
1,1.0,0.0,35,Superieur,Mariee,Non,Moins_1x_sem,Au_moins_1x_sem,Au_moins_1x_sem,1.6666666666666667,33.0,-2.0,Superieur,Oui,Sud_Ouest,Urbain
1,1.0,0.0,35,Primaire,Union_libre,Non,Jamais,Au_moins_1x_sem,Au_moins_1x_sem,1.3333333333333333,38.0,3.0,Superieur,Oui,Sud_Ouest,Urbain
0,0.0,0.0,32,Secondaire,Mariee,Non,Moins_1x_sem,Au_moins_1x_sem,Au_moins_1x_sem,1.6666666666666667,53.0,21.0,Secondaire,Non,Sud_Ouest,Urbain
1,1.0,1.0,24,Secondaire,Union_libre,Oui,Moins_1x_sem,Jamais,Au_moins_1x_sem,1.0,29.0,5.0,Superieur,Oui,Sud_Ouest,Urbain
0,0.0,0.0,34,Secondaire,Mariee,Non,Jamais,Jamais,Au_moins_1x_sem,0.6666666666666666,40.0,6.0,Superieur,Non,Sud_Ouest,Urbain
1,1.0,1.0,42,Secondaire,Separee,Non,Jamais,Jamais,Moins_1x_sem,0.3333333333333333,38.0,8.0,Superieur,Oui,Sud_Ouest,Urbain
0,0.0,0.0,39,Primaire,Union_libre,Non,Jamais,Au_moins_1x_sem,Au_moins_1x_sem,1.3333333333333333,39.0,0.0,Primaire,Non,Sud_Ouest,Urbain
1,1.0,0.0,25,Aucun,Union_libre,Non,Jamais,Jamais,Jamais,0.0,28.0,3.0,Secondaire,Oui,Sud_Ouest,Urbain
0,0.0,0.0,25,Secondaire,Mariee,Non,Jamais,Jamais,Au_moins_1x_sem,0.6666666666666666,35.0,10.0,Secondaire,Oui,Sud_Ouest,Urbain
1,1.0,0.0,22,Secondaire,Mariee,Non,Moins_1x_sem,Moins_1x_sem,Moins_1x_sem,1.0,28.0,6.0,Superieur,Oui,Sud_Ouest,Urbain
0,0.0,0.0,18,Secondaire,Union_libre,Non,Jamais,Jamais,Au_moins_1x_sem,0.6666666666666666,29.0,11.0,Superieur,Non,Sud_Ouest,Urbain
1,1.0,1.0,24,Secondaire,Union_libre,Non,Jamais,Au_moins_1x_sem,Au_moins_1x_sem,1.3333333333333333,47.0,23.0,Primaire,Oui,Sud_Ouest,Urbain
0,0.0,0.0,22,Aucun,Mariee,Oui,Jamais,Jamais,Jamais,0.0,32.0,10.0,Secondaire,Non,Sud_Ouest,Urbain
1,1.0,0.0,23,Secondaire,Union_libre,Non,Jamais,Moins_1x_sem,Au_moins_1x_sem,1.0,30.0,7.0,Superieur,Oui,Sud_Ouest,Urbain
1,1.0,0.0,40,Secondaire,Mariee,Non,Jamais,Jamais,Jamais,0.0,56.0,16.0,Superieur,Oui,Sud_Ouest,Urbain
0,0.0,0.0,37,Secondaire,Mariee,Non,Jamais,Jamais,Au_moins_1x_sem,0.6666666666666666,46.0,9.0,Superieur,Non,Littoral,Urbain
0,0.0,0.0,32,Secondaire,Mariee,Non,Jamais,Moins_1x_sem,Au_moins_1x_sem,1.0,40.0,8.0,Superieur,Non,Littoral,Urbain
0,0.0,0.0,33,Secondaire,Mariee,Non,Moins_1x_sem,Au_moins_1x_sem,Au_moins_1x_sem,1.6666666666666667,45.0,12.0,Superieur,Non,Littoral,Urbain
0,0.0,0.0,32,Superieur,Mariee,Oui,Moins_1x_sem,Au_moins_1x_sem,Au_moins_1x_sem,1.6666666666666667,39.0,7.0,Superieur,Oui,Littoral,Urbain
0,0.0,0.0,43,Superieur,Mariee,Non,Moins_1x_sem,Au_moins_1x_sem,Au_moins_1x_sem,1.6666666666666667,50.0,7.0,Superieur,Non,Littoral,Urbain
0,0.0,0.0,34,Secondaire,Mariee,Non,Jamais,Jamais,Moins_1x_sem,0.3333333333333333,43.0,9.0,Superieur,Non,Littoral,Urbain
0,0.0,0.0,25,Secondaire,Union_libre,Non,Jamais,Jamais,Au_moins_1x_sem,0.6666666666666666,36.0,11.0,Secondaire,Oui,Littoral,Urbain
0,0.0,0.0,24,Secondaire,Mariee,Non,Jamais,Jamais,Au_moins_1x_sem,0.6666666666666666,34.0,10.0,Superieur,Oui,Littoral,Urbain
0,0.0,0.0,33,Superieur,Union_libre,Non,Moins_1x_sem,Au_moins_1x_sem,Au_moins_1x_sem,1.6666666666666667,33.0,0.0,Superieur,Non,Littoral,Urbain
0,0.0,0.0,40,Aucun,Mariee,Non,Jamais,Jamais,Jamais,0.0,74.0,34.0,Aucun,Non,Nord_Ouest,Rural
0,0.0,0.0,42,Aucun,Veuve,Non,Jamais,Jamais,Jamais,0.0,38.0,8.0,Superieur,Non,Nord_Ouest,Rural
0,0.0,0.0,42,Aucun,Mariee,Non,Jamais,Jamais,Jamais,0.0,40.0,-2.0,Primaire,Non,Nord_Ouest,Rural
0,0.0,0.0,35,Aucun,Mariee,Oui,Jamais,Jamais,Jamais,0.0,40.0,5.0,Aucun,Non,Nord_Ouest,Rural
1,1.0,0.0,46,Aucun,Mariee,Non,Jamais,Jamais,Jamais,0.0,66.0,20.0,Aucun,Oui,Nord_Ouest,Rural
1,1.0,0.0,27,Primaire,Mariee,Oui,Jamais,Jamais,Jamais,0.0,37.0,10.0,Secondaire,Oui,Nord_Ouest,Rural
0,0.0,0.0,23,Primaire,Mariee,Non,Jamais,Jamais,Jamais,0.0,27.0,4.0,Superieur,Non,Nord_Ouest,Rural
0,0.0,0.0,16,Primaire,Mariee,Non,Jamais,Jamais,Jamais,0.0,22.0,6.0,Superieur,Non,Nord_Ouest,Rural
0,0.0,0.0,29,Aucun,Mariee,Non,Jamais,Jamais,Jamais,0.0,32.0,3.0,Primaire,Non,Nord_Ouest,Rural
0,0.0,0.0,40,Aucun,Mariee,Non,Jamais,Jamais,Jamais,0.0,60.0,20.0,Aucun,Non,Nord_Ouest,Rural
0,0.0,0.0,30,Aucun,Mariee,Non,Jamais,Jamais,Jamais,0.0,41.0,11.0,Primaire,Non,Nord_Ouest,Rural
0,0.0,0.0,28,Aucun,Mariee,Non,Jamais,Jamais,Jamais,0.0,37.0,9.0,Aucun,Non,Nord_Ouest,Rural
1,1.0,1.0,32,Aucun,Mariee,Non,Jamais,Jamais,Jamais,0.0,40.0,8.0,Aucun,Oui,Nord_Ouest,Rural
0,0.0,0.0,40,Aucun,Mariee,Non,Jamais,Jamais,Jamais,0.0,50.0,10.0,Aucun,Non,Nord_Ouest,Rural
0,0.0,0.0,27,Aucun,Mariee,Non,Jamais,Jamais,Jamais,0.0,50.0,23.0,Aucun,Non,Nord_Ouest,Rural
1,1.0,1.0,30,Aucun,Separee,Non,Jamais,Jamais,Jamais,0.0,38.0,8.0,Superieur,Oui,Nord_Ouest,Rural
1,1.0,0.0,38,Primaire,Mariee,Non,Jamais,Jamais,Jamais,0.0,44.0,6.0,Superieur,Oui,Littoral,Rural
0,0.0,0.0,38,Primaire,Mariee,Non,Jamais,Jamais,Jamais,0.0,42.0,4.0,Primaire,Oui,Littoral,Rural
0,0.0,0.0,33,Aucun,Mariee,Non,Jamais,Jamais,Jamais,0.0,35.0,2.0,Primaire,Non,Littoral,Rural
1,1.0,0.0,36,Aucun,Mariee,Non,Jamais,Moins_1x_sem,Jamais,0.3333333333333333,47.0,11.0,Superieur,Oui,Littoral,Rural
0,0.0,0.0,35,Primaire,Mariee,Non,Jamais,Jamais,Jamais,0.0,40.0,5.0,Superieur,Non,Littoral,Rural
0,0.0,0.0,19,Aucun,Mariee,Non,Jamais,Jamais,Jamais,0.0,28.0,9.0,Primaire,Non,Littoral,Rural
0,0.0,0.0,24,Aucun,Mariee,Non,Jamais,Jamais,Jamais,0.0,34.0,10.0,Superieur,Oui,Littoral,Rural
0,0.0,0.0,42,Aucun,Divorcee,Non,Jamais,Jamais,Jamais,0.0,38.0,8.0,Superieur,Oui,Littoral,Rural
1,1.0,0.0,34,Aucun,Mariee,Oui,Jamais,Jamais,Jamais,0.0,45.0,11.0,Primaire,Oui,Littoral,Rural
0,0.0,0.0,33,Primaire,Mariee,Non,Jamais,Jamais,Jamais,0.0,35.0,2.0,Superieur,Non,Littoral,Rural
0,0.0,0.0,30,Aucun,Mariee,Non,Jamais,Jamais,Jamais,0.0,44.0,14.0,Primaire,Oui,Littoral,Rural
1,1.0,1.0,29,Aucun,Divorcee,Non,Jamais,Jamais,Jamais,0.0,38.0,8.0,Superieur,Oui,Littoral,Rural
0,0.0,0.0,49,Aucun,Veuve,Non,Jamais,Jamais,Jamais,0.0,38.0,8.0,Superieur,Non,Littoral,Rural
0,0.0,0.0,39,Aucun,Mariee,Non,Jamais,Jamais,Jamais,0.0,43.0,4.0,Primaire,Non,Littoral,Rural
1,1.0,0.0,35,Aucun,Mariee,Non,Jamais,Jamais,Jamais,0.0,45.0,10.0,Superieur,Oui,Littoral,Rural
1,1.0,0.0,48,Primaire,Veuve,Non,Jamais,Jamais,Jamais,0.0,38.0,8.0,Superieur,Non,Littoral,Rural
0,0.0,0.0,38,Primaire,Mariee,Non,Jamais,Moins_1x_sem,Jamais,0.3333333333333333,44.0,6.0,Superieur,Non,Littoral,Rural
0,0.0,0.0,48,Aucun,Mariee,Non,Jamais,Jamais,Jamais,0.0,55.0,7.0,Primaire,Non,Littoral,Urbain
0,0.0,0.0,30,Aucun,Mariee,Non,Jamais,Jamais,Jamais,0.0,35.0,5.0,Aucun,Non,Littoral,Urbain
0,0.0,0.0,19,Primaire,Mariee,Non,Jamais,Jamais,Jamais,0.0,30.0,11.0,Aucun,Oui,Littoral,Urbain
0,0.0,0.0,22,Aucun,Mariee,Non,Jamais,Jamais,Jamais,0.0,25.0,3.0,Aucun,Non,Littoral,Urbain
0,0.0,0.0,18,Aucun,Mariee,Non,Jamais,Jamais,Jamais,0.0,20.0,2.0,Aucun,Non,Littoral,Urbain
1,1.0,0.0,31,Aucun,Mariee,Non,Jamais,Jamais,Jamais,0.0,45.0,14.0,Aucun,Non,Littoral,Urbain
0,0.0,0.0,27,Aucun,Mariee,Non,Jamais,Moins_1x_sem,Jamais,0.3333333333333333,33.0,6.0,Aucun,Non,Littoral,Urbain
0,0.0,0.0,22,Aucun,Mariee,Oui,Jamais,Jamais,Jamais,0.0,37.0,15.0,Aucun,Non,Littoral,Urbain
1,1.0,0.0,34,Aucun,Mariee,Non,Jamais,Jamais,Jamais,0.0,45.0,11.0,Aucun,Non,Littoral,Urbain
0,0.0,0.0,48,Aucun,Mariee,Non,Jamais,Jamais,Jamais,0.0,65.0,17.0,Aucun,Non,Littoral,Urbain
0,0.0,0.0,20,Aucun,Mariee,Non,Jamais,Jamais,Jamais,0.0,29.0,9.0,Aucun,Non,Littoral,Urbain
0,0.0,0.0,25,Aucun,Mariee,Non,Jamais,Jamais,Jamais,0.0,34.0,9.0,Secondaire,Non,Littoral,Urbain
0,0.0,0.0,22,Aucun,Mariee,Non,Jamais,Jamais,Jamais,0.0,42.0,20.0,Aucun,Non,Littoral,Urbain
0,0.0,0.0,18,Aucun,Mariee,Non,Jamais,Jamais,Jamais,0.0,34.0,16.0,Aucun,Non,Littoral,Urbain
0,0.0,0.0,18,Primaire,Mariee,Non,Jamais,Jamais,Jamais,0.0,27.0,9.0,Aucun,Non,Littoral,Urbain
0,0.0,0.0,40,Aucun,Mariee,Non,Jamais,Jamais,Jamais,0.0,62.0,22.0,Aucun,Non,Littoral,Urbain
0,0.0,0.0,24,Aucun,Mariee,Non,Jamais,Jamais,Jamais,0.0,30.0,6.0,Aucun,Non,Littoral,Rural
0,0.0,0.0,25,Primaire,Mariee,Oui,Jamais,Jamais,Jamais,0.0,29.0,4.0,Primaire,Oui,Littoral,Rural
0,0.0,0.0,38,Aucun,Divorcee,Non,Jamais,Jamais,Jamais,0.0,38.0,8.0,Superieur,Non,Littoral,Rural
1,1.0,0.0,20,Primaire,Mariee,Non,Jamais,Jamais,Jamais,0.0,30.0,10.0,Primaire,Oui,Littoral,Rural
0,0.0,0.0,28,Aucun,Mariee,Non,Jamais,Jamais,Jamais,0.0,50.0,22.0,Secondaire,Oui,Littoral,Rural
0,0.0,0.0,18,Primaire,Mariee,Oui,Jamais,Jamais,Jamais,0.0,35.0,17.0,Primaire,Oui,Littoral,Rural
0,0.0,0.0,33,Primaire,Mariee,Non,Jamais,Moins_1x_sem,Jamais,0.3333333333333333,37.0,4.0,Primaire,Oui,Littoral,Rural
0,0.0,0.0,25,Aucun,Mariee,Non,Jamais,Jamais,Jamais,0.0,27.0,2.0,Secondaire,Non,Littoral,Rural
0,0.0,0.0,45,Aucun,Mariee,Non,Jamais,Jamais,Jamais,0.0,82.0,37.0,Aucun,Oui,Littoral,Rural
1,1.0,1.0,25,Aucun,Mariee,Oui,Jamais,Jamais,Jamais,0.0,42.0,17.0,Aucun,Oui,Littoral,Rural
1,1.0,1.0,18,Secondaire,Mariee,Non,Jamais,Jamais,Jamais,0.0,21.0,3.0,Superieur,Oui,Littoral,Rural
0,0.0,0.0,20,Aucun,Mariee,Non,Jamais,Jamais,Jamais,0.0,24.0,4.0,Superieur,Non,Littoral,Rural
1,1.0,0.0,37,Secondaire,Mariee,Non,Jamais,Au_moins_1x_sem,Au_moins_1x_sem,1.3333333333333333,38.0,1.0,Superieur,Non,Littoral,Urbain
0,0.0,0.0,33,Primaire,Mariee,Non,Jamais,Au_moins_1x_sem,Au_moins_1x_sem,1.3333333333333333,40.0,7.0,Aucun,Oui,Littoral,Urbain
0,0.0,0.0,30,Superieur,Mariee,Non,Moins_1x_sem,Moins_1x_sem,Moins_1x_sem,1.0,38.0,8.0,Superieur,Oui,Littoral,Urbain
0,0.0,0.0,40,Superieur,Mariee,Non,Moins_1x_sem,Jamais,Au_moins_1x_sem,1.0,50.0,10.0,Superieur,Non,Littoral,Urbain
0,0.0,0.0,38,Primaire,Veuve,Non,Jamais,Jamais,Jamais,0.0,38.0,8.0,Superieur,Oui,Littoral,Urbain
1,1.0,1.0,32,Secondaire,Mariee,Non,Jamais,Au_moins_1x_sem,Au_moins_1x_sem,1.3333333333333333,42.0,10.0,Superieur,Oui,Littoral,Urbain
1,1.0,0.0,32,Superieur,Mariee,Non,Jamais,Jamais,Au_moins_1x_sem,0.6666666666666666,42.0,10.0,Superieur,Oui,Littoral,Urbain
0,0.0,0.0,38,Secondaire,Mariee,Non,Moins_1x_sem,Au_moins_1x_sem,Au_moins_1x_sem,1.6666666666666667,44.0,6.0,Secondaire,Non,Littoral,Urbain
0,0.0,0.0,27,Secondaire,Mariee,Non,Jamais,Au_moins_1x_sem,Au_moins_1x_sem,1.3333333333333333,37.0,10.0,Secondaire,Non,Littoral,Urbain
0,0.0,0.0,31,Secondaire,Mariee,Non,Jamais,Au_moins_1x_sem,Au_moins_1x_sem,1.3333333333333333,44.0,13.0,Secondaire,Oui,Littoral,Urbain
0,0.0,0.0,33,Primaire,Union_libre,Non,Jamais,Jamais,Jamais,0.0,43.0,10.0,Superieur,Non,Centre,Rural
0,0.0,0.0,33,Primaire,Mariee,Non,Jamais,Jamais,Jamais,0.0,42.0,9.0,Secondaire,Oui,Centre,Rural
1,1.0,0.0,49,Primaire,Separee,Non,Moins_1x_sem,Moins_1x_sem,Moins_1x_sem,1.0,38.0,8.0,Superieur,Oui,Centre,Rural
0,0.0,0.0,35,Secondaire,Mariee,Non,Jamais,Jamais,Jamais,0.0,40.0,5.0,Superieur,Oui,Centre,Rural
1,1.0,1.0,40,Secondaire,Union_libre,Non,Jamais,Jamais,Jamais,0.0,52.0,12.0,Primaire,Oui,Centre,Rural
0,0.0,0.0,28,Primaire,Union_libre,Non,Jamais,Jamais,Jamais,0.0,28.0,0.0,Secondaire,Non,Centre,Rural
1,1.0,0.0,20,Primaire,Union_libre,Non,Jamais,Au_moins_1x_sem,Jamais,0.6666666666666666,32.0,12.0,Secondaire,Oui,Centre,Rural
0,0.0,0.0,28,Primaire,Mariee,Non,Jamais,Jamais,Jamais,0.0,38.0,10.0,Secondaire,Non,Centre,Rural
1,1.0,0.0,25,Primaire,Union_libre,Non,Jamais,Jamais,Jamais,0.0,30.0,5.0,Superieur,Non,Centre,Rural
0,0.0,0.0,38,Primaire,Union_libre,Non,Moins_1x_sem,Au_moins_1x_sem,Moins_1x_sem,1.3333333333333333,41.0,3.0,Superieur,Oui,Centre,Rural
1,1.0,0.0,36,Secondaire,Union_libre,Non,Jamais,Jamais,Jamais,0.0,30.0,-6.0,Superieur,Oui,Centre,Rural
1,1.0,0.0,33,Primaire,Mariee,Non,Jamais,Au_moins_1x_sem,Jamais,0.6666666666666666,27.0,-6.0,Secondaire,Oui,Centre,Rural
1,1.0,1.0,32,Secondaire,Union_libre,Non,Moins_1x_sem,Au_moins_1x_sem,Jamais,1.0,37.0,5.0,Secondaire,Oui,Centre,Rural
0,0.0,0.0,28,Secondaire,Mariee,Non,Jamais,Jamais,Jamais,0.0,35.0,7.0,Superieur,Oui,Centre,Rural
0,0.0,0.0,23,Aucun,Mariee,Non,Jamais,Jamais,Jamais,0.0,29.0,6.0,Aucun,Non,Littoral,Rural
0,0.0,0.0,30,Aucun,Mariee,Non,Jamais,Jamais,Jamais,0.0,42.0,12.0,Aucun,Non,Littoral,Rural
1,1.0,0.0,29,Primaire,Mariee,Non,Jamais,Jamais,Jamais,0.0,43.0,14.0,Aucun,Oui,Littoral,Rural
0,0.0,0.0,22,Aucun,Mariee,Non,Jamais,Jamais,Jamais,0.0,34.0,12.0,Aucun,Non,Littoral,Rural
0,0.0,0.0,37,Aucun,Mariee,Non,Jamais,Jamais,Jamais,0.0,53.0,16.0,Aucun,Non,Littoral,Rural
0,0.0,0.0,20,Aucun,Mariee,Non,Jamais,Jamais,Jamais,0.0,25.0,5.0,Primaire,Non,Littoral,Rural
1,1.0,0.0,26,Primaire,Mariee,Non,Jamais,Jamais,Jamais,0.0,29.0,3.0,Aucun,Non,Littoral,Rural
1,1.0,0.0,18,Aucun,Separee,Oui,Jamais,Jamais,Jamais,0.0,38.0,8.0,Superieur,Non,Littoral,Rural
0,0.0,0.0,18,Secondaire,Mariee,Non,Jamais,Jamais,Jamais,0.0,22.0,4.0,Superieur,Non,Littoral,Rural
0,0.0,0.0,21,Secondaire,Mariee,Non,Jamais,Jamais,Jamais,0.0,28.0,7.0,Superieur,Oui,Littoral,Rural
0,0.0,0.0,26,Aucun,Mariee,Non,Jamais,Jamais,Jamais,0.0,40.0,14.0,Aucun,Non,Littoral,Rural
1,1.0,0.0,18,Primaire,Mariee,Non,Jamais,Jamais,Jamais,0.0,22.0,4.0,Superieur,Oui,Littoral,Rural
0,0.0,0.0,37,Aucun,Mariee,Oui,Jamais,Jamais,Jamais,0.0,48.0,11.0,Primaire,Non,Littoral,Rural
0,0.0,0.0,27,Primaire,Mariee,Non,Jamais,Jamais,Jamais,0.0,26.0,-1.0,Superieur,Non,Littoral,Rural
0,0.0,0.0,15,Primaire,Mariee,Oui,Jamais,Jamais,Jamais,0.0,28.0,13.0,Primaire,Non,Littoral,Rural
0,0.0,0.0,29,Primaire,Mariee,Non,Jamais,Jamais,Jamais,0.0,36.0,7.0,Superieur,Non,Littoral,Rural
0,0.0,0.0,28,Aucun,Mariee,Oui,Jamais,Jamais,Jamais,0.0,35.0,7.0,Aucun,Non,Littoral,Rural
0,0.0,0.0,24,Secondaire,Union_libre,Non,Jamais,Jamais,Jamais,0.0,28.0,4.0,Superieur,Non,Littoral,Rural
1,1.0,0.0,25,Aucun,Mariee,Non,Jamais,Jamais,Jamais,0.0,63.0,38.0,Aucun,Non,Nord_Ouest,Urbain
1,1.0,0.0,30,Primaire,Mariee,Non,Jamais,Au_moins_1x_sem,Au_moins_1x_sem,1.3333333333333333,52.0,22.0,Primaire,Non,Nord_Ouest,Urbain
0,0.0,0.0,34,Primaire,Mariee,Oui,Jamais,Jamais,Jamais,0.0,47.0,13.0,Superieur,Non,Nord_Ouest,Urbain
0,0.0,0.0,47,Aucun,Mariee,Non,Jamais,Jamais,Jamais,0.0,69.0,22.0,Aucun,Non,Nord_Ouest,Urbain
0,0.0,0.0,15,Aucun,Mariee,Non,Jamais,Jamais,Jamais,0.0,30.0,15.0,Aucun,Non,Nord_Ouest,Urbain
0,0.0,0.0,29,Primaire,Mariee,Non,Jamais,Jamais,Moins_1x_sem,0.3333333333333333,35.0,6.0,Secondaire,Non,Nord_Ouest,Urbain
1,1.0,1.0,22,Secondaire,Union_libre,Non,Jamais,Jamais,Jamais,0.0,25.0,3.0,Superieur,Non,Nord_Ouest,Urbain
0,0.0,0.0,40,Aucun,Veuve,Non,Jamais,Jamais,Jamais,0.0,38.0,8.0,Superieur,Non,Nord_Ouest,Urbain
1,1.0,1.0,40,Secondaire,Mariee,Non,Au_moins_1x_sem,Au_moins_1x_sem,Au_moins_1x_sem,2.0,43.0,3.0,Superieur,Oui,Nord_Ouest,Urbain
1,1.0,1.0,34,Aucun,Mariee,Non,Jamais,Jamais,Jamais,0.0,38.0,4.0,Superieur,Non,Nord_Ouest,Urbain
0,0.0,0.0,20,Primaire,Mariee,Non,Jamais,Jamais,Moins_1x_sem,0.3333333333333333,34.0,14.0,Primaire,Non,Nord_Ouest,Urbain
0,0.0,0.0,20,Aucun,Mariee,Oui,Jamais,Au_moins_1x_sem,Au_moins_1x_sem,1.3333333333333333,50.0,30.0,Primaire,Non,Nord_Ouest,Urbain
1,1.0,1.0,36,Primaire,Mariee,Non,Jamais,Jamais,Jamais,0.0,62.0,26.0,Secondaire,Oui,Nord_Ouest,Urbain
1,1.0,0.0,39,Primaire,Mariee,Non,Jamais,Jamais,Au_moins_1x_sem,0.6666666666666666,41.0,2.0,Superieur,Non,Nord_Ouest,Urbain
0,0.0,0.0,21,Secondaire,Mariee,Non,Jamais,Moins_1x_sem,Au_moins_1x_sem,1.0,43.0,22.0,Aucun,Non,Nord_Ouest,Urbain
0,0.0,0.0,49,Aucun,Mariee,Non,Jamais,Moins_1x_sem,Au_moins_1x_sem,1.0,39.0,-10.0,Aucun,Non,Nord_Ouest,Urbain
1,1.0,0.0,20,Primaire,Separee,Non,Jamais,Moins_1x_sem,Moins_1x_sem,0.6666666666666666,38.0,8.0,Superieur,Non,Nord_Ouest,Urbain
0,0.0,0.0,46,Aucun,Veuve,Non,Jamais,Jamais,Jamais,0.0,38.0,8.0,Superieur,Non,Nord_Ouest,Urbain
1,1.0,1.0,39,Aucun,Mariee,Non,Jamais,Jamais,Jamais,0.0,68.0,29.0,Superieur,Non,Nord_Ouest,Urbain
1,1.0,1.0,34,Secondaire,Mariee,Non,Jamais,Au_moins_1x_sem,Jamais,0.6666666666666666,42.0,8.0,Superieur,Non,Ouest,Urbain
1,1.0,0.0,23,Secondaire,Separee,Oui,Jamais,Jamais,Jamais,0.0,38.0,8.0,Superieur,Non,Ouest,Urbain
0,0.0,0.0,38,Secondaire,Mariee,Non,Jamais,Jamais,Jamais,0.0,40.0,2.0,Secondaire,Oui,Ouest,Urbain
0,0.0,0.0,37,Aucun,Veuve,Non,Jamais,Jamais,Jamais,0.0,38.0,8.0,Superieur,Non,Ouest,Urbain
1,1.0,1.0,31,Secondaire,Mariee,Non,Jamais,Moins_1x_sem,Jamais,0.3333333333333333,41.0,10.0,Superieur,Oui,Ouest,Urbain
0,0.0,0.0,39,Primaire,Separee,Non,Jamais,Jamais,Jamais,0.0,38.0,8.0,Superieur,Oui,Ouest,Urbain
1,1.0,1.0,30,Secondaire,Mariee,Non,Jamais,Au_moins_1x_sem,Moins_1x_sem,1.0,34.0,4.0,Superieur,Non,Ouest,Urbain
0,0.0,0.0,18,Secondaire,Mariee,Non,Jamais,Au_moins_1x_sem,Jamais,0.6666666666666666,27.0,9.0,Superieur,Non,Ouest,Urbain
1,1.0,0.0,42,Primaire,Divorcee,Non,Jamais,Jamais,Jamais,0.0,38.0,8.0,Superieur,Oui,Ouest,Urbain
1,1.0,0.0,28,Secondaire,Mariee,Non,Moins_1x_sem,Moins_1x_sem,Moins_1x_sem,1.0,36.0,8.0,Secondaire,Oui,Ouest,Urbain
0,0.0,0.0,26,Primaire,Mariee,Non,Jamais,Au_moins_1x_sem,Jamais,0.6666666666666666,36.0,10.0,Secondaire,Oui,Ouest,Urbain
1,1.0,0.0,47,Primaire,Union_libre,Non,Jamais,Jamais,Jamais,0.0,49.0,2.0,Secondaire,Oui,Nord,Rural
0,0.0,0.0,26,Secondaire,Mariee,Non,Jamais,Jamais,Au_moins_1x_sem,0.6666666666666666,30.0,4.0,Superieur,Non,Nord,Rural
0,0.0,0.0,36,Primaire,Mariee,Oui,Jamais,Jamais,Jamais,0.0,48.0,12.0,Secondaire,Non,Nord,Rural
0,0.0,0.0,20,Secondaire,Mariee,Non,Jamais,Au_moins_1x_sem,Au_moins_1x_sem,1.3333333333333333,27.0,7.0,Superieur,Oui,Nord,Rural
1,1.0,1.0,29,Primaire,Mariee,Oui,Jamais,Jamais,Au_moins_1x_sem,0.6666666666666666,34.0,5.0,Secondaire,Oui,Nord,Rural
1,1.0,0.0,38,Secondaire,Union_libre,Non,Jamais,Jamais,Au_moins_1x_sem,0.6666666666666666,42.0,4.0,Secondaire,Oui,Nord,Rural
1,1.0,0.0,27,Secondaire,Mariee,Non,Jamais,Jamais,Moins_1x_sem,0.3333333333333333,29.0,2.0,Primaire,Oui,Nord,Rural
1,1.0,0.0,30,Primaire,Mariee,Non,Jamais,Jamais,Jamais,0.0,34.0,4.0,Primaire,Oui,Nord,Rural
1,1.0,0.0,39,Secondaire,Mariee,Non,Jamais,Jamais,Au_moins_1x_sem,0.6666666666666666,43.0,4.0,Superieur,Oui,Est,Urbain
0,0.0,0.0,21,Secondaire,Union_libre,Non,Jamais,Jamais,Au_moins_1x_sem,0.6666666666666666,23.0,2.0,Superieur,Oui,Est,Urbain
1,1.0,1.0,38,Secondaire,Separee,Non,Jamais,Jamais,Au_moins_1x_sem,0.6666666666666666,38.0,8.0,Superieur,Oui,Est,Urbain
1,1.0,0.0,22,Secondaire,Mariee,Oui,Jamais,Au_moins_1x_sem,Au_moins_1x_sem,1.3333333333333333,34.0,12.0,Superieur,Oui,Est,Urbain
1,1.0,0.0,28,Secondaire,Union_libre,Non,Jamais,Au_moins_1x_sem,Au_moins_1x_sem,1.3333333333333333,32.0,4.0,Superieur,Oui,Est,Urbain
0,0.0,0.0,33,Primaire,Separee,Non,Jamais,Jamais,Jamais,0.0,38.0,8.0,Superieur,Oui,Ouest,Rural
0,0.0,0.0,24,Primaire,Mariee,Non,Jamais,Moins_1x_sem,Moins_1x_sem,0.6666666666666666,35.0,11.0,Secondaire,Non,Ouest,Rural
0,0.0,0.0,28,Primaire,Mariee,Non,Jamais,Moins_1x_sem,Moins_1x_sem,0.6666666666666666,38.0,10.0,Secondaire,Non,Ouest,Rural
0,0.0,0.0,22,Secondaire,Separee,Non,Jamais,Moins_1x_sem,Moins_1x_sem,0.6666666666666666,38.0,8.0,Superieur,Oui,Ouest,Rural
0,0.0,0.0,34,Primaire,Mariee,Non,Jamais,Jamais,Jamais,0.0,42.0,8.0,Secondaire,Non,Ouest,Rural
0,0.0,0.0,22,Primaire,Mariee,Non,Jamais,Jamais,Jamais,0.0,60.0,38.0,Secondaire,Non,Ouest,Rural
0,0.0,0.0,48,Aucun,Mariee,Non,Jamais,Jamais,Jamais,0.0,95.0,47.0,Aucun,Non,Ouest,Rural
1,1.0,1.0,48,Secondaire,Separee,Non,Jamais,Moins_1x_sem,Moins_1x_sem,0.6666666666666666,38.0,8.0,Superieur,Oui,Ouest,Rural
0,0.0,0.0,22,Primaire,Mariee,Non,Jamais,Moins_1x_sem,Moins_1x_sem,0.6666666666666666,32.0,10.0,Secondaire,Oui,Ouest,Rural
0,0.0,0.0,46,Primaire,Veuve,Non,Jamais,Jamais,Jamais,0.0,38.0,8.0,Superieur,Oui,Ouest,Rural
0,0.0,0.0,47,Aucun,Veuve,Non,Jamais,Jamais,Jamais,0.0,38.0,8.0,Superieur,Non,Ouest,Rural
0,0.0,0.0,42,Primaire,Mariee,Non,Jamais,Jamais,Jamais,0.0,52.0,10.0,Primaire,Non,Littoral,Urbain
0,0.0,0.0,32,Primaire,Union_libre,Non,Jamais,Jamais,Au_moins_1x_sem,0.6666666666666666,37.0,5.0,Secondaire,Non,Littoral,Urbain
0,0.0,0.0,36,Secondaire,Union_libre,Non,Au_moins_1x_sem,Au_moins_1x_sem,Au_moins_1x_sem,2.0,31.0,-5.0,Superieur,Non,Littoral,Urbain
1,1.0,0.0,39,Secondaire,Separee,Non,Au_moins_1x_sem,Au_moins_1x_sem,Au_moins_1x_sem,2.0,38.0,8.0,Superieur,Oui,Littoral,Urbain
0,0.0,0.0,45,Aucun,Mariee,Non,Jamais,Au_moins_1x_sem,Moins_1x_sem,1.0,46.0,1.0,Aucun,Oui,Littoral,Urbain
0,0.0,0.0,46,Primaire,Union_libre,Non,Jamais,Jamais,Au_moins_1x_sem,0.6666666666666666,47.0,1.0,Secondaire,Non,Littoral,Urbain
1,1.0,0.0,27,Secondaire,Union_libre,Non,Jamais,Jamais,Au_moins_1x_sem,0.6666666666666666,38.0,11.0,Superieur,Oui,Littoral,Urbain
0,0.0,0.0,44,Primaire,Veuve,Non,Jamais,Au_moins_1x_sem,Au_moins_1x_sem,1.3333333333333333,38.0,8.0,Superieur,Non,Littoral,Urbain
1,1.0,0.0,24,Primaire,Union_libre,Oui,Jamais,Jamais,Au_moins_1x_sem,0.6666666666666666,34.0,10.0,Secondaire,Oui,Littoral,Urbain
0,0.0,0.0,49,Primaire,Veuve,Non,Jamais,Jamais,Au_moins_1x_sem,0.6666666666666666,38.0,8.0,Superieur,Oui,Littoral,Urbain
1,1.0,0.0,30,Aucun,Union_libre,Non,Jamais,Jamais,Jamais,0.0,30.0,0.0,Aucun,Non,Littoral,Urbain
1,1.0,0.0,20,Primaire,Separee,Non,Jamais,Jamais,Jamais,0.0,38.0,8.0,Superieur,Oui,Extreme_Nord,Rural
1,1.0,0.0,33,Primaire,Union_libre,Non,Jamais,Jamais,Jamais,0.0,45.0,12.0,Secondaire,Oui,Extreme_Nord,Rural
0,0.0,0.0,27,Primaire,Union_libre,Non,Jamais,Jamais,Jamais,0.0,43.0,16.0,Primaire,Oui,Extreme_Nord,Rural
0,0.0,0.0,20,Primaire,Union_libre,Non,Jamais,Jamais,Jamais,0.0,25.0,5.0,Primaire,Non,Extreme_Nord,Rural
1,1.0,0.0,30,Secondaire,Veuve,Non,Moins_1x_sem,Moins_1x_sem,Jamais,0.6666666666666666,38.0,8.0,Superieur,Oui,Extreme_Nord,Rural
1,1.0,0.0,32,Primaire,Union_libre,Oui,Jamais,Jamais,Jamais,0.0,27.0,-5.0,Superieur,Oui,Extreme_Nord,Rural
0,0.0,0.0,46,Primaire,Union_libre,Non,Jamais,Jamais,Jamais,0.0,49.0,3.0,Primaire,Oui,Extreme_Nord,Rural
0,0.0,0.0,36,Primaire,Union_libre,Non,Jamais,Jamais,Jamais,0.0,56.0,20.0,Primaire,Oui,Extreme_Nord,Rural
0,0.0,0.0,23,Primaire,Union_libre,Non,Jamais,Jamais,Jamais,0.0,36.0,13.0,Superieur,Oui,Extreme_Nord,Rural
0,0.0,0.0,30,Aucun,Mariee,Non,Jamais,Jamais,Jamais,0.0,42.0,12.0,Secondaire,Non,Extreme_Nord,Rural
0,0.0,0.0,26,Primaire,Mariee,Oui,Jamais,Moins_1x_sem,Moins_1x_sem,0.6666666666666666,28.0,2.0,Primaire,Oui,Extreme_Nord,Rural
0,0.0,0.0,16,Primaire,Union_libre,Oui,Jamais,Jamais,Jamais,0.0,19.0,3.0,Primaire,Oui,Extreme_Nord,Rural
0,0.0,0.0,32,Primaire,Mariee,Non,Jamais,Jamais,Jamais,0.0,37.0,5.0,Secondaire,Oui,Extreme_Nord,Rural
0,0.0,0.0,24,Primaire,Mariee,Oui,Jamais,Moins_1x_sem,Moins_1x_sem,0.6666666666666666,25.0,1.0,Superieur,Oui,Extreme_Nord,Rural
0,0.0,0.0,48,Primaire,Mariee,Non,Jamais,Moins_1x_sem,Au_moins_1x_sem,1.0,60.0,12.0,Superieur,Oui,Sud,Urbain
0,0.0,0.0,33,Secondaire,Veuve,Non,Jamais,Moins_1x_sem,Au_moins_1x_sem,1.0,38.0,8.0,Superieur,Oui,Sud,Urbain
1,1.0,1.0,23,Secondaire,Mariee,Non,Jamais,Au_moins_1x_sem,Au_moins_1x_sem,1.3333333333333333,26.0,3.0,Superieur,Oui,Sud,Urbain
1,1.0,0.0,29,Superieur,Mariee,Non,Jamais,Moins_1x_sem,Au_moins_1x_sem,1.0,32.0,3.0,Secondaire,Oui,Sud,Urbain
0,0.0,0.0,48,Superieur,Mariee,Non,Jamais,Au_moins_1x_sem,Au_moins_1x_sem,1.3333333333333333,53.0,5.0,Superieur,Non,Sud,Urbain
1,1.0,0.0,28,Secondaire,Mariee,Oui,Moins_1x_sem,Jamais,Au_moins_1x_sem,1.0,32.0,4.0,Primaire,Oui,Sud,Urbain
0,0.0,0.0,30,Secondaire,Mariee,Non,Jamais,Au_moins_1x_sem,Au_moins_1x_sem,1.3333333333333333,34.0,4.0,Superieur,Non,Sud,Urbain
1,1.0,0.0,37,Secondaire,Separee,Non,Moins_1x_sem,Au_moins_1x_sem,Au_moins_1x_sem,1.6666666666666667,38.0,8.0,Superieur,Non,Sud,Urbain
0,0.0,0.0,20,Secondaire,Mariee,Non,Moins_1x_sem,Moins_1x_sem,Au_moins_1x_sem,1.3333333333333333,26.0,6.0,Superieur,Non,Sud,Urbain
0,0.0,0.0,22,Superieur,Mariee,Non,Moins_1x_sem,Au_moins_1x_sem,Au_moins_1x_sem,1.6666666666666667,26.0,4.0,Superieur,Oui,Sud,Urbain
1,1.0,0.0,33,Secondaire,Divorcee,Non,Jamais,Moins_1x_sem,Au_moins_1x_sem,1.0,38.0,8.0,Superieur,Oui,Sud,Urbain
1,1.0,0.0,40,Primaire,Mariee,Non,Jamais,Jamais,Au_moins_1x_sem,0.6666666666666666,42.0,2.0,Secondaire,Oui,Centre,Urbain
0,0.0,0.0,22,Aucun,Mariee,Non,Jamais,Jamais,Au_moins_1x_sem,0.6666666666666666,42.0,20.0,Aucun,Non,Centre,Urbain
0,0.0,0.0,41,Secondaire,Mariee,Non,Moins_1x_sem,Moins_1x_sem,Au_moins_1x_sem,1.3333333333333333,43.0,2.0,Superieur,Oui,Centre,Urbain
0,0.0,0.0,42,Secondaire,Mariee,Oui,Jamais,Jamais,Jamais,0.0,53.0,11.0,Superieur,Non,Centre,Urbain
1,1.0,0.0,22,Primaire,Union_libre,Non,Jamais,Jamais,Au_moins_1x_sem,0.6666666666666666,33.0,11.0,Secondaire,Oui,Centre,Urbain
0,0.0,0.0,24,Secondaire,Union_libre,Non,Moins_1x_sem,Jamais,Au_moins_1x_sem,1.0,35.0,11.0,Superieur,Oui,Centre,Urbain
0,0.0,0.0,25,Aucun,Mariee,Non,Jamais,Jamais,Jamais,0.0,50.0,25.0,Primaire,Non,Centre,Urbain
0,0.0,0.0,26,Secondaire,Union_libre,Non,Au_moins_1x_sem,Au_moins_1x_sem,Au_moins_1x_sem,2.0,35.0,9.0,Superieur,Oui,Est,Urbain
1,1.0,0.0,36,Secondaire,Separee,Non,Moins_1x_sem,Jamais,Jamais,0.3333333333333333,38.0,8.0,Superieur,Non,Est,Urbain
1,1.0,0.0,38,Secondaire,Veuve,Non,Moins_1x_sem,Moins_1x_sem,Au_moins_1x_sem,1.3333333333333333,38.0,8.0,Superieur,Oui,Est,Urbain
0,0.0,0.0,38,Secondaire,Mariee,Non,Jamais,Au_moins_1x_sem,Au_moins_1x_sem,1.3333333333333333,47.0,9.0,Superieur,Oui,Est,Urbain
0,0.0,0.0,29,Secondaire,Union_libre,Non,Jamais,Jamais,Au_moins_1x_sem,0.6666666666666666,30.0,1.0,Superieur,Oui,Est,Urbain
0,0.0,0.0,21,Secondaire,Union_libre,Non,Jamais,Jamais,Au_moins_1x_sem,0.6666666666666666,27.0,6.0,Secondaire,Oui,Centre,Urbain
1,1.0,0.0,34,Secondaire,Union_libre,Non,Jamais,Jamais,Jamais,0.0,37.0,3.0,Superieur,Oui,Centre,Urbain
0,0.0,0.0,22,Secondaire,Union_libre,Non,Moins_1x_sem,Jamais,Moins_1x_sem,0.6666666666666666,22.0,0.0,Secondaire,Oui,Centre,Urbain
0,0.0,0.0,20,Secondaire,Union_libre,Non,Jamais,Jamais,Au_moins_1x_sem,0.6666666666666666,29.0,9.0,Superieur,Oui,Centre,Urbain
0,0.0,0.0,21,Secondaire,Mariee,Non,Jamais,Jamais,Jamais,0.0,41.0,20.0,Superieur,Non,Centre,Urbain
1,1.0,0.0,35,Superieur,Mariee,Non,Au_moins_1x_sem,Au_moins_1x_sem,Au_moins_1x_sem,2.0,37.0,2.0,Superieur,Non,Centre,Urbain
1,1.0,0.0,22,Secondaire,Union_libre,Oui,Jamais,Jamais,Jamais,0.0,23.0,1.0,Superieur,Non,Centre,Urbain
0,0.0,0.0,41,Secondaire,Separee,Non,Jamais,Au_moins_1x_sem,Au_moins_1x_sem,1.3333333333333333,38.0,8.0,Superieur,Oui,Centre,Urbain
1,1.0,0.0,33,Primaire,Mariee,Non,Moins_1x_sem,Moins_1x_sem,Jamais,0.6666666666666666,47.0,14.0,Secondaire,Oui,Centre,Urbain
1,1.0,1.0,28,Primaire,Mariee,Non,Jamais,Au_moins_1x_sem,Au_moins_1x_sem,1.3333333333333333,34.0,6.0,Superieur,Oui,Est,Urbain
0,0.0,0.0,26,Superieur,Mariee,Oui,Moins_1x_sem,Moins_1x_sem,Au_moins_1x_sem,1.3333333333333333,35.0,9.0,Superieur,Oui,Est,Urbain
0,0.0,0.0,38,Secondaire,Mariee,Non,Moins_1x_sem,Moins_1x_sem,Au_moins_1x_sem,1.3333333333333333,52.0,14.0,Superieur,Oui,Est,Urbain
0,0.0,0.0,48,Secondaire,Veuve,Non,Jamais,Jamais,Au_moins_1x_sem,0.6666666666666666,38.0,8.0,Superieur,Non,Est,Urbain
1,1.0,1.0,29,Secondaire,Mariee,Non,Jamais,Jamais,Au_moins_1x_sem,0.6666666666666666,37.0,8.0,Superieur,Oui,Est,Urbain
0,0.0,0.0,24,Secondaire,Mariee,Non,Au_moins_1x_sem,Jamais,Au_moins_1x_sem,1.3333333333333333,28.0,4.0,Superieur,Oui,Est,Urbain
0,0.0,0.0,49,Primaire,Veuve,Non,Moins_1x_sem,Moins_1x_sem,Au_moins_1x_sem,1.3333333333333333,38.0,8.0,Superieur,Oui,Est,Urbain
0,0.0,0.0,30,Secondaire,Mariee,Non,Jamais,Au_moins_1x_sem,Moins_1x_sem,1.0,44.0,14.0,Secondaire,Oui,Est,Urbain
1,1.0,0.0,30,Superieur,Mariee,Non,Jamais,Au_moins_1x_sem,Au_moins_1x_sem,1.3333333333333333,39.0,9.0,Superieur,Oui,Est,Urbain
0,0.0,0.0,32,Secondaire,Union_libre,Non,Moins_1x_sem,Moins_1x_sem,Au_moins_1x_sem,1.3333333333333333,45.0,13.0,Superieur,Oui,Est,Urbain
1,1.0,0.0,32,Secondaire,Union_libre,Non,Jamais,Moins_1x_sem,Au_moins_1x_sem,1.0,35.0,3.0,Secondaire,Oui,Est,Urbain
1,1.0,0.0,30,Aucun,Mariee,Non,Jamais,Jamais,Jamais,0.0,40.0,10.0,Aucun,Oui,Nord_Ouest,Rural
0,0.0,0.0,30,Aucun,Mariee,Non,Jamais,Jamais,Jamais,0.0,40.0,10.0,Aucun,Oui,Nord_Ouest,Rural
1,1.0,1.0,33,Secondaire,Separee,Non,Jamais,Jamais,Jamais,0.0,38.0,8.0,Superieur,Oui,Nord_Ouest,Rural
1,1.0,0.0,32,Secondaire,Mariee,Non,Jamais,Jamais,Jamais,0.0,50.0,18.0,Aucun,Oui,Nord_Ouest,Rural
0,0.0,0.0,35,Aucun,Mariee,Non,Jamais,Jamais,Jamais,0.0,57.0,22.0,Aucun,Non,Nord_Ouest,Rural
1,1.0,0.0,19,Primaire,Mariee,Non,Jamais,Jamais,Jamais,0.0,30.0,11.0,Aucun,Non,Nord_Ouest,Rural
0,0.0,0.0,33,Aucun,Mariee,Non,Jamais,Jamais,Jamais,0.0,40.0,7.0,Aucun,Non,Nord_Ouest,Rural
0,0.0,0.0,27,Aucun,Mariee,Non,Jamais,Jamais,Jamais,0.0,34.0,7.0,Aucun,Oui,Nord_Ouest,Rural
0,0.0,0.0,23,Aucun,Mariee,Non,Jamais,Jamais,Jamais,0.0,35.0,12.0,Primaire,Non,Nord_Ouest,Rural
1,1.0,0.0,23,Primaire,Mariee,Non,Moins_1x_sem,Au_moins_1x_sem,Au_moins_1x_sem,1.6666666666666667,32.0,9.0,Superieur,Oui,Adamaoua,Urbain
1,1.0,0.0,29,Primaire,Mariee,Non,Jamais,Jamais,Jamais,0.0,33.0,4.0,Primaire,Oui,Adamaoua,Urbain
0,0.0,0.0,26,Primaire,Veuve,Non,Jamais,Jamais,Au_moins_1x_sem,0.6666666666666666,38.0,8.0,Superieur,Non,Adamaoua,Urbain
0,0.0,0.0,32,Aucun,Mariee,Non,Jamais,Jamais,Au_moins_1x_sem,0.6666666666666666,35.0,3.0,Aucun,Oui,Adamaoua,Urbain
0,0.0,0.0,17,Aucun,Mariee,Non,Jamais,Jamais,Jamais,0.0,40.0,23.0,Aucun,Non,Adamaoua,Urbain
1,1.0,0.0,23,Primaire,Mariee,Oui,Jamais,Jamais,Jamais,0.0,32.0,9.0,Primaire,Oui,Adamaoua,Urbain
0,0.0,0.0,20,Primaire,Mariee,Non,Jamais,Jamais,Au_moins_1x_sem,0.6666666666666666,45.0,25.0,Aucun,Non,Adamaoua,Urbain
0,0.0,0.0,45,Primaire,Veuve,Non,Jamais,Au_moins_1x_sem,Au_moins_1x_sem,1.3333333333333333,38.0,8.0,Superieur,Non,Adamaoua,Urbain
1,1.0,0.0,40,Aucun,Divorcee,Non,Jamais,Jamais,Jamais,0.0,38.0,8.0,Superieur,Non,Adamaoua,Urbain
0,0.0,0.0,20,Primaire,Mariee,Non,Moins_1x_sem,Au_moins_1x_sem,Au_moins_1x_sem,1.6666666666666667,25.0,5.0,Superieur,Non,Adamaoua,Urbain
0,0.0,0.0,38,Secondaire,Mariee,Non,Jamais,Au_moins_1x_sem,Au_moins_1x_sem,1.3333333333333333,44.0,6.0,Superieur,Oui,Adamaoua,Urbain
0,0.0,0.0,22,Aucun,Mariee,Non,Jamais,Jamais,Au_moins_1x_sem,0.6666666666666666,36.0,14.0,Superieur,Non,Adamaoua,Urbain
0,0.0,0.0,29,Secondaire,Mariee,Non,Moins_1x_sem,Au_moins_1x_sem,Au_moins_1x_sem,1.6666666666666667,44.0,15.0,Superieur,Oui,Adamaoua,Urbain
0,0.0,0.0,41,Aucun,Mariee,Non,Jamais,Jamais,Au_moins_1x_sem,0.6666666666666666,57.0,16.0,Aucun,Non,Adamaoua,Urbain
0,0.0,0.0,30,Secondaire,Mariee,Oui,Jamais,Moins_1x_sem,Au_moins_1x_sem,1.0,45.0,15.0,Superieur,Non,Adamaoua,Urbain
0,0.0,0.0,47,Aucun,Mariee,Non,Jamais,Au_moins_1x_sem,Au_moins_1x_sem,1.3333333333333333,60.0,13.0,Aucun,Non,Adamaoua,Urbain
0,0.0,0.0,35,Aucun,Veuve,Non,Jamais,Jamais,Jamais,0.0,38.0,8.0,Superieur,Non,Extreme_Nord,Urbain
0,0.0,0.0,20,Aucun,Mariee,Non,Jamais,Jamais,Jamais,0.0,22.0,2.0,Aucun,Non,Extreme_Nord,Urbain
0,0.0,0.0,22,Primaire,Mariee,Non,Jamais,Jamais,Jamais,0.0,30.0,8.0,Primaire,Non,Extreme_Nord,Urbain
0,0.0,0.0,30,Primaire,Mariee,Non,Moins_1x_sem,Au_moins_1x_sem,Au_moins_1x_sem,1.6666666666666667,40.0,10.0,Superieur,Non,Extreme_Nord,Urbain
0,0.0,0.0,32,Aucun,Veuve,Non,Jamais,Moins_1x_sem,Au_moins_1x_sem,1.0,38.0,8.0,Superieur,Non,Extreme_Nord,Urbain
0,0.0,0.0,30,Aucun,Divorcee,Non,Jamais,Jamais,Jamais,0.0,38.0,8.0,Superieur,Non,Extreme_Nord,Urbain
0,0.0,0.0,41,Aucun,Mariee,Non,Jamais,Jamais,Jamais,0.0,53.0,12.0,Aucun,Non,Extreme_Nord,Urbain
0,0.0,0.0,25,Primaire,Mariee,Oui,Jamais,Moins_1x_sem,Au_moins_1x_sem,1.0,36.0,11.0,Secondaire,Non,Extreme_Nord,Urbain
0,0.0,0.0,20,Aucun,Mariee,Non,Jamais,Moins_1x_sem,Jamais,0.3333333333333333,40.0,20.0,Aucun,Non,Extreme_Nord,Urbain
0,0.0,0.0,31,Primaire,Mariee,Non,Jamais,Au_moins_1x_sem,Au_moins_1x_sem,1.3333333333333333,31.0,0.0,Aucun,Non,Extreme_Nord,Urbain
0,0.0,0.0,25,Aucun,Mariee,Non,Jamais,Jamais,Jamais,0.0,35.0,10.0,Aucun,Non,Extreme_Nord,Urbain
0,0.0,0.0,21,Primaire,Mariee,Oui,Jamais,Jamais,Au_moins_1x_sem,0.6666666666666666,26.0,5.0,Aucun,Non,Extreme_Nord,Urbain
0,0.0,0.0,48,Aucun,Veuve,Non,Jamais,Jamais,Jamais,0.0,38.0,8.0,Superieur,Non,Extreme_Nord,Urbain
0,0.0,0.0,39,Secondaire,Separee,Non,Jamais,Jamais,Moins_1x_sem,0.3333333333333333,38.0,8.0,Superieur,Oui,Sud,Urbain
1,1.0,0.0,30,Secondaire,Union_libre,Non,Jamais,Jamais,Au_moins_1x_sem,0.6666666666666666,43.0,13.0,Secondaire,Oui,Sud,Urbain
0,0.0,0.0,26,Secondaire,Mariee,Oui,Moins_1x_sem,Au_moins_1x_sem,Au_moins_1x_sem,1.6666666666666667,35.0,9.0,Superieur,Oui,Sud,Urbain
0,0.0,0.0,28,Secondaire,Union_libre,Non,Jamais,Moins_1x_sem,Au_moins_1x_sem,1.0,36.0,8.0,Superieur,Oui,Sud,Urbain
1,1.0,0.0,30,Secondaire,Union_libre,Non,Jamais,Au_moins_1x_sem,Au_moins_1x_sem,1.3333333333333333,35.0,5.0,Secondaire,Oui,Sud,Urbain
1,1.0,0.0,28,Secondaire,Mariee,Oui,Jamais,Moins_1x_sem,Au_moins_1x_sem,1.0,34.0,6.0,Secondaire,Oui,Sud,Urbain
1,1.0,0.0,21,Secondaire,Union_libre,Oui,Jamais,Jamais,Au_moins_1x_sem,0.6666666666666666,29.0,8.0,Superieur,Oui,Sud,Urbain
1,1.0,0.0,33,Primaire,Union_libre,Non,Jamais,Moins_1x_sem,Au_moins_1x_sem,1.0,43.0,10.0,Superieur,Oui,Sud,Urbain
1,1.0,1.0,30,Secondaire,Union_libre,Oui,Jamais,Jamais,Au_moins_1x_sem,0.6666666666666666,32.0,2.0,Primaire,Oui,Sud,Urbain
0,0.0,0.0,17,Secondaire,Union_libre,Non,Jamais,Jamais,Au_moins_1x_sem,0.6666666666666666,26.0,9.0,Superieur,Non,Sud,Urbain
1,1.0,0.0,33,Secondaire,Separee,Non,Jamais,Jamais,Jamais,0.0,38.0,8.0,Superieur,Oui,Sud,Urbain
0,0.0,0.0,24,Secondaire,Mariee,Non,Jamais,Jamais,Moins_1x_sem,0.3333333333333333,36.0,12.0,Superieur,Oui,Sud,Urbain
1,1.0,0.0,33,Primaire,Separee,Non,Jamais,Au_moins_1x_sem,Jamais,0.6666666666666666,38.0,8.0,Superieur,Oui,Sud_Ouest,Urbain
0,0.0,0.0,20,Secondaire,Separee,Non,Jamais,Jamais,Moins_1x_sem,0.3333333333333333,38.0,8.0,Superieur,Non,Sud_Ouest,Urbain
0,0.0,0.0,38,Aucun,Union_libre,Non,Jamais,Jamais,Jamais,0.0,40.0,2.0,Aucun,Non,Sud_Ouest,Urbain
1,1.0,0.0,28,Secondaire,Union_libre,Non,Moins_1x_sem,Moins_1x_sem,Au_moins_1x_sem,1.3333333333333333,31.0,3.0,Superieur,Oui,Sud_Ouest,Urbain
0,0.0,0.0,30,Secondaire,Union_libre,Non,Au_moins_1x_sem,Jamais,Au_moins_1x_sem,1.3333333333333333,42.0,12.0,Superieur,Non,Sud_Ouest,Urbain
0,0.0,0.0,30,Secondaire,Mariee,Non,Moins_1x_sem,Moins_1x_sem,Au_moins_1x_sem,1.3333333333333333,42.0,12.0,Superieur,Non,Sud_Ouest,Urbain
0,0.0,0.0,28,Secondaire,Union_libre,Oui,Jamais,Moins_1x_sem,Au_moins_1x_sem,1.0,38.0,10.0,Superieur,Oui,Sud_Ouest,Urbain
0,0.0,0.0,18,Secondaire,Union_libre,Non,Jamais,Au_moins_1x_sem,Au_moins_1x_sem,1.3333333333333333,31.0,13.0,Superieur,Non,Sud_Ouest,Urbain
0,0.0,0.0,37,Secondaire,Separee,Non,Au_moins_1x_sem,Au_moins_1x_sem,Au_moins_1x_sem,2.0,38.0,8.0,Superieur,Non,Sud_Ouest,Urbain
0,0.0,0.0,41,Secondaire,Union_libre,Non,Au_moins_1x_sem,Au_moins_1x_sem,Au_moins_1x_sem,2.0,53.0,12.0,Superieur,Non,Sud_Ouest,Urbain
0,0.0,0.0,46,Secondaire,Separee,Non,Jamais,Au_moins_1x_sem,Au_moins_1x_sem,1.3333333333333333,38.0,8.0,Superieur,Non,Centre,Urbain
1,1.0,0.0,29,Primaire,Mariee,Non,Jamais,Jamais,Au_moins_1x_sem,0.6666666666666666,39.0,10.0,Secondaire,Oui,Centre,Urbain
1,1.0,1.0,36,Secondaire,Mariee,Non,Moins_1x_sem,Jamais,Au_moins_1x_sem,1.0,44.0,8.0,Superieur,Oui,Centre,Urbain
0,0.0,0.0,28,Primaire,Mariee,Non,Jamais,Jamais,Au_moins_1x_sem,0.6666666666666666,45.0,17.0,Primaire,Non,Centre,Urbain
0,0.0,0.0,30,Primaire,Union_libre,Non,Jamais,Jamais,Jamais,0.0,50.0,20.0,Secondaire,Non,Centre,Urbain
0,0.0,0.0,30,Primaire,Separee,Non,Jamais,Jamais,Jamais,0.0,38.0,8.0,Superieur,Non,Centre,Urbain
1,1.0,0.0,28,Primaire,Mariee,Oui,Jamais,Jamais,Au_moins_1x_sem,0.6666666666666666,38.0,10.0,Secondaire,Non,Centre,Urbain
1,1.0,1.0,33,Secondaire,Mariee,Oui,Jamais,Moins_1x_sem,Au_moins_1x_sem,1.0,32.0,-1.0,Secondaire,Oui,Centre,Urbain
1,1.0,0.0,48,Secondaire,Mariee,Non,Jamais,Moins_1x_sem,Moins_1x_sem,0.6666666666666666,49.0,1.0,Superieur,Oui,Centre,Urbain
0,0.0,0.0,25,Secondaire,Union_libre,Oui,Moins_1x_sem,Jamais,Au_moins_1x_sem,1.0,28.0,3.0,Superieur,Non,Littoral,Urbain
0,0.0,0.0,30,Aucun,Mariee,Non,Jamais,Jamais,Jamais,0.0,45.0,15.0,Aucun,Non,Nord_Ouest,Rural
0,0.0,0.0,45,Aucun,Mariee,Non,Jamais,Jamais,Jamais,0.0,50.0,5.0,Aucun,Non,Nord_Ouest,Rural
0,0.0,0.0,49,Aucun,Mariee,Non,Jamais,Jamais,Jamais,0.0,61.0,12.0,Aucun,Non,Nord_Ouest,Rural
1,1.0,1.0,28,Primaire,Union_libre,Oui,Jamais,Jamais,Jamais,0.0,32.0,4.0,Primaire,Non,Nord_Ouest,Rural
1,1.0,0.0,21,Primaire,Mariee,Oui,Jamais,Jamais,Jamais,0.0,25.0,4.0,Superieur,Non,Nord_Ouest,Rural
1,1.0,1.0,35,Aucun,Mariee,Oui,Jamais,Jamais,Jamais,0.0,43.0,8.0,Aucun,Non,Nord_Ouest,Rural
1,1.0,0.0,30,Aucun,Mariee,Non,Jamais,Jamais,Jamais,0.0,40.0,10.0,Aucun,Oui,Nord_Ouest,Rural
0,0.0,0.0,18,Aucun,Mariee,Non,Jamais,Au_moins_1x_sem,Jamais,0.6666666666666666,25.0,7.0,Primaire,Non,Nord_Ouest,Rural
0,0.0,0.0,28,Aucun,Mariee,Non,Jamais,Jamais,Jamais,0.0,50.0,22.0,Aucun,Non,Nord_Ouest,Rural
1,1.0,0.0,25,Aucun,Mariee,Oui,Jamais,Jamais,Jamais,0.0,40.0,15.0,Aucun,Non,Nord_Ouest,Rural
1,1.0,1.0,31,Primaire,Union_libre,Non,Jamais,Jamais,Jamais,0.0,27.0,-4.0,Primaire,Oui,Nord_Ouest,Rural
1,1.0,1.0,34,Aucun,Mariee,Non,Jamais,Jamais,Jamais,0.0,41.0,7.0,Aucun,Non,Nord_Ouest,Rural
0,0.0,0.0,18,Aucun,Mariee,Non,Jamais,Jamais,Jamais,0.0,23.0,5.0,Aucun,Non,Nord_Ouest,Rural
1,1.0,0.0,21,Aucun,Mariee,Non,Jamais,Moins_1x_sem,Jamais,0.3333333333333333,29.0,8.0,Aucun,Non,Nord_Ouest,Rural
0,0.0,0.0,26,Aucun,Mariee,Non,Jamais,Jamais,Jamais,0.0,38.0,12.0,Aucun,Non,Nord_Ouest,Rural
0,0.0,0.0,21,Aucun,Mariee,Oui,Jamais,Jamais,Jamais,0.0,46.0,25.0,Aucun,Non,Nord_Ouest,Rural
1,1.0,0.0,26,Secondaire,Union_libre,Non,Jamais,Jamais,Au_moins_1x_sem,0.6666666666666666,28.0,2.0,Superieur,Non,Nord,Urbain
1,1.0,0.0,46,Secondaire,Mariee,Non,Moins_1x_sem,Moins_1x_sem,Au_moins_1x_sem,1.3333333333333333,52.0,6.0,Superieur,Oui,Nord,Urbain
0,0.0,0.0,34,Primaire,Union_libre,Non,Moins_1x_sem,Moins_1x_sem,Moins_1x_sem,1.0,56.0,22.0,Secondaire,Non,Nord,Urbain
0,0.0,0.0,19,Secondaire,Mariee,Non,Moins_1x_sem,Moins_1x_sem,Au_moins_1x_sem,1.3333333333333333,25.0,6.0,Superieur,Oui,Nord,Urbain
0,0.0,0.0,19,Secondaire,Union_libre,Non,Jamais,Jamais,Au_moins_1x_sem,0.6666666666666666,24.0,5.0,Superieur,Oui,Nord,Urbain
1,1.0,0.0,49,Secondaire,Mariee,Non,Moins_1x_sem,Moins_1x_sem,Moins_1x_sem,1.0,61.0,12.0,Secondaire,Oui,Nord,Urbain
0,0.0,0.0,46,Secondaire,Mariee,Non,Moins_1x_sem,Moins_1x_sem,Moins_1x_sem,1.0,48.0,2.0,Superieur,Non,Nord,Urbain
1,1.0,0.0,18,Primaire,Mariee,Oui,Jamais,Jamais,Jamais,0.0,19.0,1.0,Superieur,Oui,Nord,Urbain
0,0.0,0.0,43,Secondaire,Mariee,Non,Jamais,Jamais,Au_moins_1x_sem,0.6666666666666666,55.0,12.0,Superieur,Oui,Nord,Urbain
1,1.0,0.0,27,Aucun,Mariee,Oui,Jamais,Jamais,Jamais,0.0,35.0,8.0,Aucun,Non,Nord_Ouest,Rural
1,1.0,0.0,18,Aucun,Mariee,Oui,Jamais,Moins_1x_sem,Jamais,0.3333333333333333,27.0,9.0,Primaire,Non,Nord_Ouest,Rural
1,1.0,1.0,26,Aucun,Mariee,Non,Jamais,Jamais,Jamais,0.0,30.0,4.0,Primaire,Oui,Nord_Ouest,Rural
1,1.0,0.0,43,Aucun,Mariee,Non,Jamais,Jamais,Jamais,0.0,50.0,7.0,Aucun,Non,Nord_Ouest,Rural
0,0.0,0.0,32,Secondaire,Mariee,Non,Jamais,Jamais,Jamais,0.0,48.0,16.0,Aucun,Non,Nord_Ouest,Rural
1,1.0,0.0,33,Aucun,Union_libre,Non,Jamais,Jamais,Jamais,0.0,25.0,-8.0,Primaire,Oui,Nord_Ouest,Rural
0,0.0,0.0,19,Secondaire,Mariee,Non,Moins_1x_sem,Moins_1x_sem,Jamais,0.6666666666666666,26.0,7.0,Superieur,Non,Nord_Ouest,Rural
1,1.0,1.0,35,Secondaire,Divorcee,Non,Jamais,Jamais,Jamais,0.0,38.0,8.0,Superieur,Non,Nord_Ouest,Rural
1,1.0,1.0,27,Aucun,Mariee,Non,Jamais,Jamais,Jamais,0.0,53.0,26.0,Primaire,Non,Nord_Ouest,Rural
1,1.0,1.0,25,Primaire,Union_libre,Non,Jamais,Jamais,Jamais,0.0,28.0,3.0,Primaire,Oui,Nord_Ouest,Rural
0,0.0,0.0,17,Aucun,Mariee,Oui,Jamais,Jamais,Jamais,0.0,75.0,58.0,Primaire,Non,Nord_Ouest,Rural
1,1.0,0.0,35,Aucun,Mariee,Non,Jamais,Moins_1x_sem,Jamais,0.3333333333333333,45.0,10.0,Primaire,Oui,Nord_Ouest,Rural
1,1.0,1.0,28,Primaire,Union_libre,Non,Jamais,Jamais,Jamais,0.0,35.0,7.0,Superieur,Oui,Nord_Ouest,Rural
1,1.0,1.0,30,Aucun,Mariee,Non,Jamais,Jamais,Jamais,0.0,45.0,15.0,Aucun,Non,Nord_Ouest,Rural
0,0.0,0.0,38,Secondaire,Mariee,Non,Jamais,Jamais,Au_moins_1x_sem,0.6666666666666666,38.0,0.0,Superieur,Non,Est,Urbain
0,0.0,0.0,29,Superieur,Separee,Non,Jamais,Jamais,Au_moins_1x_sem,0.6666666666666666,38.0,8.0,Superieur,Oui,Est,Urbain
0,0.0,0.0,44,Secondaire,Separee,Non,Jamais,Au_moins_1x_sem,Moins_1x_sem,1.0,38.0,8.0,Superieur,Oui,Est,Urbain
0,0.0,0.0,34,Primaire,Separee,Non,Jamais,Jamais,Au_moins_1x_sem,0.6666666666666666,38.0,8.0,Superieur,Oui,Est,Urbain
0,0.0,0.0,26,Secondaire,Union_libre,Non,Jamais,Jamais,Au_moins_1x_sem,0.6666666666666666,34.0,8.0,Superieur,Oui,Est,Urbain
1,1.0,0.0,35,Primaire,Mariee,Non,Jamais,Moins_1x_sem,Au_moins_1x_sem,1.0,54.0,19.0,Secondaire,Oui,Est,Urbain
1,1.0,0.0,18,Aucun,Mariee,Non,Jamais,Jamais,Au_moins_1x_sem,0.6666666666666666,25.0,7.0,Aucun,Non,Adamaoua,Urbain
1,1.0,1.0,35,Aucun,Mariee,Non,Jamais,Jamais,Jamais,0.0,40.0,5.0,Aucun,Non,Adamaoua,Urbain
1,1.0,0.0,38,Aucun,Divorcee,Non,Jamais,Moins_1x_sem,Au_moins_1x_sem,1.0,38.0,8.0,Superieur,Non,Adamaoua,Urbain
0,0.0,0.0,21,Primaire,Mariee,Non,Jamais,Jamais,Jamais,0.0,33.0,12.0,Superieur,Non,Adamaoua,Urbain
0,0.0,0.0,43,Aucun,Mariee,Non,Jamais,Jamais,Jamais,0.0,54.0,11.0,Primaire,Non,Adamaoua,Urbain
0,0.0,0.0,23,Secondaire,Mariee,Non,Jamais,Au_moins_1x_sem,Au_moins_1x_sem,1.3333333333333333,31.0,8.0,Aucun,Non,Adamaoua,Urbain
0,0.0,0.0,31,Secondaire,Mariee,Non,Au_moins_1x_sem,Au_moins_1x_sem,Au_moins_1x_sem,2.0,35.0,4.0,Aucun,Non,Adamaoua,Urbain
0,0.0,0.0,19,Secondaire,Mariee,Non,Jamais,Jamais,Au_moins_1x_sem,0.6666666666666666,32.0,13.0,Superieur,Non,Adamaoua,Urbain
0,0.0,0.0,28,Primaire,Mariee,Non,Jamais,Au_moins_1x_sem,Jamais,0.6666666666666666,40.0,12.0,Primaire,Non,Adamaoua,Urbain
0,0.0,0.0,32,Primaire,Mariee,Non,Jamais,Jamais,Au_moins_1x_sem,0.6666666666666666,46.0,14.0,Superieur,Non,Adamaoua,Urbain
0,0.0,0.0,26,Aucun,Mariee,Non,Jamais,Jamais,Jamais,0.0,50.0,24.0,Aucun,Non,Adamaoua,Urbain
0,0.0,0.0,42,Aucun,Mariee,Non,Jamais,Moins_1x_sem,Moins_1x_sem,0.6666666666666666,66.0,24.0,Secondaire,Non,Adamaoua,Urbain
0,0.0,0.0,33,Aucun,Mariee,Non,Jamais,Jamais,Au_moins_1x_sem,0.6666666666666666,39.0,6.0,Secondaire,Non,Adamaoua,Urbain
0,0.0,0.0,40,Aucun,Mariee,Non,Jamais,Jamais,Jamais,0.0,76.0,36.0,Aucun,Non,Adamaoua,Urbain
0,0.0,0.0,34,Aucun,Mariee,Non,Jamais,Jamais,Jamais,0.0,40.0,6.0,Aucun,Non,Adamaoua,Urbain
0,0.0,0.0,25,Primaire,Divorcee,Non,Jamais,Jamais,Jamais,0.0,38.0,8.0,Superieur,Non,Littoral,Urbain
0,0.0,0.0,38,Secondaire,Union_libre,Non,Jamais,Jamais,Jamais,0.0,50.0,12.0,Secondaire,Oui,Littoral,Urbain
1,1.0,0.0,24,Secondaire,Union_libre,Non,Jamais,Jamais,Jamais,0.0,25.0,1.0,Superieur,Oui,Littoral,Urbain
1,1.0,0.0,31,Aucun,Mariee,Non,Jamais,Moins_1x_sem,Moins_1x_sem,0.6666666666666666,56.0,25.0,Aucun,Non,Littoral,Urbain
0,0.0,0.0,35,Primaire,Mariee,Non,Moins_1x_sem,Moins_1x_sem,Moins_1x_sem,1.0,40.0,5.0,Superieur,Non,Littoral,Urbain
0,0.0,0.0,45,Aucun,Veuve,Non,Jamais,Jamais,Jamais,0.0,38.0,8.0,Superieur,Non,Littoral,Urbain
0,0.0,0.0,28,Primaire,Divorcee,Non,Jamais,Moins_1x_sem,Moins_1x_sem,0.6666666666666666,38.0,8.0,Superieur,Non,Littoral,Urbain
0,0.0,0.0,26,Primaire,Divorcee,Non,Jamais,Moins_1x_sem,Moins_1x_sem,0.6666666666666666,38.0,8.0,Superieur,Non,Littoral,Urbain
0,0.0,0.0,26,Secondaire,Veuve,Non,Jamais,Au_moins_1x_sem,Au_moins_1x_sem,1.3333333333333333,38.0,8.0,Superieur,Non,Littoral,Urbain
0,0.0,0.0,44,Primaire,Mariee,Non,Jamais,Jamais,Jamais,0.0,50.0,6.0,Superieur,Non,Littoral,Urbain
0,0.0,0.0,18,Primaire,Mariee,Non,Jamais,Jamais,Moins_1x_sem,0.3333333333333333,40.0,22.0,Aucun,Non,Littoral,Urbain
0,0.0,0.0,30,Aucun,Mariee,Non,Jamais,Jamais,Jamais,0.0,35.0,5.0,Superieur,Non,Littoral,Urbain
0,0.0,0.0,21,Aucun,Union_libre,Non,Jamais,Jamais,Jamais,0.0,25.0,4.0,Superieur,Oui,Adamaoua,Rural
1,1.0,0.0,45,Aucun,Divorcee,Non,Jamais,Jamais,Jamais,0.0,38.0,8.0,Superieur,Non,Adamaoua,Rural
0,0.0,0.0,34,Aucun,Mariee,Non,Jamais,Jamais,Jamais,0.0,38.0,4.0,Primaire,Non,Adamaoua,Rural
0,0.0,0.0,46,Aucun,Mariee,Non,Jamais,Moins_1x_sem,Moins_1x_sem,0.6666666666666666,70.0,24.0,Superieur,Non,Adamaoua,Rural
0,0.0,0.0,27,Secondaire,Mariee,Non,Jamais,Jamais,Jamais,0.0,30.0,3.0,Superieur,Non,Adamaoua,Rural
0,0.0,0.0,36,Aucun,Mariee,Non,Jamais,Jamais,Jamais,0.0,45.0,9.0,Aucun,Non,Adamaoua,Rural
0,0.0,0.0,24,Primaire,Mariee,Non,Jamais,Jamais,Jamais,0.0,29.0,5.0,Superieur,Non,Adamaoua,Rural
0,0.0,0.0,23,Aucun,Mariee,Oui,Jamais,Jamais,Jamais,0.0,33.0,10.0,Superieur,Non,Adamaoua,Rural
0,0.0,0.0,34,Primaire,Mariee,Non,Jamais,Jamais,Jamais,0.0,40.0,6.0,Secondaire,Non,Adamaoua,Rural
0,0.0,0.0,19,Primaire,Mariee,Non,Jamais,Moins_1x_sem,Jamais,0.3333333333333333,30.0,11.0,Aucun,Non,Adamaoua,Rural
0,0.0,0.0,31,Aucun,Mariee,Non,Jamais,Au_moins_1x_sem,Jamais,0.6666666666666666,42.0,11.0,Aucun,Non,Adamaoua,Rural
1,1.0,1.0,45,Aucun,Divorcee,Non,Jamais,Jamais,Jamais,0.0,38.0,8.0,Superieur,Non,Adamaoua,Rural
0,0.0,0.0,30,Aucun,Union_libre,Non,Jamais,Moins_1x_sem,Moins_1x_sem,0.6666666666666666,58.0,28.0,Aucun,Non,Adamaoua,Rural
0,0.0,0.0,25,Primaire,Mariee,Non,Jamais,Au_moins_1x_sem,Moins_1x_sem,1.0,26.0,1.0,Primaire,Non,Adamaoua,Rural
0,0.0,0.0,20,Aucun,Mariee,Non,Jamais,Au_moins_1x_sem,Jamais,0.6666666666666666,46.0,26.0,Aucun,Non,Adamaoua,Rural
0,0.0,0.0,28,Aucun,Mariee,Non,Jamais,Jamais,Jamais,0.0,30.0,2.0,Secondaire,Non,Adamaoua,Rural
0,0.0,0.0,17,Aucun,Mariee,Non,Jamais,Jamais,Jamais,0.0,27.0,10.0,Aucun,Non,Adamaoua,Rural
0,0.0,0.0,27,Aucun,Mariee,Oui,Jamais,Jamais,Jamais,0.0,30.0,3.0,Aucun,Non,Adamaoua,Rural
0,0.0,0.0,24,Aucun,Mariee,Non,Jamais,Jamais,Jamais,0.0,50.0,26.0,Aucun,Non,Adamaoua,Rural
1,1.0,0.0,30,Aucun,Mariee,Non,Jamais,Jamais,Jamais,0.0,40.0,10.0,Aucun,Non,Adamaoua,Rural
0,0.0,0.0,39,Aucun,Mariee,Non,Jamais,Jamais,Jamais,0.0,43.0,4.0,Secondaire,Non,Adamaoua,Rural
1,1.0,1.0,22,Aucun,Mariee,Non,Jamais,Jamais,Jamais,0.0,35.0,13.0,Aucun,Non,Adamaoua,Rural
0,0.0,0.0,41,Aucun,Mariee,Non,Jamais,Jamais,Jamais,0.0,50.0,9.0,Aucun,Non,Adamaoua,Rural
0,0.0,0.0,41,Aucun,Divorcee,Non,Jamais,Jamais,Jamais,0.0,38.0,8.0,Superieur,Non,Adamaoua,Rural
0,0.0,0.0,40,Aucun,Mariee,Non,Jamais,Jamais,Jamais,0.0,45.0,5.0,Aucun,Non,Adamaoua,Rural
0,0.0,0.0,23,Aucun,Mariee,Non,Jamais,Jamais,Jamais,0.0,36.0,13.0,Primaire,Non,Adamaoua,Rural
0,0.0,0.0,20,Primaire,Mariee,Non,Jamais,Jamais,Jamais,0.0,23.0,3.0,Secondaire,Non,Adamaoua,Rural
0,0.0,0.0,34,Primaire,Mariee,Non,Jamais,Jamais,Jamais,0.0,40.0,6.0,Secondaire,Non,Adamaoua,Rural
0,0.0,0.0,42,Primaire,Mariee,Non,Jamais,Jamais,Jamais,0.0,46.0,4.0,Primaire,Non,Adamaoua,Rural
1,1.0,1.0,47,Primaire,Mariee,Non,Jamais,Jamais,Au_moins_1x_sem,0.6666666666666666,58.0,11.0,Primaire,Oui,Est,Urbain
0,0.0,0.0,24,Secondaire,Union_libre,Non,Jamais,Jamais,Au_moins_1x_sem,0.6666666666666666,29.0,5.0,Superieur,Oui,Est,Urbain
0,0.0,0.0,31,Secondaire,Mariee,Non,Jamais,Jamais,Au_moins_1x_sem,0.6666666666666666,41.0,10.0,Secondaire,Oui,Est,Urbain
1,1.0,0.0,37,Primaire,Union_libre,Non,Jamais,Moins_1x_sem,Au_moins_1x_sem,1.0,42.0,5.0,Superieur,Non,Est,Urbain
1,1.0,0.0,35,Secondaire,Union_libre,Non,Moins_1x_sem,Moins_1x_sem,Au_moins_1x_sem,1.3333333333333333,42.0,7.0,Superieur,Oui,Est,Urbain
0,0.0,0.0,18,Secondaire,Union_libre,Oui,Jamais,Jamais,Moins_1x_sem,0.3333333333333333,30.0,12.0,Superieur,Oui,Est,Urbain
1,1.0,0.0,49,Secondaire,Mariee,Non,Jamais,Au_moins_1x_sem,Au_moins_1x_sem,1.3333333333333333,57.0,8.0,Superieur,Oui,Est,Urbain
0,0.0,0.0,37,Superieur,Mariee,Non,Jamais,Au_moins_1x_sem,Au_moins_1x_sem,1.3333333333333333,43.0,6.0,Superieur,Oui,Littoral,Urbain
0,0.0,0.0,31,Secondaire,Mariee,Non,Jamais,Jamais,Au_moins_1x_sem,0.6666666666666666,35.0,4.0,Superieur,Non,Littoral,Urbain
0,0.0,0.0,23,Aucun,Mariee,Non,Jamais,Jamais,Jamais,0.0,32.0,9.0,Primaire,Oui,Littoral,Urbain
1,1.0,1.0,49,Secondaire,Mariee,Non,Jamais,Jamais,Moins_1x_sem,0.3333333333333333,68.0,19.0,Superieur,Oui,Littoral,Urbain
0,0.0,0.0,39,Primaire,Mariee,Non,Jamais,Jamais,Au_moins_1x_sem,0.6666666666666666,35.0,-4.0,Superieur,Oui,Littoral,Urbain
0,0.0,0.0,41,Secondaire,Mariee,Oui,Moins_1x_sem,Moins_1x_sem,Au_moins_1x_sem,1.3333333333333333,55.0,14.0,Superieur,Oui,Littoral,Urbain
0,0.0,0.0,35,Secondaire,Mariee,Non,Jamais,Au_moins_1x_sem,Au_moins_1x_sem,1.3333333333333333,28.0,-7.0,Superieur,Oui,Littoral,Urbain
1,1.0,0.0,31,Primaire,Mariee,Non,Jamais,Moins_1x_sem,Jamais,0.3333333333333333,31.0,0.0,Superieur,Oui,Sud,Rural
0,0.0,0.0,40,Primaire,Mariee,Non,Moins_1x_sem,Au_moins_1x_sem,Jamais,1.0,58.0,18.0,Superieur,Oui,Sud,Rural
0,0.0,0.0,44,Aucun,Mariee,Non,Jamais,Jamais,Jamais,0.0,46.0,2.0,Aucun,Oui,Sud,Rural
0,0.0,0.0,42,Aucun,Mariee,Non,Jamais,Jamais,Jamais,0.0,50.0,8.0,Superieur,Non,Sud,Rural
1,1.0,0.0,22,Secondaire,Mariee,Oui,Jamais,Jamais,Au_moins_1x_sem,0.6666666666666666,34.0,12.0,Secondaire,Oui,Sud,Rural
0,0.0,0.0,48,Aucun,Mariee,Non,Jamais,Jamais,Jamais,0.0,64.0,16.0,Aucun,Non,Sud,Rural
0,0.0,0.0,27,Secondaire,Union_libre,Non,Jamais,Moins_1x_sem,Jamais,0.3333333333333333,30.0,3.0,Superieur,Oui,Sud,Rural
0,0.0,0.0,20,Secondaire,Union_libre,Non,Jamais,Au_moins_1x_sem,Au_moins_1x_sem,1.3333333333333333,26.0,6.0,Superieur,Non,Sud,Rural
0,0.0,0.0,42,Primaire,Veuve,Non,Jamais,Jamais,Jamais,0.0,38.0,8.0,Superieur,Non,Sud,Rural
0,0.0,0.0,25,Primaire,Union_libre,Non,Jamais,Jamais,Moins_1x_sem,0.3333333333333333,61.0,36.0,Secondaire,Oui,Sud,Rural
1,1.0,0.0,29,Aucun,Mariee,Non,Jamais,Jamais,Jamais,0.0,80.0,51.0,Superieur,Oui,Nord_Ouest,Urbain
0,0.0,0.0,24,Secondaire,Mariee,Non,Moins_1x_sem,Au_moins_1x_sem,Au_moins_1x_sem,1.6666666666666667,34.0,10.0,Superieur,Oui,Nord_Ouest,Urbain
1,1.0,0.0,35,Aucun,Mariee,Non,Jamais,Jamais,Jamais,0.0,56.0,21.0,Aucun,Non,Nord_Ouest,Urbain
1,1.0,0.0,48,Secondaire,Veuve,Non,Jamais,Jamais,Au_moins_1x_sem,0.6666666666666666,38.0,8.0,Superieur,Oui,Nord_Ouest,Urbain
0,0.0,0.0,35,Secondaire,Mariee,Non,Au_moins_1x_sem,Au_moins_1x_sem,Au_moins_1x_sem,2.0,45.0,10.0,Superieur,Non,Nord_Ouest,Urbain
1,1.0,0.0,19,Primaire,Mariee,Non,Moins_1x_sem,Jamais,Au_moins_1x_sem,1.0,40.0,21.0,Secondaire,Oui,Nord_Ouest,Urbain
0,0.0,0.0,28,Secondaire,Mariee,Non,Jamais,Jamais,Au_moins_1x_sem,0.6666666666666666,35.0,7.0,Superieur,Non,Nord_Ouest,Urbain
1,1.0,0.0,24,Primaire,Mariee,Oui,Jamais,Moins_1x_sem,Au_moins_1x_sem,1.0,40.0,16.0,Superieur,Oui,Nord_Ouest,Urbain
1,1.0,1.0,48,Primaire,Mariee,Non,Jamais,Jamais,Jamais,0.0,55.0,7.0,Superieur,Oui,Nord_Ouest,Urbain
0,0.0,0.0,42,Aucun,Mariee,Non,Jamais,Au_moins_1x_sem,Jamais,0.6666666666666666,52.0,10.0,Primaire,Oui,Nord_Ouest,Urbain
1,1.0,1.0,26,Secondaire,Mariee,Non,Jamais,Moins_1x_sem,Jamais,0.3333333333333333,37.0,11.0,Aucun,Non,Nord_Ouest,Urbain
0,0.0,0.0,40,Aucun,Mariee,Non,Jamais,Jamais,Jamais,0.0,65.0,25.0,Aucun,Non,Adamaoua,Urbain
1,1.0,0.0,15,Primaire,Mariee,Non,Jamais,Jamais,Jamais,0.0,28.0,13.0,Aucun,Non,Adamaoua,Urbain
0,0.0,0.0,30,Aucun,Mariee,Non,Jamais,Jamais,Au_moins_1x_sem,0.6666666666666666,61.0,31.0,Aucun,Non,Adamaoua,Urbain
0,0.0,0.0,18,Primaire,Mariee,Oui,Jamais,Jamais,Jamais,0.0,28.0,10.0,Superieur,Non,Adamaoua,Urbain
0,0.0,0.0,32,Aucun,Veuve,Non,Jamais,Moins_1x_sem,Moins_1x_sem,0.6666666666666666,38.0,8.0,Superieur,Non,Adamaoua,Urbain
0,0.0,0.0,38,Aucun,Mariee,Non,Jamais,Jamais,Jamais,0.0,80.0,42.0,Aucun,Non,Adamaoua,Urbain
0,0.0,0.0,25,Aucun,Mariee,Non,Jamais,Jamais,Au_moins_1x_sem,0.6666666666666666,38.0,13.0,Primaire,Non,Adamaoua,Urbain
0,0.0,0.0,29,Aucun,Mariee,Non,Jamais,Jamais,Jamais,0.0,44.0,15.0,Primaire,Non,Adamaoua,Urbain
0,0.0,0.0,29,Aucun,Mariee,Non,Jamais,Jamais,Au_moins_1x_sem,0.6666666666666666,36.0,7.0,Primaire,Non,Adamaoua,Urbain
0,0.0,0.0,40,Aucun,Mariee,Non,Jamais,Jamais,Jamais,0.0,59.0,19.0,Aucun,Non,Adamaoua,Urbain
0,0.0,0.0,23,Secondaire,Union_libre,Oui,Jamais,Au_moins_1x_sem,Au_moins_1x_sem,1.3333333333333333,23.0,0.0,Superieur,Non,Littoral,Urbain
1,1.0,1.0,32,Primaire,Separee,Non,Jamais,Jamais,Moins_1x_sem,0.3333333333333333,38.0,8.0,Superieur,Non,Littoral,Urbain
0,0.0,0.0,31,Superieur,Mariee,Oui,Jamais,Moins_1x_sem,Au_moins_1x_sem,1.0,33.0,2.0,Superieur,Non,Littoral,Urbain
1,1.0,1.0,27,Secondaire,Mariee,Oui,Jamais,Jamais,Au_moins_1x_sem,0.6666666666666666,38.0,11.0,Superieur,Non,Littoral,Urbain
0,0.0,0.0,29,Secondaire,Mariee,Non,Moins_1x_sem,Jamais,Jamais,0.3333333333333333,45.0,16.0,Superieur,Non,Littoral,Urbain
1,1.0,0.0,24,Secondaire,Mariee,Non,Au_moins_1x_sem,Au_moins_1x_sem,Au_moins_1x_sem,2.0,27.0,3.0,Superieur,Oui,Littoral,Urbain
0,0.0,0.0,25,Secondaire,Union_libre,Non,Moins_1x_sem,Moins_1x_sem,Au_moins_1x_sem,1.3333333333333333,34.0,9.0,Superieur,Oui,Littoral,Urbain
1,1.0,0.0,34,Primaire,Separee,Non,Jamais,Jamais,Jamais,0.0,38.0,8.0,Superieur,Non,Littoral,Urbain
0,0.0,0.0,30,Superieur,Mariee,Non,Moins_1x_sem,Moins_1x_sem,Au_moins_1x_sem,1.3333333333333333,44.0,14.0,Superieur,Oui,Littoral,Urbain
1,1.0,1.0,30,Secondaire,Union_libre,Non,Jamais,Jamais,Au_moins_1x_sem,0.6666666666666666,40.0,10.0,Secondaire,Non,Littoral,Urbain
0,0.0,0.0,26,Secondaire,Union_libre,Non,Moins_1x_sem,Au_moins_1x_sem,Au_moins_1x_sem,1.6666666666666667,32.0,6.0,Superieur,Oui,Littoral,Urbain
0,0.0,0.0,28,Primaire,Union_libre,Non,Jamais,Jamais,Au_moins_1x_sem,0.6666666666666666,35.0,7.0,Secondaire,Non,Littoral,Urbain
1,1.0,1.0,39,Primaire,Mariee,Non,Jamais,Jamais,Jamais,0.0,44.0,5.0,Secondaire,Oui,Littoral,Urbain
0,0.0,0.0,28,Secondaire,Union_libre,Non,Au_moins_1x_sem,Jamais,Au_moins_1x_sem,1.3333333333333333,42.0,14.0,Superieur,Non,Littoral,Urbain
0,0.0,0.0,27,Secondaire,Union_libre,Non,Moins_1x_sem,Jamais,Au_moins_1x_sem,1.0,36.0,9.0,Superieur,Oui,Littoral,Urbain
0,0.0,0.0,35,Primaire,Separee,Non,Jamais,Jamais,Au_moins_1x_sem,0.6666666666666666,38.0,8.0,Superieur,Non,Littoral,Urbain
1,1.0,0.0,36,Secondaire,Mariee,Non,Au_moins_1x_sem,Jamais,Moins_1x_sem,1.0,40.0,4.0,Superieur,Oui,Littoral,Urbain
0,0.0,0.0,34,Secondaire,Mariee,Oui,Jamais,Jamais,Au_moins_1x_sem,0.6666666666666666,46.0,12.0,Superieur,Oui,Littoral,Urbain
1,1.0,1.0,32,Secondaire,Mariee,Non,Au_moins_1x_sem,Au_moins_1x_sem,Au_moins_1x_sem,2.0,38.0,6.0,Superieur,Oui,Littoral,Urbain
0,0.0,0.0,34,Primaire,Mariee,Non,Jamais,Au_moins_1x_sem,Au_moins_1x_sem,1.3333333333333333,50.0,16.0,Secondaire,Non,Nord,Rural
0,0.0,0.0,31,Secondaire,Mariee,Non,Au_moins_1x_sem,Au_moins_1x_sem,Au_moins_1x_sem,2.0,32.0,1.0,Superieur,Oui,Nord,Rural
0,0.0,0.0,30,Secondaire,Union_libre,Non,Moins_1x_sem,Jamais,Au_moins_1x_sem,1.0,29.0,-1.0,Superieur,Non,Nord,Rural
1,1.0,0.0,32,Primaire,Mariee,Non,Jamais,Jamais,Moins_1x_sem,0.3333333333333333,42.0,10.0,Secondaire,Non,Nord,Rural
0,0.0,0.0,21,Secondaire,Mariee,Non,Jamais,Jamais,Moins_1x_sem,0.3333333333333333,28.0,7.0,Superieur,Oui,Nord,Rural
0,0.0,0.0,31,Primaire,Union_libre,Non,Jamais,Jamais,Moins_1x_sem,0.3333333333333333,35.0,4.0,Primaire,Oui,Nord,Rural
0,0.0,0.0,47,Aucun,Divorcee,Non,Jamais,Jamais,Jamais,0.0,38.0,8.0,Superieur,Non,Littoral,Rural
1,1.0,1.0,49,Aucun,Mariee,Non,Jamais,Jamais,Jamais,0.0,58.0,9.0,Aucun,Oui,Littoral,Rural
0,0.0,0.0,30,Aucun,Mariee,Non,Jamais,Jamais,Jamais,0.0,41.0,11.0,Aucun,Non,Littoral,Rural
0,0.0,0.0,18,Aucun,Divorcee,Non,Jamais,Jamais,Jamais,0.0,38.0,8.0,Superieur,Non,Littoral,Rural
1,1.0,0.0,28,Primaire,Mariee,Non,Jamais,Jamais,Jamais,0.0,30.0,2.0,Aucun,Non,Littoral,Rural
0,0.0,0.0,32,Aucun,Mariee,Non,Jamais,Jamais,Jamais,0.0,42.0,10.0,Primaire,Oui,Littoral,Rural
0,0.0,0.0,38,Aucun,Mariee,Non,Jamais,Moins_1x_sem,Jamais,0.3333333333333333,59.0,21.0,Primaire,Non,Littoral,Rural
1,1.0,0.0,40,Aucun,Mariee,Non,Jamais,Jamais,Jamais,0.0,55.0,15.0,Aucun,Oui,Littoral,Rural
1,1.0,0.0,36,Aucun,Mariee,Non,Jamais,Jamais,Jamais,0.0,41.0,5.0,Aucun,Oui,Littoral,Rural
0,0.0,0.0,19,Aucun,Mariee,Oui,Jamais,Jamais,Jamais,0.0,28.0,9.0,Primaire,Non,Littoral,Rural
1,1.0,1.0,26,Aucun,Mariee,Non,Jamais,Jamais,Jamais,0.0,35.0,9.0,Aucun,Non,Littoral,Rural
1,1.0,0.0,37,Primaire,Mariee,Non,Jamais,Jamais,Jamais,0.0,39.0,2.0,Primaire,Non,Littoral,Rural
1,1.0,0.0,27,Aucun,Mariee,Non,Jamais,Jamais,Jamais,0.0,30.0,3.0,Aucun,Oui,Littoral,Rural
0,0.0,0.0,25,Aucun,Mariee,Oui,Jamais,Jamais,Jamais,0.0,32.0,7.0,Primaire,Oui,Littoral,Rural
0,0.0,0.0,32,Aucun,Separee,Non,Jamais,Jamais,Jamais,0.0,38.0,8.0,Superieur,Oui,Littoral,Rural
0,0.0,0.0,25,Aucun,Mariee,Non,Jamais,Jamais,Jamais,0.0,27.0,2.0,Aucun,Non,Littoral,Rural
1,1.0,0.0,34,Primaire,Mariee,Oui,Jamais,Jamais,Jamais,0.0,36.0,2.0,Aucun,Oui,Nord_Ouest,Urbain
1,1.0,0.0,19,Aucun,Mariee,Non,Jamais,Jamais,Jamais,0.0,32.0,13.0,Aucun,Non,Nord_Ouest,Urbain
0,0.0,0.0,20,Primaire,Mariee,Oui,Jamais,Jamais,Jamais,0.0,30.0,10.0,Primaire,Non,Nord_Ouest,Urbain
1,1.0,0.0,37,Aucun,Mariee,Non,Jamais,Jamais,Jamais,0.0,34.0,-3.0,Superieur,Non,Nord_Ouest,Urbain
0,0.0,0.0,31,Aucun,Mariee,Non,Jamais,Jamais,Jamais,0.0,43.0,12.0,Aucun,Oui,Nord_Ouest,Urbain
1,1.0,1.0,36,Primaire,Mariee,Non,Jamais,Jamais,Jamais,0.0,35.0,-1.0,Aucun,Non,Nord_Ouest,Urbain
0,0.0,0.0,28,Aucun,Mariee,Non,Jamais,Jamais,Jamais,0.0,50.0,22.0,Primaire,Non,Nord_Ouest,Urbain
0,0.0,0.0,28,Aucun,Mariee,Non,Jamais,Jamais,Jamais,0.0,36.0,8.0,Primaire,Oui,Nord_Ouest,Urbain
0,0.0,0.0,20,Primaire,Mariee,Non,Jamais,Jamais,Jamais,0.0,30.0,10.0,Secondaire,Non,Nord_Ouest,Urbain
0,0.0,0.0,20,Secondaire,Mariee,Non,Jamais,Jamais,Au_moins_1x_sem,0.6666666666666666,22.0,2.0,Superieur,Oui,Nord_Ouest,Urbain
0,0.0,0.0,34,Aucun,Mariee,Non,Jamais,Jamais,Jamais,0.0,42.0,8.0,Primaire,Non,Nord_Ouest,Urbain
0,0.0,0.0,23,Aucun,Mariee,Oui,Jamais,Jamais,Jamais,0.0,26.0,3.0,Primaire,Non,Nord_Ouest,Urbain
0,0.0,0.0,28,Aucun,Mariee,Non,Jamais,Jamais,Jamais,0.0,32.0,4.0,Secondaire,Non,Nord_Ouest,Urbain
0,0.0,0.0,44,Secondaire,Separee,Non,Jamais,Jamais,Jamais,0.0,38.0,8.0,Superieur,Non,Nord_Ouest,Urbain
0,0.0,0.0,24,Primaire,Mariee,Non,Jamais,Moins_1x_sem,Jamais,0.3333333333333333,29.0,5.0,Superieur,Non,Nord_Ouest,Urbain
0,0.0,0.0,38,Aucun,Union_libre,Non,Jamais,Jamais,Jamais,0.0,38.0,0.0,Secondaire,Oui,Extreme_Nord,Rural
1,1.0,1.0,19,Primaire,Union_libre,Non,Jamais,Au_moins_1x_sem,Jamais,0.6666666666666666,26.0,7.0,Secondaire,Oui,Extreme_Nord,Rural
1,1.0,0.0,30,Primaire,Mariee,Non,Jamais,Jamais,Jamais,0.0,40.0,10.0,Secondaire,Non,Extreme_Nord,Rural
1,1.0,0.0,42,Aucun,Union_libre,Non,Jamais,Jamais,Jamais,0.0,50.0,8.0,Secondaire,Oui,Extreme_Nord,Rural
1,1.0,1.0,35,Primaire,Divorcee,Non,Jamais,Moins_1x_sem,Moins_1x_sem,0.6666666666666666,38.0,8.0,Superieur,Oui,Extreme_Nord,Rural
1,1.0,1.0,46,Primaire,Union_libre,Non,Jamais,Jamais,Jamais,0.0,55.0,9.0,Secondaire,Oui,Extreme_Nord,Rural
1,1.0,0.0,29,Primaire,Union_libre,Non,Jamais,Jamais,Jamais,0.0,30.0,1.0,Superieur,Oui,Extreme_Nord,Rural
0,0.0,0.0,21,Secondaire,Union_libre,Non,Moins_1x_sem,Moins_1x_sem,Moins_1x_sem,1.0,26.0,5.0,Superieur,Oui,Extreme_Nord,Rural
1,1.0,1.0,38,Primaire,Union_libre,Non,Jamais,Au_moins_1x_sem,Au_moins_1x_sem,1.3333333333333333,41.0,3.0,Primaire,Oui,Extreme_Nord,Rural
0,0.0,0.0,23,Secondaire,Union_libre,Oui,Jamais,Au_moins_1x_sem,Moins_1x_sem,1.0,36.0,13.0,Superieur,Non,Extreme_Nord,Rural
1,1.0,0.0,45,Primaire,Union_libre,Non,Jamais,Jamais,Jamais,0.0,54.0,9.0,Superieur,Non,Extreme_Nord,Rural
0,0.0,0.0,45,Primaire,Union_libre,Non,Jamais,Moins_1x_sem,Moins_1x_sem,0.6666666666666666,44.0,-1.0,Primaire,Oui,Extreme_Nord,Rural
0,0.0,0.0,45,Primaire,Veuve,Non,Jamais,Jamais,Jamais,0.0,38.0,8.0,Superieur,Non,Sud,Rural
0,0.0,0.0,44,Primaire,Veuve,Non,Jamais,Jamais,Jamais,0.0,38.0,8.0,Superieur,Non,Sud,Rural
0,0.0,0.0,26,Secondaire,Mariee,Non,Jamais,Au_moins_1x_sem,Au_moins_1x_sem,1.3333333333333333,36.0,10.0,Secondaire,Non,Sud,Rural
0,0.0,0.0,35,Primaire,Mariee,Non,Jamais,Au_moins_1x_sem,Au_moins_1x_sem,1.3333333333333333,42.0,7.0,Superieur,Oui,Sud,Rural
0,0.0,0.0,39,Secondaire,Mariee,Non,Jamais,Au_moins_1x_sem,Au_moins_1x_sem,1.3333333333333333,56.0,17.0,Superieur,Oui,Sud,Rural
0,0.0,0.0,24,Primaire,Mariee,Non,Jamais,Au_moins_1x_sem,Au_moins_1x_sem,1.3333333333333333,22.0,-2.0,Secondaire,Non,Sud,Rural
0,0.0,0.0,29,Primaire,Mariee,Non,Jamais,Au_moins_1x_sem,Moins_1x_sem,1.0,38.0,9.0,Secondaire,Non,Sud,Rural
1,1.0,0.0,20,Primaire,Mariee,Oui,Jamais,Jamais,Au_moins_1x_sem,0.6666666666666666,23.0,3.0,Primaire,Non,Sud,Rural
1,1.0,0.0,34,Primaire,Mariee,Non,Jamais,Jamais,Jamais,0.0,40.0,6.0,Secondaire,Oui,Sud,Rural
0,0.0,0.0,34,Primaire,Mariee,Non,Jamais,Au_moins_1x_sem,Jamais,0.6666666666666666,48.0,14.0,Superieur,Oui,Sud,Rural
0,0.0,0.0,25,Primaire,Mariee,Non,Jamais,Jamais,Jamais,0.0,29.0,4.0,Primaire,Non,Sud,Rural
1,1.0,0.0,31,Primaire,Mariee,Oui,Jamais,Moins_1x_sem,Jamais,0.3333333333333333,36.0,5.0,Aucun,Non,Sud,Rural
0,0.0,0.0,19,Primaire,Mariee,Non,Jamais,Jamais,Au_moins_1x_sem,0.6666666666666666,25.0,6.0,Superieur,Oui,Sud,Rural
1,1.0,0.0,27,Secondaire,Union_libre,Non,Jamais,Jamais,Au_moins_1x_sem,0.6666666666666666,34.0,7.0,Primaire,Oui,Sud,Urbain
0,0.0,0.0,22,Secondaire,Union_libre,Non,Jamais,Au_moins_1x_sem,Au_moins_1x_sem,1.3333333333333333,31.0,9.0,Superieur,Oui,Sud,Urbain
1,1.0,0.0,36,Secondaire,Union_libre,Non,Jamais,Jamais,Au_moins_1x_sem,0.6666666666666666,40.0,4.0,Superieur,Oui,Sud,Urbain
0,0.0,0.0,17,Primaire,Mariee,Non,Jamais,Jamais,Au_moins_1x_sem,0.6666666666666666,32.0,15.0,Superieur,Oui,Sud,Urbain
0,0.0,0.0,38,Primaire,Union_libre,Non,Jamais,Au_moins_1x_sem,Au_moins_1x_sem,1.3333333333333333,38.0,0.0,Superieur,Non,Sud,Urbain
0,0.0,0.0,22,Secondaire,Union_libre,Non,Jamais,Moins_1x_sem,Moins_1x_sem,0.6666666666666666,28.0,6.0,Superieur,Non,Sud_Ouest,Rural
0,0.0,0.0,21,Secondaire,Union_libre,Non,Moins_1x_sem,Moins_1x_sem,Moins_1x_sem,1.0,34.0,13.0,Superieur,Oui,Sud_Ouest,Rural
0,0.0,0.0,25,Secondaire,Union_libre,Oui,Jamais,Moins_1x_sem,Moins_1x_sem,0.6666666666666666,31.0,6.0,Superieur,Oui,Sud_Ouest,Rural
1,1.0,0.0,17,Primaire,Union_libre,Oui,Jamais,Moins_1x_sem,Moins_1x_sem,0.6666666666666666,18.0,1.0,Superieur,Oui,Sud_Ouest,Rural
1,1.0,1.0,40,Secondaire,Divorcee,Non,Jamais,Moins_1x_sem,Moins_1x_sem,0.6666666666666666,38.0,8.0,Superieur,Oui,Sud_Ouest,Rural
0,0.0,0.0,33,Secondaire,Mariee,Non,Moins_1x_sem,Au_moins_1x_sem,Au_moins_1x_sem,1.6666666666666667,65.0,32.0,Superieur,Non,Sud_Ouest,Rural
1,1.0,0.0,17,Primaire,Union_libre,Oui,Jamais,Jamais,Jamais,0.0,21.0,4.0,Superieur,Non,Sud_Ouest,Rural
1,1.0,1.0,25,Aucun,Union_libre,Non,Jamais,Au_moins_1x_sem,Jamais,0.6666666666666666,30.0,5.0,Secondaire,Non,Sud_Ouest,Rural
0,0.0,0.0,19,Primaire,Mariee,Non,Jamais,Jamais,Jamais,0.0,20.0,1.0,Superieur,Oui,Adamaoua,Urbain
0,0.0,0.0,32,Secondaire,Mariee,Non,Au_moins_1x_sem,Au_moins_1x_sem,Au_moins_1x_sem,2.0,36.0,4.0,Superieur,Non,Adamaoua,Urbain
0,0.0,0.0,29,Secondaire,Mariee,Non,Au_moins_1x_sem,Au_moins_1x_sem,Au_moins_1x_sem,2.0,34.0,5.0,Superieur,Non,Adamaoua,Urbain
0,0.0,0.0,23,Secondaire,Union_libre,Non,Jamais,Jamais,Jamais,0.0,32.0,9.0,Superieur,Oui,Adamaoua,Urbain
0,0.0,0.0,29,Secondaire,Mariee,Oui,Au_moins_1x_sem,Au_moins_1x_sem,Au_moins_1x_sem,2.0,31.0,2.0,Secondaire,Non,Adamaoua,Urbain
0,0.0,0.0,37,Superieur,Mariee,Non,Au_moins_1x_sem,Au_moins_1x_sem,Au_moins_1x_sem,2.0,30.0,-7.0,Superieur,Non,Adamaoua,Urbain
0,0.0,0.0,40,Primaire,Mariee,Non,Jamais,Au_moins_1x_sem,Au_moins_1x_sem,1.3333333333333333,45.0,5.0,Superieur,Non,Adamaoua,Urbain
0,0.0,0.0,49,Primaire,Divorcee,Non,Jamais,Jamais,Jamais,0.0,38.0,8.0,Superieur,Non,Adamaoua,Urbain
0,0.0,0.0,26,Secondaire,Mariee,Non,Jamais,Moins_1x_sem,Au_moins_1x_sem,1.0,31.0,5.0,Primaire,Oui,Adamaoua,Urbain
1,0.0,1.0,26,Primaire,Mariee,Non,Jamais,Jamais,Moins_1x_sem,0.3333333333333333,37.0,11.0,Superieur,Oui,Est,Urbain
0,0.0,0.0,27,Aucun,Mariee,Non,Jamais,Jamais,Au_moins_1x_sem,0.6666666666666666,30.0,3.0,Superieur,Non,Est,Urbain
0,0.0,0.0,39,Secondaire,Mariee,Non,Moins_1x_sem,Moins_1x_sem,Au_moins_1x_sem,1.3333333333333333,49.0,10.0,Superieur,Oui,Est,Urbain
0,0.0,0.0,40,Primaire,Union_libre,Non,Jamais,Moins_1x_sem,Au_moins_1x_sem,1.0,38.0,-2.0,Secondaire,Oui,Est,Urbain
0,0.0,0.0,37,Secondaire,Mariee,Non,Jamais,Jamais,Au_moins_1x_sem,0.6666666666666666,40.0,3.0,Superieur,Non,Est,Urbain
1,1.0,1.0,32,Secondaire,Union_libre,Non,Jamais,Moins_1x_sem,Au_moins_1x_sem,1.0,36.0,4.0,Superieur,Oui,Sud_Ouest,Urbain
0,0.0,0.0,32,Superieur,Separee,Non,Jamais,Moins_1x_sem,Au_moins_1x_sem,1.0,38.0,8.0,Superieur,Oui,Sud_Ouest,Urbain
0,0.0,0.0,30,Secondaire,Union_libre,Non,Jamais,Moins_1x_sem,Jamais,0.3333333333333333,45.0,15.0,Superieur,Non,Sud_Ouest,Urbain
0,0.0,0.0,33,Secondaire,Union_libre,Non,Jamais,Jamais,Au_moins_1x_sem,0.6666666666666666,35.0,2.0,Superieur,Non,Sud_Ouest,Urbain
1,1.0,0.0,32,Secondaire,Union_libre,Non,Moins_1x_sem,Moins_1x_sem,Au_moins_1x_sem,1.3333333333333333,50.0,18.0,Superieur,Non,Sud_Ouest,Urbain
1,1.0,0.0,49,Primaire,Mariee,Non,Jamais,Jamais,Au_moins_1x_sem,0.6666666666666666,55.0,6.0,Secondaire,Oui,Sud_Ouest,Urbain
0,0.0,0.0,30,Aucun,Mariee,Non,Jamais,Moins_1x_sem,Au_moins_1x_sem,1.0,36.0,6.0,Primaire,Non,Littoral,Urbain
1,1.0,0.0,43,Aucun,Mariee,Non,Jamais,Jamais,Jamais,0.0,45.0,2.0,Primaire,Oui,Littoral,Urbain
1,1.0,0.0,29,Aucun,Divorcee,Non,Jamais,Moins_1x_sem,Moins_1x_sem,0.6666666666666666,38.0,8.0,Superieur,Oui,Littoral,Urbain
0,0.0,0.0,31,Primaire,Mariee,Non,Jamais,Au_moins_1x_sem,Jamais,0.6666666666666666,42.0,11.0,Superieur,Non,Littoral,Urbain
0,0.0,0.0,41,Secondaire,Veuve,Non,Jamais,Jamais,Au_moins_1x_sem,0.6666666666666666,38.0,8.0,Superieur,Non,Littoral,Urbain
0,0.0,0.0,27,Secondaire,Mariee,Non,Au_moins_1x_sem,Moins_1x_sem,Au_moins_1x_sem,1.6666666666666667,35.0,8.0,Superieur,Non,Littoral,Urbain
0,0.0,0.0,23,Secondaire,Mariee,Oui,Jamais,Moins_1x_sem,Au_moins_1x_sem,1.0,29.0,6.0,Superieur,Non,Littoral,Urbain
0,0.0,0.0,30,Superieur,Mariee,Non,Moins_1x_sem,Au_moins_1x_sem,Au_moins_1x_sem,1.6666666666666667,36.0,6.0,Superieur,Oui,Littoral,Urbain
0,0.0,0.0,38,Secondaire,Divorcee,Non,Jamais,Jamais,Au_moins_1x_sem,0.6666666666666666,38.0,8.0,Superieur,Oui,Littoral,Urbain
1,1.0,0.0,48,Primaire,Mariee,Non,Jamais,Jamais,Jamais,0.0,60.0,12.0,Secondaire,Oui,Littoral,Urbain
1,1.0,0.0,29,Primaire,Mariee,Non,Jamais,Jamais,Jamais,0.0,30.0,1.0,Superieur,Non,Littoral,Urbain
0,0.0,0.0,42,Primaire,Divorcee,Non,Jamais,Moins_1x_sem,Moins_1x_sem,0.6666666666666666,38.0,8.0,Superieur,Non,Littoral,Urbain
1,1.0,0.0,36,Primaire,Mariee,Non,Jamais,Moins_1x_sem,Moins_1x_sem,0.6666666666666666,41.0,5.0,Primaire,Oui,Littoral,Urbain
0,0.0,0.0,40,Secondaire,Separee,Non,Au_moins_1x_sem,Au_moins_1x_sem,Au_moins_1x_sem,2.0,38.0,8.0,Superieur,Oui,Est,Urbain
0,0.0,0.0,32,Superieur,Mariee,Non,Au_moins_1x_sem,Au_moins_1x_sem,Au_moins_1x_sem,2.0,37.0,5.0,Superieur,Oui,Est,Urbain
0,0.0,0.0,39,Superieur,Mariee,Non,Jamais,Au_moins_1x_sem,Au_moins_1x_sem,1.3333333333333333,50.0,11.0,Superieur,Non,Est,Urbain
1,1.0,1.0,36,Secondaire,Mariee,Non,Jamais,Au_moins_1x_sem,Au_moins_1x_sem,1.3333333333333333,39.0,3.0,Superieur,Oui,Est,Urbain
0,0.0,0.0,31,Secondaire,Mariee,Non,Jamais,Jamais,Au_moins_1x_sem,0.6666666666666666,36.0,5.0,Superieur,Oui,Littoral,Urbain
0,0.0,0.0,34,Secondaire,Mariee,Non,Jamais,Jamais,Au_moins_1x_sem,0.6666666666666666,62.0,28.0,Aucun,Oui,Littoral,Urbain
0,0.0,0.0,37,Primaire,Mariee,Non,Jamais,Jamais,Au_moins_1x_sem,0.6666666666666666,40.0,3.0,Primaire,Oui,Littoral,Urbain
1,1.0,0.0,28,Secondaire,Union_libre,Non,Moins_1x_sem,Jamais,Au_moins_1x_sem,1.0,30.0,2.0,Superieur,Oui,Littoral,Urbain
1,1.0,1.0,29,Secondaire,Union_libre,Non,Jamais,Jamais,Au_moins_1x_sem,0.6666666666666666,29.0,0.0,Superieur,Oui,Littoral,Urbain
1,1.0,0.0,23,Secondaire,Union_libre,Non,Jamais,Jamais,Au_moins_1x_sem,0.6666666666666666,30.0,7.0,Superieur,Oui,Littoral,Urbain
0,0.0,0.0,25,Secondaire,Mariee,Oui,Jamais,Moins_1x_sem,Au_moins_1x_sem,1.0,30.0,5.0,Superieur,Oui,Littoral,Urbain
0,0.0,0.0,38,Superieur,Mariee,Non,Moins_1x_sem,Moins_1x_sem,Au_moins_1x_sem,1.3333333333333333,37.0,-1.0,Superieur,Oui,Littoral,Urbain
0,0.0,0.0,31,Secondaire,Mariee,Oui,Au_moins_1x_sem,Au_moins_1x_sem,Au_moins_1x_sem,2.0,33.0,2.0,Superieur,Oui,Adamaoua,Urbain
0,0.0,0.0,29,Primaire,Mariee,Non,Jamais,Jamais,Au_moins_1x_sem,0.6666666666666666,35.0,6.0,Superieur,Non,Adamaoua,Urbain
0,0.0,0.0,30,Primaire,Mariee,Non,Jamais,Jamais,Au_moins_1x_sem,0.6666666666666666,50.0,20.0,Secondaire,Oui,Adamaoua,Urbain
0,0.0,0.0,25,Secondaire,Mariee,Oui,Jamais,Au_moins_1x_sem,Au_moins_1x_sem,1.3333333333333333,32.0,7.0,Superieur,Non,Adamaoua,Urbain
0,0.0,0.0,22,Primaire,Mariee,Non,Jamais,Jamais,Au_moins_1x_sem,0.6666666666666666,45.0,23.0,Superieur,Non,Adamaoua,Urbain
0,0.0,0.0,23,Secondaire,Mariee,Non,Jamais,Moins_1x_sem,Au_moins_1x_sem,1.0,26.0,3.0,Superieur,Non,Adamaoua,Urbain
0,0.0,0.0,25,Aucun,Mariee,Non,Jamais,Jamais,Jamais,0.0,30.0,5.0,Aucun,Oui,Adamaoua,Urbain
0,0.0,0.0,23,Secondaire,Mariee,Non,Jamais,Jamais,Jamais,0.0,32.0,9.0,Superieur,Non,Adamaoua,Urbain
0,0.0,0.0,30,Secondaire,Mariee,Non,Jamais,Jamais,Au_moins_1x_sem,0.6666666666666666,32.0,2.0,Superieur,Oui,Adamaoua,Urbain
0,0.0,0.0,26,Secondaire,Mariee,Non,Jamais,Jamais,Au_moins_1x_sem,0.6666666666666666,34.0,8.0,Superieur,Non,Adamaoua,Urbain
1,1.0,0.0,19,Primaire,Mariee,Non,Jamais,Jamais,Jamais,0.0,25.0,6.0,Aucun,Non,Adamaoua,Urbain
1,1.0,0.0,24,Secondaire,Mariee,Non,Au_moins_1x_sem,Au_moins_1x_sem,Au_moins_1x_sem,2.0,33.0,9.0,Superieur,Oui,Adamaoua,Urbain
1,1.0,1.0,31,Superieur,Mariee,Non,Au_moins_1x_sem,Au_moins_1x_sem,Au_moins_1x_sem,2.0,37.0,6.0,Superieur,Oui,Sud_Ouest,Urbain
0,0.0,0.0,36,Superieur,Mariee,Non,Moins_1x_sem,Au_moins_1x_sem,Au_moins_1x_sem,1.6666666666666667,36.0,0.0,Superieur,Non,Sud_Ouest,Urbain
1,1.0,0.0,22,Primaire,Union_libre,Non,Jamais,Au_moins_1x_sem,Au_moins_1x_sem,1.3333333333333333,30.0,8.0,Secondaire,Oui,Sud_Ouest,Urbain
0,0.0,0.0,43,Superieur,Mariee,Non,Jamais,Au_moins_1x_sem,Au_moins_1x_sem,1.3333333333333333,54.0,11.0,Superieur,Non,Sud_Ouest,Urbain
0,0.0,0.0,28,Superieur,Union_libre,Non,Moins_1x_sem,Au_moins_1x_sem,Au_moins_1x_sem,1.6666666666666667,30.0,2.0,Superieur,Non,Sud_Ouest,Urbain
0,0.0,0.0,32,Secondaire,Mariee,Non,Jamais,Au_moins_1x_sem,Au_moins_1x_sem,1.3333333333333333,38.0,6.0,Superieur,Non,Sud_Ouest,Urbain
1,1.0,1.0,32,Secondaire,Mariee,Non,Jamais,Jamais,Au_moins_1x_sem,0.6666666666666666,39.0,7.0,Superieur,Oui,Sud_Ouest,Urbain
0,0.0,0.0,26,Secondaire,Mariee,Non,Jamais,Moins_1x_sem,Au_moins_1x_sem,1.0,35.0,9.0,Superieur,Non,Sud_Ouest,Urbain
1,1.0,1.0,33,Secondaire,Separee,Non,Jamais,Au_moins_1x_sem,Au_moins_1x_sem,1.3333333333333333,38.0,8.0,Superieur,Oui,Sud_Ouest,Urbain
0,0.0,0.0,33,Secondaire,Mariee,Non,Jamais,Moins_1x_sem,Au_moins_1x_sem,1.0,35.0,2.0,Superieur,Oui,Sud_Ouest,Urbain
0,0.0,0.0,35,Primaire,Mariee,Non,Jamais,Au_moins_1x_sem,Au_moins_1x_sem,1.3333333333333333,35.0,0.0,Superieur,Non,Sud_Ouest,Urbain
0,0.0,0.0,28,Secondaire,Union_libre,Non,Jamais,Jamais,Au_moins_1x_sem,0.6666666666666666,38.0,10.0,Superieur,Oui,Sud_Ouest,Urbain
0,0.0,0.0,19,Secondaire,Mariee,Oui,Jamais,Au_moins_1x_sem,Au_moins_1x_sem,1.3333333333333333,29.0,10.0,Superieur,Oui,Sud,Rural
0,0.0,0.0,45,Primaire,Mariee,Non,Jamais,Jamais,Moins_1x_sem,0.3333333333333333,52.0,7.0,Superieur,Oui,Sud,Rural
0,0.0,0.0,33,Secondaire,Mariee,Non,Jamais,Au_moins_1x_sem,Au_moins_1x_sem,1.3333333333333333,41.0,8.0,Superieur,Non,Sud,Rural
1,1.0,0.0,29,Primaire,Mariee,Non,Jamais,Moins_1x_sem,Moins_1x_sem,0.6666666666666666,49.0,20.0,Primaire,Oui,Sud,Rural
0,0.0,0.0,27,Secondaire,Mariee,Non,Moins_1x_sem,Au_moins_1x_sem,Moins_1x_sem,1.3333333333333333,35.0,8.0,Superieur,Oui,Sud,Rural
0,0.0,0.0,45,Primaire,Mariee,Non,Jamais,Au_moins_1x_sem,Moins_1x_sem,1.0,68.0,23.0,Secondaire,Oui,Sud,Rural
1,1.0,0.0,31,Secondaire,Mariee,Oui,Jamais,Au_moins_1x_sem,Moins_1x_sem,1.0,37.0,6.0,Superieur,Non,Sud,Rural
1,1.0,0.0,39,Primaire,Mariee,Non,Jamais,Moins_1x_sem,Au_moins_1x_sem,1.0,56.0,17.0,Superieur,Oui,Sud,Rural
0,0.0,0.0,38,Primaire,Mariee,Non,Jamais,Jamais,Au_moins_1x_sem,0.6666666666666666,48.0,10.0,Superieur,Oui,Sud,Rural
0,0.0,0.0,29,Primaire,Mariee,Non,Jamais,Jamais,Jamais,0.0,56.0,27.0,Secondaire,Non,Sud,Rural
0,0.0,0.0,24,Secondaire,Veuve,Non,Jamais,Moins_1x_sem,Moins_1x_sem,0.6666666666666666,38.0,8.0,Superieur,Oui,Sud,Rural
0,0.0,0.0,36,Secondaire,Separee,Non,Jamais,Moins_1x_sem,Moins_1x_sem,0.6666666666666666,38.0,8.0,Superieur,Oui,Sud,Rural
0,0.0,0.0,47,Primaire,Mariee,Non,Jamais,Moins_1x_sem,Moins_1x_sem,0.6666666666666666,60.0,13.0,Primaire,Oui,Sud,Rural
0,0.0,0.0,42,Secondaire,Mariee,Non,Jamais,Jamais,Jamais,0.0,60.0,18.0,Secondaire,Non,Sud,Rural
1,1.0,1.0,38,Primaire,Separee,Non,Jamais,Jamais,Au_moins_1x_sem,0.6666666666666666,38.0,8.0,Superieur,Oui,Littoral,Urbain
0,0.0,0.0,26,Secondaire,Union_libre,Non,Jamais,Jamais,Au_moins_1x_sem,0.6666666666666666,26.0,0.0,Superieur,Non,Littoral,Urbain
1,1.0,0.0,32,Superieur,Separee,Non,Moins_1x_sem,Jamais,Au_moins_1x_sem,1.0,38.0,8.0,Superieur,Oui,Littoral,Urbain
0,0.0,0.0,40,Superieur,Mariee,Non,Moins_1x_sem,Moins_1x_sem,Moins_1x_sem,1.0,66.0,26.0,Superieur,Oui,Littoral,Urbain
1,1.0,1.0,35,Superieur,Mariee,Non,Au_moins_1x_sem,Jamais,Moins_1x_sem,1.0,42.0,7.0,Superieur,Non,Littoral,Urbain
1,1.0,0.0,31,Secondaire,Mariee,Non,Au_moins_1x_sem,Au_moins_1x_sem,Au_moins_1x_sem,2.0,34.0,3.0,Superieur,Oui,Littoral,Urbain
1,1.0,1.0,45,Aucun,Separee,Non,Jamais,Jamais,Moins_1x_sem,0.3333333333333333,38.0,8.0,Superieur,Non,Littoral,Urbain
0,0.0,0.0,29,Superieur,Mariee,Non,Jamais,Au_moins_1x_sem,Au_moins_1x_sem,1.3333333333333333,29.0,0.0,Superieur,Non,Littoral,Urbain
0,0.0,0.0,32,Secondaire,Mariee,Non,Jamais,Jamais,Au_moins_1x_sem,0.6666666666666666,37.0,5.0,Superieur,Non,Littoral,Urbain
0,0.0,0.0,44,Secondaire,Separee,Non,Moins_1x_sem,Moins_1x_sem,Moins_1x_sem,1.0,38.0,8.0,Superieur,Non,Littoral,Urbain
0,0.0,0.0,27,Secondaire,Union_libre,Non,Jamais,Jamais,Jamais,0.0,30.0,3.0,Superieur,Oui,Littoral,Urbain
0,0.0,0.0,24,Secondaire,Mariee,Non,Jamais,Jamais,Au_moins_1x_sem,0.6666666666666666,39.0,15.0,Superieur,Non,Littoral,Urbain
1,1.0,0.0,21,Secondaire,Union_libre,Non,Jamais,Jamais,Au_moins_1x_sem,0.6666666666666666,25.0,4.0,Superieur,Non,Littoral,Urbain
0,0.0,0.0,29,Primaire,Mariee,Non,Au_moins_1x_sem,Au_moins_1x_sem,Au_moins_1x_sem,2.0,29.0,0.0,Superieur,Non,Littoral,Urbain
0,0.0,0.0,18,Primaire,Mariee,Non,Jamais,Jamais,Moins_1x_sem,0.3333333333333333,23.0,5.0,Superieur,Non,Littoral,Urbain
0,0.0,0.0,23,Secondaire,Mariee,Non,Jamais,Jamais,Au_moins_1x_sem,0.6666666666666666,30.0,7.0,Superieur,Oui,Littoral,Urbain
1,1.0,0.0,35,Primaire,Separee,Non,Au_moins_1x_sem,Jamais,Jamais,0.6666666666666666,38.0,8.0,Superieur,Non,Littoral,Urbain
1,1.0,0.0,29,Secondaire,Union_libre,Non,Jamais,Au_moins_1x_sem,Au_moins_1x_sem,1.3333333333333333,40.0,11.0,Superieur,Oui,Littoral,Urbain
0,0.0,0.0,29,Superieur,Mariee,Non,Jamais,Jamais,Au_moins_1x_sem,0.6666666666666666,28.0,-1.0,Superieur,Non,Littoral,Urbain
0,0.0,0.0,38,Secondaire,Mariee,Non,Au_moins_1x_sem,Au_moins_1x_sem,Au_moins_1x_sem,2.0,42.0,4.0,Superieur,Oui,Littoral,Urbain
0,0.0,0.0,40,Secondaire,Mariee,Non,Au_moins_1x_sem,Jamais,Au_moins_1x_sem,1.3333333333333333,46.0,6.0,Superieur,Non,Littoral,Urbain
0,0.0,0.0,24,Secondaire,Union_libre,Non,Jamais,Au_moins_1x_sem,Au_moins_1x_sem,1.3333333333333333,31.0,7.0,Superieur,Non,Littoral,Urbain
0,0.0,0.0,47,Secondaire,Separee,Non,Jamais,Moins_1x_sem,Au_moins_1x_sem,1.0,38.0,8.0,Superieur,Oui,Littoral,Urbain
0,0.0,0.0,22,Secondaire,Mariee,Non,Jamais,Jamais,Moins_1x_sem,0.3333333333333333,25.0,3.0,Superieur,Non,Sud,Rural
1,1.0,1.0,28,Primaire,Union_libre,Non,Jamais,Jamais,Jamais,0.0,35.0,7.0,Primaire,Non,Sud,Rural
1,1.0,0.0,19,Secondaire,Mariee,Non,Jamais,Jamais,Au_moins_1x_sem,0.6666666666666666,22.0,3.0,Superieur,Non,Sud,Rural
1,1.0,0.0,20,Secondaire,Mariee,Oui,Jamais,Jamais,Au_moins_1x_sem,0.6666666666666666,25.0,5.0,Superieur,Non,Sud,Rural
0,0.0,0.0,21,Secondaire,Mariee,Non,Jamais,Jamais,Au_moins_1x_sem,0.6666666666666666,28.0,7.0,Superieur,Oui,Sud,Rural
0,0.0,0.0,29,Secondaire,Union_libre,Non,Jamais,Moins_1x_sem,Jamais,0.3333333333333333,33.0,4.0,Superieur,Non,Sud,Rural
1,1.0,1.0,37,Primaire,Mariee,Non,Jamais,Moins_1x_sem,Moins_1x_sem,0.6666666666666666,43.0,6.0,Primaire,Non,Sud,Rural
1,1.0,0.0,29,Primaire,Mariee,Non,Moins_1x_sem,Jamais,Au_moins_1x_sem,1.0,35.0,6.0,Secondaire,Non,Sud,Rural
0,0.0,0.0,23,Primaire,Mariee,Non,Jamais,Jamais,Jamais,0.0,44.0,21.0,Secondaire,Non,Sud,Rural
0,0.0,0.0,22,Primaire,Mariee,Oui,Jamais,Jamais,Au_moins_1x_sem,0.6666666666666666,30.0,8.0,Secondaire,Non,Sud,Rural
0,0.0,0.0,33,Primaire,Mariee,Non,Jamais,Jamais,Jamais,0.0,56.0,23.0,Aucun,Non,Sud,Rural
0,0.0,0.0,23,Secondaire,Mariee,Non,Jamais,Jamais,Jamais,0.0,45.0,22.0,Superieur,Oui,Sud,Rural
0,0.0,0.0,29,Primaire,Mariee,Non,Jamais,Au_moins_1x_sem,Jamais,0.6666666666666666,33.0,4.0,Secondaire,Non,Sud,Rural
0,0.0,0.0,21,Primaire,Mariee,Oui,Jamais,Moins_1x_sem,Au_moins_1x_sem,1.0,37.0,16.0,Secondaire,Non,Sud,Rural
0,0.0,0.0,30,Secondaire,Mariee,Non,Jamais,Au_moins_1x_sem,Moins_1x_sem,1.0,36.0,6.0,Secondaire,Non,Sud,Rural
0,0.0,0.0,46,Aucun,Mariee,Non,Jamais,Moins_1x_sem,Jamais,0.3333333333333333,50.0,4.0,Aucun,Non,Extreme_Nord,Rural
0,0.0,0.0,33,Aucun,Mariee,Non,Jamais,Jamais,Jamais,0.0,36.0,3.0,Aucun,Non,Extreme_Nord,Rural
0,0.0,0.0,46,Primaire,Mariee,Non,Jamais,Jamais,Jamais,0.0,93.0,47.0,Aucun,Non,Extreme_Nord,Rural
1,0.0,1.0,19,Aucun,Mariee,Non,Jamais,Jamais,Jamais,0.0,25.0,6.0,Aucun,Non,Extreme_Nord,Rural
0,0.0,0.0,17,Aucun,Mariee,Non,Jamais,Jamais,Jamais,0.0,30.0,13.0,Aucun,Non,Extreme_Nord,Rural
0,0.0,0.0,25,Primaire,Mariee,Non,Jamais,Jamais,Jamais,0.0,32.0,7.0,Superieur,Non,Extreme_Nord,Rural
0,0.0,0.0,43,Aucun,Veuve,Non,Jamais,Jamais,Jamais,0.0,38.0,8.0,Superieur,Non,Extreme_Nord,Rural
0,0.0,0.0,16,Aucun,Mariee,Non,Jamais,Jamais,Jamais,0.0,28.0,12.0,Aucun,Non,Extreme_Nord,Rural
0,0.0,0.0,19,Primaire,Mariee,Non,Jamais,Au_moins_1x_sem,Jamais,0.6666666666666666,26.0,7.0,Primaire,Non,Extreme_Nord,Rural
0,0.0,0.0,25,Aucun,Mariee,Non,Jamais,Jamais,Jamais,0.0,32.0,7.0,Aucun,Non,Extreme_Nord,Rural
0,0.0,0.0,43,Primaire,Veuve,Non,Jamais,Jamais,Jamais,0.0,38.0,8.0,Superieur,Non,Extreme_Nord,Rural
0,0.0,0.0,17,Aucun,Mariee,Non,Jamais,Jamais,Jamais,0.0,26.0,9.0,Secondaire,Non,Extreme_Nord,Rural
1,1.0,0.0,25,Secondaire,Mariee,Non,Jamais,Moins_1x_sem,Moins_1x_sem,0.6666666666666666,48.0,23.0,Superieur,Non,Nord_Ouest,Urbain
0,0.0,0.0,36,Secondaire,Mariee,Non,Au_moins_1x_sem,Jamais,Au_moins_1x_sem,1.3333333333333333,40.0,4.0,Primaire,Non,Nord_Ouest,Urbain
1,1.0,1.0,24,Aucun,Mariee,Non,Jamais,Jamais,Jamais,0.0,34.0,10.0,Aucun,Non,Nord_Ouest,Urbain
0,0.0,0.0,27,Aucun,Union_libre,Non,Jamais,Au_moins_1x_sem,Jamais,0.6666666666666666,40.0,13.0,Aucun,Non,Nord_Ouest,Urbain
0,0.0,0.0,16,Primaire,Mariee,Non,Jamais,Moins_1x_sem,Jamais,0.3333333333333333,32.0,16.0,Aucun,Non,Nord_Ouest,Urbain
1,1.0,0.0,35,Aucun,Mariee,Non,Jamais,Jamais,Jamais,0.0,50.0,15.0,Aucun,Non,Nord_Ouest,Urbain
1,1.0,1.0,25,Primaire,Mariee,Non,Jamais,Jamais,Jamais,0.0,56.0,31.0,Aucun,Non,Nord_Ouest,Urbain
0,0.0,0.0,18,Aucun,Mariee,Non,Jamais,Jamais,Jamais,0.0,28.0,10.0,Primaire,Non,Nord_Ouest,Urbain
1,1.0,0.0,37,Aucun,Mariee,Oui,Jamais,Jamais,Jamais,0.0,40.0,3.0,Aucun,Non,Nord_Ouest,Urbain
1,1.0,1.0,45,Aucun,Mariee,Oui,Jamais,Jamais,Jamais,0.0,48.0,3.0,Aucun,Non,Nord_Ouest,Urbain
1,1.0,0.0,27,Aucun,Mariee,Non,Jamais,Jamais,Jamais,0.0,67.0,40.0,Aucun,Non,Nord_Ouest,Urbain
1,1.0,1.0,33,Aucun,Mariee,Non,Jamais,Jamais,Jamais,0.0,50.0,17.0,Aucun,Non,Nord_Ouest,Urbain
0,0.0,0.0,30,Superieur,Mariee,Non,Jamais,Jamais,Jamais,0.0,35.0,5.0,Superieur,Non,Est,Urbain
1,1.0,0.0,33,Secondaire,Mariee,Non,Jamais,Au_moins_1x_sem,Au_moins_1x_sem,1.3333333333333333,37.0,4.0,Superieur,Oui,Est,Urbain
0,0.0,0.0,28,Secondaire,Mariee,Non,Au_moins_1x_sem,Moins_1x_sem,Au_moins_1x_sem,1.6666666666666667,35.0,7.0,Superieur,Non,Est,Urbain
0,0.0,0.0,35,Secondaire,Mariee,Non,Jamais,Jamais,Au_moins_1x_sem,0.6666666666666666,40.0,5.0,Superieur,Oui,Est,Urbain
0,0.0,0.0,29,Superieur,Mariee,Non,Moins_1x_sem,Moins_1x_sem,Au_moins_1x_sem,1.3333333333333333,39.0,10.0,Superieur,Non,Est,Urbain
0,0.0,0.0,46,Superieur,Mariee,Non,Au_moins_1x_sem,Au_moins_1x_sem,Au_moins_1x_sem,2.0,48.0,2.0,Superieur,Oui,Est,Urbain
1,1.0,0.0,33,Secondaire,Mariee,Non,Moins_1x_sem,Jamais,Au_moins_1x_sem,1.0,40.0,7.0,Superieur,Oui,Est,Urbain
0,0.0,0.0,18,Primaire,Mariee,Non,Jamais,Moins_1x_sem,Moins_1x_sem,0.6666666666666666,45.0,27.0,Superieur,Oui,Nord_Ouest,Rural
1,1.0,1.0,39,Primaire,Mariee,Non,Jamais,Jamais,Jamais,0.0,43.0,4.0,Aucun,Oui,Nord_Ouest,Rural
1,1.0,1.0,20,Aucun,Divorcee,Non,Jamais,Jamais,Jamais,0.0,38.0,8.0,Superieur,Non,Nord_Ouest,Rural
0,0.0,0.0,24,Primaire,Mariee,Oui,Jamais,Jamais,Jamais,0.0,26.0,2.0,Secondaire,Non,Nord_Ouest,Rural
1,1.0,0.0,45,Aucun,Mariee,Non,Jamais,Jamais,Jamais,0.0,53.0,8.0,Aucun,Oui,Nord_Ouest,Rural
1,1.0,1.0,39,Aucun,Mariee,Non,Jamais,Jamais,Jamais,0.0,41.0,2.0,Superieur,Oui,Nord_Ouest,Rural
1,1.0,1.0,44,Aucun,Mariee,Non,Jamais,Jamais,Jamais,0.0,48.0,4.0,Aucun,Oui,Nord_Ouest,Rural
0,0.0,0.0,28,Secondaire,Separee,Non,Moins_1x_sem,Moins_1x_sem,Jamais,0.6666666666666666,38.0,8.0,Superieur,Non,Nord,Urbain
1,1.0,0.0,22,Primaire,Union_libre,Non,Jamais,Moins_1x_sem,Au_moins_1x_sem,1.0,40.0,18.0,Secondaire,Oui,Nord,Urbain
0,0.0,0.0,36,Secondaire,Separee,Oui,Moins_1x_sem,Jamais,Jamais,0.3333333333333333,38.0,8.0,Superieur,Oui,Nord,Urbain
0,0.0,0.0,33,Primaire,Mariee,Non,Jamais,Jamais,Au_moins_1x_sem,0.6666666666666666,50.0,17.0,Aucun,Non,Nord,Urbain
0,0.0,0.0,37,Primaire,Mariee,Non,Jamais,Jamais,Jamais,0.0,47.0,10.0,Secondaire,Non,Nord,Urbain
0,0.0,0.0,34,Secondaire,Mariee,Non,Jamais,Jamais,Au_moins_1x_sem,0.6666666666666666,49.0,15.0,Superieur,Oui,Nord,Urbain
1,1.0,0.0,35,Secondaire,Divorcee,Non,Moins_1x_sem,Jamais,Au_moins_1x_sem,1.0,38.0,8.0,Superieur,Oui,Nord,Urbain
0,0.0,0.0,38,Primaire,Veuve,Non,Jamais,Jamais,Au_moins_1x_sem,0.6666666666666666,38.0,8.0,Superieur,Oui,Nord,Urbain
1,1.0,0.0,22,Secondaire,Union_libre,Oui,Jamais,Jamais,Au_moins_1x_sem,0.6666666666666666,25.0,3.0,Superieur,Oui,Nord,Urbain
0,0.0,0.0,37,Secondaire,Mariee,Non,Jamais,Moins_1x_sem,Au_moins_1x_sem,1.0,45.0,8.0,Secondaire,Oui,Nord,Urbain
0,0.0,0.0,30,Primaire,Mariee,Non,Moins_1x_sem,Moins_1x_sem,Moins_1x_sem,1.0,35.0,5.0,Secondaire,Oui,Ouest,Rural
0,0.0,0.0,39,Primaire,Mariee,Non,Jamais,Au_moins_1x_sem,Jamais,0.6666666666666666,70.0,31.0,Aucun,Oui,Ouest,Rural
0,0.0,0.0,40,Primaire,Mariee,Non,Moins_1x_sem,Moins_1x_sem,Moins_1x_sem,1.0,41.0,1.0,Secondaire,Oui,Ouest,Rural
0,0.0,0.0,30,Secondaire,Mariee,Non,Jamais,Jamais,Moins_1x_sem,0.3333333333333333,40.0,10.0,Superieur,Non,Ouest,Rural
1,1.0,1.0,39,Primaire,Mariee,Non,Jamais,Jamais,Jamais,0.0,45.0,6.0,Primaire,Oui,Ouest,Rural
0,0.0,0.0,48,Primaire,Mariee,Non,Moins_1x_sem,Moins_1x_sem,Moins_1x_sem,1.0,65.0,17.0,Secondaire,Oui,Ouest,Rural
1,1.0,1.0,39,Primaire,Mariee,Non,Jamais,Jamais,Jamais,0.0,44.0,5.0,Secondaire,Oui,Ouest,Rural
0,0.0,0.0,36,Primaire,Mariee,Non,Jamais,Au_moins_1x_sem,Au_moins_1x_sem,1.3333333333333333,38.0,2.0,Secondaire,Oui,Ouest,Rural
0,0.0,0.0,36,Primaire,Mariee,Non,Jamais,Jamais,Jamais,0.0,42.0,6.0,Secondaire,Oui,Ouest,Rural
0,0.0,0.0,33,Secondaire,Mariee,Non,Jamais,Jamais,Au_moins_1x_sem,0.6666666666666666,42.0,9.0,Superieur,Oui,Ouest,Rural
1,1.0,0.0,28,Secondaire,Mariee,Non,Au_moins_1x_sem,Au_moins_1x_sem,Moins_1x_sem,1.6666666666666667,37.0,9.0,Secondaire,Non,Ouest,Rural
0,0.0,0.0,30,Primaire,Mariee,Non,Jamais,Jamais,Jamais,0.0,42.0,12.0,Secondaire,Oui,Ouest,Rural
0,0.0,0.0,24,Secondaire,Mariee,Non,Moins_1x_sem,Moins_1x_sem,Moins_1x_sem,1.0,34.0,10.0,Superieur,Non,Extreme_Nord,Urbain
0,0.0,0.0,25,Secondaire,Union_libre,Non,Jamais,Au_moins_1x_sem,Au_moins_1x_sem,1.3333333333333333,33.0,8.0,Superieur,Oui,Extreme_Nord,Urbain
1,1.0,0.0,18,Secondaire,Union_libre,Oui,Jamais,Jamais,Au_moins_1x_sem,0.6666666666666666,20.0,2.0,Superieur,Non,Extreme_Nord,Urbain
0,0.0,0.0,21,Secondaire,Union_libre,Non,Jamais,Jamais,Jamais,0.0,23.0,2.0,Superieur,Non,Extreme_Nord,Urbain
1,1.0,1.0,42,Primaire,Mariee,Non,Moins_1x_sem,Moins_1x_sem,Moins_1x_sem,1.0,46.0,4.0,Superieur,Non,Extreme_Nord,Urbain
0,0.0,0.0,43,Secondaire,Union_libre,Non,Au_moins_1x_sem,Au_moins_1x_sem,Au_moins_1x_sem,2.0,48.0,5.0,Superieur,Oui,Extreme_Nord,Urbain
1,1.0,0.0,24,Secondaire,Union_libre,Non,Jamais,Jamais,Moins_1x_sem,0.3333333333333333,30.0,6.0,Superieur,Oui,Extreme_Nord,Urbain
0,0.0,0.0,44,Secondaire,Union_libre,Non,Au_moins_1x_sem,Au_moins_1x_sem,Au_moins_1x_sem,2.0,50.0,6.0,Superieur,Non,Extreme_Nord,Urbain
1,1.0,0.0,39,Superieur,Mariee,Non,Moins_1x_sem,Moins_1x_sem,Moins_1x_sem,1.0,39.0,0.0,Superieur,Oui,Extreme_Nord,Urbain
0,0.0,0.0,30,Secondaire,Union_libre,Non,Moins_1x_sem,Moins_1x_sem,Moins_1x_sem,1.0,31.0,1.0,Secondaire,Oui,Extreme_Nord,Urbain
1,1.0,0.0,42,Primaire,Separee,Non,Jamais,Jamais,Au_moins_1x_sem,0.6666666666666666,38.0,8.0,Superieur,Oui,Extreme_Nord,Urbain
1,1.0,1.0,28,Secondaire,Union_libre,Non,Moins_1x_sem,Au_moins_1x_sem,Au_moins_1x_sem,1.6666666666666667,39.0,11.0,Superieur,Oui,Extreme_Nord,Urbain
0,0.0,0.0,26,Secondaire,Mariee,Non,Moins_1x_sem,Moins_1x_sem,Moins_1x_sem,1.0,36.0,10.0,Superieur,Non,Extreme_Nord,Urbain
0,0.0,0.0,32,Primaire,Mariee,Non,Jamais,Moins_1x_sem,Jamais,0.3333333333333333,41.0,9.0,Superieur,Oui,Ouest,Rural
0,0.0,0.0,41,Primaire,Veuve,Non,Jamais,Au_moins_1x_sem,Au_moins_1x_sem,1.3333333333333333,38.0,8.0,Superieur,Oui,Ouest,Rural
0,0.0,0.0,29,Primaire,Mariee,Non,Jamais,Moins_1x_sem,Moins_1x_sem,0.6666666666666666,42.0,13.0,Secondaire,Oui,Ouest,Rural
0,0.0,0.0,37,Secondaire,Mariee,Non,Jamais,Jamais,Jamais,0.0,42.0,5.0,Primaire,Oui,Ouest,Rural
0,0.0,0.0,42,Primaire,Mariee,Non,Jamais,Moins_1x_sem,Moins_1x_sem,0.6666666666666666,50.0,8.0,Secondaire,Oui,Ouest,Rural
0,0.0,0.0,18,Primaire,Mariee,Non,Jamais,Moins_1x_sem,Jamais,0.3333333333333333,32.0,14.0,Primaire,Non,Nord_Ouest,Rural
1,1.0,0.0,38,Aucun,Mariee,Non,Jamais,Jamais,Jamais,0.0,43.0,5.0,Aucun,Non,Nord_Ouest,Rural
0,0.0,0.0,23,Aucun,Mariee,Non,Jamais,Jamais,Jamais,0.0,40.0,17.0,Aucun,Non,Nord_Ouest,Rural
0,0.0,0.0,47,Aucun,Mariee,Non,Jamais,Jamais,Jamais,0.0,70.0,23.0,Aucun,Non,Nord_Ouest,Rural
0,0.0,0.0,46,Aucun,Divorcee,Non,Jamais,Jamais,Jamais,0.0,38.0,8.0,Superieur,Non,Nord_Ouest,Rural
0,0.0,0.0,30,Secondaire,Mariee,Non,Jamais,Jamais,Jamais,0.0,37.0,7.0,Superieur,Non,Nord_Ouest,Rural
0,0.0,0.0,46,Aucun,Mariee,Oui,Jamais,Jamais,Jamais,0.0,55.0,9.0,Aucun,Non,Nord_Ouest,Rural
0,0.0,0.0,49,Aucun,Union_libre,Non,Jamais,Jamais,Jamais,0.0,65.0,16.0,Aucun,Non,Nord_Ouest,Rural
0,0.0,0.0,24,Primaire,Mariee,Non,Jamais,Jamais,Jamais,0.0,30.0,6.0,Aucun,Non,Nord_Ouest,Rural
0,0.0,0.0,45,Aucun,Veuve,Non,Jamais,Jamais,Jamais,0.0,38.0,8.0,Superieur,Non,Nord_Ouest,Rural
0,0.0,0.0,33,Aucun,Mariee,Non,Jamais,Jamais,Jamais,0.0,35.0,2.0,Aucun,Non,Nord_Ouest,Rural
0,0.0,0.0,20,Aucun,Union_libre,Oui,Jamais,Jamais,Jamais,0.0,60.0,40.0,Aucun,Non,Nord_Ouest,Rural
1,1.0,1.0,36,Aucun,Separee,Non,Jamais,Jamais,Jamais,0.0,38.0,8.0,Superieur,Oui,Nord_Ouest,Rural
1,1.0,0.0,27,Primaire,Veuve,Oui,Jamais,Jamais,Jamais,0.0,38.0,8.0,Superieur,Oui,Nord_Ouest,Rural
0,0.0,0.0,31,Aucun,Separee,Non,Jamais,Jamais,Jamais,0.0,38.0,8.0,Superieur,Non,Nord_Ouest,Rural
1,1.0,0.0,31,Primaire,Separee,Non,Jamais,Jamais,Jamais,0.0,38.0,8.0,Superieur,Oui,Nord_Ouest,Rural
0,0.0,0.0,43,Primaire,Mariee,Non,Jamais,Jamais,Au_moins_1x_sem,0.6666666666666666,54.0,11.0,Secondaire,Oui,Sud,Rural
1,1.0,0.0,33,Primaire,Mariee,Non,Jamais,Moins_1x_sem,Moins_1x_sem,0.6666666666666666,39.0,6.0,Secondaire,Oui,Sud,Rural
0,0.0,0.0,24,Primaire,Mariee,Non,Jamais,Jamais,Au_moins_1x_sem,0.6666666666666666,30.0,6.0,Secondaire,Oui,Sud,Rural
0,0.0,0.0,35,Secondaire,Mariee,Non,Moins_1x_sem,Moins_1x_sem,Moins_1x_sem,1.0,46.0,11.0,Secondaire,Oui,Sud,Rural
1,1.0,0.0,37,Primaire,Mariee,Non,Jamais,Moins_1x_sem,Moins_1x_sem,0.6666666666666666,36.0,-1.0,Secondaire,Oui,Sud,Rural
1,1.0,0.0,34,Secondaire,Separee,Non,Jamais,Moins_1x_sem,Au_moins_1x_sem,1.0,38.0,8.0,Superieur,Oui,Sud,Rural
0,0.0,0.0,31,Primaire,Mariee,Non,Moins_1x_sem,Moins_1x_sem,Moins_1x_sem,1.0,35.0,4.0,Aucun,Oui,Sud,Rural
0,0.0,0.0,40,Secondaire,Veuve,Non,Jamais,Jamais,Jamais,0.0,38.0,8.0,Superieur,Oui,Sud,Rural
0,0.0,0.0,32,Primaire,Divorcee,Non,Jamais,Moins_1x_sem,Au_moins_1x_sem,1.0,38.0,8.0,Superieur,Oui,Sud,Rural
0,0.0,0.0,27,Superieur,Union_libre,Non,Moins_1x_sem,Au_moins_1x_sem,Au_moins_1x_sem,1.6666666666666667,34.0,7.0,Superieur,Oui,Centre,Urbain
0,0.0,0.0,31,Primaire,Mariee,Non,Jamais,Jamais,Jamais,0.0,38.0,7.0,Aucun,Non,Littoral,Rural
0,0.0,0.0,27,Primaire,Mariee,Non,Jamais,Jamais,Jamais,0.0,31.0,4.0,Aucun,Non,Littoral,Rural
0,0.0,0.0,20,Secondaire,Mariee,Non,Jamais,Jamais,Jamais,0.0,30.0,10.0,Aucun,Non,Littoral,Rural
0,0.0,0.0,25,Aucun,Mariee,Non,Jamais,Jamais,Jamais,0.0,30.0,5.0,Aucun,Non,Littoral,Rural
0,0.0,0.0,37,Primaire,Mariee,Non,Jamais,Jamais,Jamais,0.0,40.0,3.0,Primaire,Non,Littoral,Rural
0,0.0,0.0,35,Aucun,Mariee,Non,Jamais,Jamais,Jamais,0.0,50.0,15.0,Aucun,Non,Littoral,Rural
0,0.0,0.0,18,Primaire,Mariee,Non,Jamais,Jamais,Jamais,0.0,28.0,10.0,Primaire,Non,Littoral,Rural
0,0.0,0.0,40,Aucun,Veuve,Non,Jamais,Jamais,Jamais,0.0,38.0,8.0,Superieur,Non,Littoral,Rural
1,1.0,0.0,40,Aucun,Mariee,Non,Jamais,Jamais,Jamais,0.0,48.0,8.0,Superieur,Oui,Littoral,Rural
0,0.0,0.0,21,Aucun,Mariee,Non,Jamais,Jamais,Jamais,0.0,26.0,5.0,Aucun,Non,Littoral,Rural
0,0.0,0.0,35,Aucun,Mariee,Non,Jamais,Jamais,Jamais,0.0,60.0,25.0,Secondaire,Non,Littoral,Rural
0,0.0,0.0,28,Aucun,Mariee,Non,Jamais,Jamais,Jamais,0.0,35.0,7.0,Secondaire,Non,Littoral,Rural
0,0.0,0.0,26,Aucun,Mariee,Oui,Jamais,Jamais,Jamais,0.0,33.0,7.0,Primaire,Non,Littoral,Rural
1,1.0,0.0,29,Secondaire,Veuve,Non,Jamais,Au_moins_1x_sem,Au_moins_1x_sem,1.3333333333333333,38.0,8.0,Superieur,Oui,Littoral,Urbain
0,0.0,0.0,37,Superieur,Mariee,Non,Moins_1x_sem,Moins_1x_sem,Au_moins_1x_sem,1.3333333333333333,42.0,5.0,Superieur,Oui,Littoral,Urbain
0,0.0,0.0,33,Superieur,Mariee,Non,Moins_1x_sem,Jamais,Au_moins_1x_sem,1.0,39.0,6.0,Superieur,Oui,Littoral,Urbain
0,0.0,0.0,24,Secondaire,Union_libre,Oui,Moins_1x_sem,Moins_1x_sem,Au_moins_1x_sem,1.3333333333333333,27.0,3.0,Superieur,Oui,Littoral,Urbain
0,0.0,0.0,18,Superieur,Union_libre,Non,Au_moins_1x_sem,Moins_1x_sem,Au_moins_1x_sem,1.6666666666666667,28.0,10.0,Superieur,Oui,Littoral,Urbain
1,1.0,0.0,30,Superieur,Union_libre,Oui,Moins_1x_sem,Jamais,Au_moins_1x_sem,1.0,35.0,5.0,Superieur,Oui,Littoral,Urbain
0,0.0,0.0,35,Superieur,Separee,Non,Au_moins_1x_sem,Jamais,Au_moins_1x_sem,1.3333333333333333,38.0,8.0,Superieur,Oui,Littoral,Urbain
0,0.0,0.0,31,Superieur,Union_libre,Non,Moins_1x_sem,Au_moins_1x_sem,Au_moins_1x_sem,1.6666666666666667,34.0,3.0,Superieur,Oui,Littoral,Urbain
0,0.0,0.0,27,Secondaire,Union_libre,Non,Moins_1x_sem,Au_moins_1x_sem,Au_moins_1x_sem,1.6666666666666667,33.0,6.0,Secondaire,Non,Littoral,Urbain
0,0.0,0.0,28,Secondaire,Union_libre,Oui,Jamais,Jamais,Au_moins_1x_sem,0.6666666666666666,32.0,4.0,Secondaire,Oui,Littoral,Urbain
1,1.0,0.0,33,Primaire,Union_libre,Non,Jamais,Jamais,Au_moins_1x_sem,0.6666666666666666,38.0,5.0,Superieur,Oui,Littoral,Urbain
1,1.0,0.0,23,Secondaire,Union_libre,Non,Au_moins_1x_sem,Au_moins_1x_sem,Au_moins_1x_sem,2.0,27.0,4.0,Superieur,Non,Littoral,Urbain
1,1.0,1.0,37,Primaire,Separee,Non,Jamais,Jamais,Au_moins_1x_sem,0.6666666666666666,38.0,8.0,Superieur,Oui,Littoral,Urbain
1,1.0,0.0,35,Secondaire,Separee,Non,Jamais,Au_moins_1x_sem,Au_moins_1x_sem,1.3333333333333333,38.0,8.0,Superieur,Non,Littoral,Urbain
1,1.0,1.0,28,Secondaire,Union_libre,Non,Jamais,Jamais,Au_moins_1x_sem,0.6666666666666666,32.0,4.0,Secondaire,Oui,Littoral,Urbain
0,0.0,0.0,39,Secondaire,Mariee,Non,Au_moins_1x_sem,Au_moins_1x_sem,Au_moins_1x_sem,2.0,55.0,16.0,Superieur,Oui,Littoral,Urbain
0,0.0,0.0,42,Secondaire,Mariee,Non,Jamais,Moins_1x_sem,Moins_1x_sem,0.6666666666666666,45.0,3.0,Superieur,Oui,Littoral,Urbain
1,1.0,1.0,48,Superieur,Mariee,Non,Au_moins_1x_sem,Au_moins_1x_sem,Au_moins_1x_sem,2.0,48.0,0.0,Secondaire,Oui,Littoral,Urbain
0,0.0,0.0,35,Primaire,Mariee,Non,Jamais,Jamais,Jamais,0.0,64.0,29.0,Aucun,Non,Littoral,Rural
0,0.0,0.0,32,Aucun,Mariee,Non,Jamais,Jamais,Jamais,0.0,60.0,28.0,Aucun,Non,Littoral,Rural
0,0.0,0.0,46,Aucun,Mariee,Non,Jamais,Jamais,Jamais,0.0,66.0,20.0,Aucun,Non,Littoral,Rural
0,0.0,0.0,48,Aucun,Veuve,Non,Jamais,Jamais,Jamais,0.0,38.0,8.0,Superieur,Non,Littoral,Rural
0,0.0,0.0,40,Aucun,Mariee,Non,Jamais,Moins_1x_sem,Jamais,0.3333333333333333,45.0,5.0,Aucun,Non,Littoral,Rural
0,0.0,0.0,35,Primaire,Mariee,Non,Jamais,Jamais,Jamais,0.0,63.0,28.0,Aucun,Non,Littoral,Rural
0,0.0,0.0,23,Primaire,Mariee,Non,Jamais,Jamais,Jamais,0.0,40.0,17.0,Primaire,Non,Littoral,Rural
0,0.0,0.0,38,Aucun,Mariee,Non,Jamais,Jamais,Jamais,0.0,47.0,9.0,Primaire,Non,Littoral,Rural
0,0.0,0.0,42,Aucun,Mariee,Non,Jamais,Jamais,Jamais,0.0,47.0,5.0,Primaire,Non,Littoral,Rural
0,0.0,0.0,29,Aucun,Mariee,Oui,Jamais,Jamais,Jamais,0.0,32.0,3.0,Primaire,Non,Littoral,Rural
0,0.0,0.0,30,Aucun,Mariee,Non,Jamais,Jamais,Jamais,0.0,33.0,3.0,Aucun,Non,Littoral,Rural
0,0.0,0.0,22,Aucun,Mariee,Oui,Jamais,Jamais,Jamais,0.0,31.0,9.0,Aucun,Non,Littoral,Rural
0,0.0,0.0,25,Aucun,Mariee,Oui,Jamais,Jamais,Jamais,0.0,28.0,3.0,Primaire,Non,Littoral,Rural
1,1.0,1.0,28,Aucun,Mariee,Non,Jamais,Jamais,Jamais,0.0,30.0,2.0,Primaire,Oui,Nord_Ouest,Rural
0,0.0,0.0,25,Aucun,Mariee,Oui,Jamais,Jamais,Jamais,0.0,55.0,30.0,Aucun,Non,Nord_Ouest,Rural
0,0.0,0.0,20,Aucun,Mariee,Non,Jamais,Jamais,Jamais,0.0,30.0,10.0,Aucun,Non,Nord_Ouest,Rural
0,0.0,0.0,21,Primaire,Mariee,Non,Jamais,Jamais,Jamais,0.0,50.0,29.0,Aucun,Non,Nord_Ouest,Rural
0,0.0,0.0,28,Aucun,Mariee,Non,Jamais,Jamais,Jamais,0.0,35.0,7.0,Aucun,Non,Nord_Ouest,Rural
0,0.0,0.0,27,Aucun,Mariee,Non,Jamais,Jamais,Jamais,0.0,40.0,13.0,Primaire,Non,Nord_Ouest,Rural
0,0.0,0.0,23,Primaire,Mariee,Oui,Jamais,Jamais,Jamais,0.0,30.0,7.0,Secondaire,Non,Nord_Ouest,Rural
0,0.0,0.0,28,Aucun,Mariee,Non,Jamais,Jamais,Jamais,0.0,55.0,27.0,Superieur,Non,Nord_Ouest,Rural
0,0.0,0.0,31,Aucun,Mariee,Non,Jamais,Jamais,Jamais,0.0,41.0,10.0,Aucun,Non,Nord_Ouest,Rural
0,0.0,0.0,34,Aucun,Mariee,Non,Jamais,Jamais,Jamais,0.0,38.0,4.0,Aucun,Non,Nord_Ouest,Rural
0,0.0,0.0,21,Aucun,Mariee,Non,Jamais,Jamais,Jamais,0.0,35.0,14.0,Aucun,Non,Nord_Ouest,Rural
1,1.0,0.0,27,Aucun,Divorcee,Non,Jamais,Jamais,Jamais,0.0,38.0,8.0,Superieur,Oui,Nord_Ouest,Rural
0,0.0,0.0,35,Aucun,Mariee,Non,Jamais,Jamais,Jamais,0.0,40.0,5.0,Aucun,Non,Nord_Ouest,Rural
0,0.0,0.0,46,Aucun,Mariee,Non,Jamais,Jamais,Jamais,0.0,60.0,14.0,Aucun,Non,Nord_Ouest,Rural
0,0.0,0.0,19,Aucun,Mariee,Non,Jamais,Jamais,Jamais,0.0,23.0,4.0,Primaire,Non,Nord_Ouest,Rural
0,0.0,0.0,27,Aucun,Mariee,Non,Jamais,Jamais,Jamais,0.0,31.0,4.0,Aucun,Non,Littoral,Rural
0,0.0,0.0,20,Aucun,Mariee,Non,Jamais,Jamais,Jamais,0.0,26.0,6.0,Aucun,Non,Littoral,Rural
0,0.0,0.0,30,Aucun,Divorcee,Non,Jamais,Au_moins_1x_sem,Jamais,0.6666666666666666,38.0,8.0,Superieur,Non,Littoral,Rural
0,0.0,0.0,20,Aucun,Mariee,Non,Jamais,Moins_1x_sem,Jamais,0.3333333333333333,28.0,8.0,Aucun,Non,Littoral,Rural
0,0.0,0.0,40,Aucun,Veuve,Non,Jamais,Jamais,Jamais,0.0,38.0,8.0,Superieur,Non,Littoral,Rural
0,0.0,0.0,26,Aucun,Mariee,Non,Jamais,Jamais,Jamais,0.0,30.0,4.0,Aucun,Non,Littoral,Rural
0,0.0,0.0,30,Aucun,Mariee,Non,Jamais,Jamais,Jamais,0.0,38.0,8.0,Aucun,Non,Littoral,Rural
0,0.0,0.0,25,Aucun,Mariee,Oui,Jamais,Jamais,Jamais,0.0,26.0,1.0,Aucun,Non,Littoral,Rural
0,0.0,0.0,34,Aucun,Mariee,Non,Jamais,Moins_1x_sem,Jamais,0.3333333333333333,73.0,39.0,Aucun,Non,Littoral,Rural
0,0.0,0.0,35,Aucun,Mariee,Non,Jamais,Moins_1x_sem,Jamais,0.3333333333333333,48.0,13.0,Aucun,Non,Littoral,Rural
0,0.0,0.0,20,Aucun,Mariee,Non,Jamais,Jamais,Jamais,0.0,32.0,12.0,Aucun,Non,Littoral,Rural
0,0.0,0.0,28,Aucun,Mariee,Non,Jamais,Jamais,Jamais,0.0,82.0,54.0,Aucun,Non,Littoral,Rural
0,0.0,0.0,27,Aucun,Mariee,Non,Jamais,Jamais,Jamais,0.0,39.0,12.0,Aucun,Non,Littoral,Rural
0,0.0,0.0,49,Aucun,Mariee,Non,Jamais,Jamais,Jamais,0.0,57.0,8.0,Aucun,Non,Littoral,Rural
0,0.0,0.0,34,Secondaire,Mariee,Oui,Jamais,Jamais,Au_moins_1x_sem,0.6666666666666666,54.0,20.0,Superieur,Non,Littoral,Urbain
0,0.0,0.0,39,Secondaire,Separee,Non,Jamais,Jamais,Jamais,0.0,38.0,8.0,Superieur,Non,Littoral,Urbain
1,1.0,1.0,30,Secondaire,Mariee,Oui,Jamais,Au_moins_1x_sem,Au_moins_1x_sem,1.3333333333333333,41.0,11.0,Superieur,Oui,Littoral,Urbain
0,0.0,0.0,19,Secondaire,Mariee,Oui,Jamais,Au_moins_1x_sem,Au_moins_1x_sem,1.3333333333333333,24.0,5.0,Secondaire,Oui,Littoral,Urbain
0,0.0,0.0,38,Secondaire,Separee,Non,Jamais,Moins_1x_sem,Au_moins_1x_sem,1.0,38.0,8.0,Superieur,Oui,Littoral,Urbain
0,0.0,0.0,29,Secondaire,Mariee,Non,Jamais,Au_moins_1x_sem,Jamais,0.6666666666666666,35.0,6.0,Secondaire,Non,Littoral,Urbain
0,0.0,0.0,39,Secondaire,Mariee,Non,Jamais,Moins_1x_sem,Au_moins_1x_sem,1.0,54.0,15.0,Secondaire,Non,Littoral,Urbain
0,0.0,0.0,29,Secondaire,Mariee,Oui,Moins_1x_sem,Moins_1x_sem,Au_moins_1x_sem,1.3333333333333333,40.0,11.0,Superieur,Non,Littoral,Urbain
0,0.0,0.0,25,Secondaire,Mariee,Oui,Moins_1x_sem,Au_moins_1x_sem,Au_moins_1x_sem,1.6666666666666667,45.0,20.0,Superieur,Non,Littoral,Urbain
0,0.0,0.0,25,Secondaire,Union_libre,Non,Jamais,Au_moins_1x_sem,Au_moins_1x_sem,1.3333333333333333,33.0,8.0,Secondaire,Oui,Littoral,Urbain
0,0.0,0.0,26,Aucun,Divorcee,Non,Jamais,Jamais,Jamais,0.0,38.0,8.0,Superieur,Non,Littoral,Rural
0,0.0,0.0,25,Aucun,Mariee,Non,Jamais,Jamais,Jamais,0.0,40.0,15.0,Aucun,Non,Littoral,Rural
0,0.0,0.0,30,Aucun,Mariee,Non,Jamais,Jamais,Jamais,0.0,52.0,22.0,Aucun,Non,Littoral,Rural
0,0.0,0.0,25,Aucun,Mariee,Non,Jamais,Jamais,Jamais,0.0,28.0,3.0,Primaire,Non,Littoral,Rural
0,0.0,0.0,29,Aucun,Mariee,Non,Jamais,Jamais,Jamais,0.0,36.0,7.0,Aucun,Non,Littoral,Rural
0,0.0,0.0,26,Aucun,Mariee,Non,Jamais,Jamais,Jamais,0.0,28.0,2.0,Aucun,Non,Littoral,Rural
0,0.0,0.0,23,Aucun,Mariee,Non,Jamais,Jamais,Jamais,0.0,25.0,2.0,Primaire,Non,Littoral,Rural
0,0.0,0.0,27,Aucun,Mariee,Non,Jamais,Jamais,Jamais,0.0,39.0,12.0,Aucun,Non,Littoral,Rural
0,0.0,0.0,20,Aucun,Mariee,Oui,Jamais,Jamais,Jamais,0.0,27.0,7.0,Aucun,Non,Littoral,Rural
0,0.0,0.0,32,Aucun,Mariee,Oui,Jamais,Jamais,Jamais,0.0,36.0,4.0,Secondaire,Non,Littoral,Rural
0,0.0,0.0,46,Aucun,Mariee,Non,Jamais,Jamais,Jamais,0.0,73.0,27.0,Aucun,Non,Littoral,Rural
0,0.0,0.0,30,Aucun,Mariee,Non,Jamais,Jamais,Jamais,0.0,34.0,4.0,Aucun,Non,Littoral,Rural
0,0.0,0.0,18,Aucun,Mariee,Non,Jamais,Jamais,Jamais,0.0,28.0,10.0,Aucun,Non,Littoral,Rural
0,0.0,0.0,16,Primaire,Mariee,Non,Jamais,Jamais,Jamais,0.0,30.0,14.0,Aucun,Non,Littoral,Rural
0,0.0,0.0,31,Aucun,Mariee,Non,Jamais,Jamais,Jamais,0.0,40.0,9.0,Aucun,Non,Littoral,Rural
0,0.0,0.0,32,Aucun,Mariee,Oui,Jamais,Jamais,Jamais,0.0,44.0,12.0,Aucun,Non,Littoral,Rural
0,0.0,0.0,18,Aucun,Mariee,Oui,Jamais,Jamais,Jamais,0.0,29.0,11.0,Aucun,Non,Littoral,Rural
0,0.0,0.0,25,Aucun,Mariee,Non,Jamais,Jamais,Jamais,0.0,34.0,9.0,Aucun,Non,Littoral,Rural
0,0.0,0.0,30,Aucun,Mariee,Non,Jamais,Jamais,Jamais,0.0,57.0,27.0,Aucun,Non,Littoral,Rural
0,0.0,0.0,18,Aucun,Mariee,Non,Jamais,Jamais,Jamais,0.0,31.0,13.0,Aucun,Non,Littoral,Rural
1,1.0,1.0,35,Primaire,Union_libre,Non,Moins_1x_sem,Moins_1x_sem,Au_moins_1x_sem,1.3333333333333333,41.0,6.0,Secondaire,Oui,Sud_Ouest,Rural
0,0.0,0.0,29,Primaire,Mariee,Non,Jamais,Jamais,Jamais,0.0,40.0,11.0,Secondaire,Non,Sud_Ouest,Rural
0,0.0,0.0,40,Secondaire,Mariee,Non,Jamais,Moins_1x_sem,Au_moins_1x_sem,1.0,49.0,9.0,Superieur,Oui,Sud_Ouest,Rural
0,0.0,0.0,29,Primaire,Union_libre,Oui,Jamais,Jamais,Jamais,0.0,22.0,-7.0,Superieur,Oui,Sud_Ouest,Rural
1,1.0,1.0,23,Primaire,Separee,Non,Jamais,Jamais,Jamais,0.0,38.0,8.0,Superieur,Oui,Sud_Ouest,Rural
1,1.0,1.0,38,Secondaire,Separee,Non,Jamais,Jamais,Au_moins_1x_sem,0.6666666666666666,38.0,8.0,Superieur,Oui,Sud_Ouest,Rural
0,0.0,0.0,27,Superieur,Union_libre,Non,Moins_1x_sem,Moins_1x_sem,Au_moins_1x_sem,1.3333333333333333,32.0,5.0,Superieur,Non,Sud_Ouest,Rural
1,1.0,0.0,35,Primaire,Mariee,Non,Jamais,Moins_1x_sem,Au_moins_1x_sem,1.0,42.0,7.0,Secondaire,Oui,Sud_Ouest,Rural
0,0.0,0.0,25,Secondaire,Union_libre,Oui,Jamais,Jamais,Jamais,0.0,31.0,6.0,Superieur,Non,Sud_Ouest,Rural
0,0.0,0.0,25,Primaire,Separee,Non,Jamais,Jamais,Au_moins_1x_sem,0.6666666666666666,38.0,8.0,Superieur,Non,Sud_Ouest,Rural
0,0.0,0.0,32,Secondaire,Union_libre,Non,Jamais,Jamais,Moins_1x_sem,0.3333333333333333,42.0,10.0,Secondaire,Oui,Sud_Ouest,Rural
0,0.0,0.0,22,Secondaire,Mariee,Non,Jamais,Moins_1x_sem,Au_moins_1x_sem,1.0,31.0,9.0,Superieur,Oui,Sud_Ouest,Rural
0,0.0,0.0,19,Secondaire,Union_libre,Non,Jamais,Jamais,Au_moins_1x_sem,0.6666666666666666,25.0,6.0,Primaire,Oui,Sud_Ouest,Rural
0,0.0,0.0,35,Secondaire,Mariee,Oui,Jamais,Jamais,Au_moins_1x_sem,0.6666666666666666,43.0,8.0,Superieur,Non,Sud_Ouest,Rural
0,0.0,0.0,30,Secondaire,Mariee,Non,Jamais,Jamais,Au_moins_1x_sem,0.6666666666666666,34.0,4.0,Secondaire,Oui,Sud_Ouest,Rural
1,1.0,0.0,26,Aucun,Union_libre,Oui,Jamais,Moins_1x_sem,Moins_1x_sem,0.6666666666666666,28.0,2.0,Aucun,Oui,Sud_Ouest,Rural
0,0.0,0.0,30,Secondaire,Mariee,Non,Moins_1x_sem,Au_moins_1x_sem,Au_moins_1x_sem,1.6666666666666667,35.0,5.0,Superieur,Oui,Ouest,Urbain
1,1.0,0.0,25,Superieur,Separee,Non,Jamais,Jamais,Jamais,0.0,38.0,8.0,Superieur,Non,Ouest,Urbain
0,0.0,0.0,39,Superieur,Mariee,Non,Jamais,Au_moins_1x_sem,Au_moins_1x_sem,1.3333333333333333,45.0,6.0,Superieur,Non,Ouest,Urbain
0,0.0,0.0,38,Secondaire,Mariee,Non,Jamais,Au_moins_1x_sem,Au_moins_1x_sem,1.3333333333333333,40.0,2.0,Superieur,Oui,Ouest,Urbain
0,0.0,0.0,30,Primaire,Mariee,Non,Jamais,Jamais,Jamais,0.0,35.0,5.0,Secondaire,Non,Ouest,Urbain
1,1.0,1.0,49,Primaire,Mariee,Non,Jamais,Au_moins_1x_sem,Au_moins_1x_sem,1.3333333333333333,54.0,5.0,Secondaire,Oui,Ouest,Urbain
1,1.0,0.0,29,Secondaire,Union_libre,Non,Jamais,Jamais,Au_moins_1x_sem,0.6666666666666666,30.0,1.0,Superieur,Oui,Centre,Urbain
0,0.0,0.0,34,Superieur,Union_libre,Non,Jamais,Au_moins_1x_sem,Moins_1x_sem,1.0,45.0,11.0,Superieur,Oui,Centre,Urbain
0,0.0,0.0,28,Primaire,Mariee,Non,Jamais,Jamais,Au_moins_1x_sem,0.6666666666666666,48.0,20.0,Superieur,Non,Centre,Urbain
1,1.0,1.0,49,Secondaire,Separee,Non,Moins_1x_sem,Jamais,Jamais,0.3333333333333333,38.0,8.0,Superieur,Oui,Centre,Urbain
1,1.0,1.0,28,Primaire,Union_libre,Non,Jamais,Jamais,Jamais,0.0,32.0,4.0,Superieur,Oui,Centre,Urbain
1,1.0,0.0,38,Secondaire,Mariee,Non,Moins_1x_sem,Moins_1x_sem,Au_moins_1x_sem,1.3333333333333333,50.0,12.0,Superieur,Non,Centre,Urbain
1,0.0,1.0,32,Primaire,Union_libre,Non,Jamais,Moins_1x_sem,Jamais,0.3333333333333333,34.0,2.0,Secondaire,Oui,Centre,Urbain
0,0.0,0.0,21,Secondaire,Separee,Oui,Jamais,Au_moins_1x_sem,Au_moins_1x_sem,1.3333333333333333,38.0,8.0,Superieur,Oui,Centre,Urbain
0,0.0,0.0,36,Primaire,Mariee,Non,Jamais,Jamais,Jamais,0.0,47.0,11.0,Superieur,Non,Centre,Urbain
0,0.0,0.0,27,Secondaire,Union_libre,Non,Jamais,Jamais,Jamais,0.0,28.0,1.0,Superieur,Non,Centre,Urbain
0,0.0,0.0,21,Secondaire,Mariee,Non,Jamais,Jamais,Jamais,0.0,25.0,4.0,Superieur,Non,Ouest,Rural
0,0.0,0.0,24,Primaire,Mariee,Oui,Jamais,Jamais,Jamais,0.0,27.0,3.0,Secondaire,Non,Ouest,Rural
0,0.0,0.0,18,Primaire,Mariee,Non,Jamais,Au_moins_1x_sem,Jamais,0.6666666666666666,32.0,14.0,Secondaire,Oui,Ouest,Rural
0,0.0,0.0,24,Primaire,Mariee,Non,Moins_1x_sem,Jamais,Jamais,0.3333333333333333,30.0,6.0,Secondaire,Oui,Ouest,Rural
0,0.0,0.0,41,Primaire,Mariee,Non,Jamais,Jamais,Jamais,0.0,57.0,16.0,Aucun,Oui,Ouest,Rural
0,0.0,0.0,38,Primaire,Mariee,Non,Jamais,Jamais,Jamais,0.0,65.0,27.0,Secondaire,Non,Ouest,Rural
0,0.0,0.0,47,Primaire,Veuve,Non,Moins_1x_sem,Jamais,Jamais,0.3333333333333333,38.0,8.0,Superieur,Oui,Ouest,Rural
0,0.0,0.0,26,Primaire,Mariee,Non,Jamais,Jamais,Jamais,0.0,35.0,9.0,Aucun,Non,Ouest,Rural
0,0.0,0.0,28,Superieur,Union_libre,Non,Moins_1x_sem,Jamais,Au_moins_1x_sem,1.0,42.0,14.0,Superieur,Oui,Est,Urbain
0,0.0,0.0,40,Secondaire,Mariee,Non,Jamais,Jamais,Au_moins_1x_sem,0.6666666666666666,51.0,11.0,Superieur,Oui,Est,Urbain
0,0.0,0.0,27,Secondaire,Union_libre,Non,Jamais,Moins_1x_sem,Au_moins_1x_sem,1.0,31.0,4.0,Superieur,Oui,Est,Urbain
0,0.0,0.0,32,Secondaire,Mariee,Non,Moins_1x_sem,Jamais,Au_moins_1x_sem,1.0,38.0,6.0,Superieur,Non,Est,Urbain
1,1.0,0.0,44,Secondaire,Union_libre,Non,Moins_1x_sem,Au_moins_1x_sem,Au_moins_1x_sem,1.6666666666666667,44.0,0.0,Superieur,Oui,Est,Urbain
1,1.0,1.0,25,Secondaire,Mariee,Non,Jamais,Moins_1x_sem,Au_moins_1x_sem,1.0,32.0,7.0,Superieur,Oui,Est,Urbain
0,0.0,0.0,31,Superieur,Mariee,Oui,Moins_1x_sem,Au_moins_1x_sem,Jamais,1.0,38.0,7.0,Superieur,Oui,Est,Urbain
1,1.0,0.0,25,Secondaire,Union_libre,Oui,Jamais,Jamais,Au_moins_1x_sem,0.6666666666666666,27.0,2.0,Superieur,Oui,Est,Urbain
0,0.0,0.0,33,Superieur,Mariee,Oui,Jamais,Jamais,Au_moins_1x_sem,0.6666666666666666,33.0,0.0,Superieur,Non,Est,Urbain
0,0.0,0.0,32,Superieur,Mariee,Non,Moins_1x_sem,Jamais,Moins_1x_sem,0.6666666666666666,37.0,5.0,Aucun,Non,Est,Urbain
0,0.0,0.0,26,Superieur,Union_libre,Non,Moins_1x_sem,Moins_1x_sem,Au_moins_1x_sem,1.3333333333333333,32.0,6.0,Superieur,Non,Est,Urbain
0,0.0,0.0,46,Secondaire,Mariee,Non,Moins_1x_sem,Au_moins_1x_sem,Au_moins_1x_sem,1.6666666666666667,53.0,7.0,Superieur,Oui,Est,Urbain
0,0.0,0.0,35,Secondaire,Union_libre,Non,Jamais,Moins_1x_sem,Au_moins_1x_sem,1.0,42.0,7.0,Superieur,Oui,Est,Urbain
0,0.0,0.0,34,Secondaire,Mariee,Non,Au_moins_1x_sem,Au_moins_1x_sem,Au_moins_1x_sem,2.0,41.0,7.0,Superieur,Oui,Ouest,Urbain
0,0.0,0.0,25,Secondaire,Mariee,Non,Jamais,Jamais,Jamais,0.0,32.0,7.0,Superieur,Non,Ouest,Urbain
0,0.0,0.0,37,Superieur,Mariee,Non,Au_moins_1x_sem,Au_moins_1x_sem,Au_moins_1x_sem,2.0,44.0,7.0,Superieur,Oui,Ouest,Urbain
1,1.0,1.0,48,Secondaire,Mariee,Non,Jamais,Au_moins_1x_sem,Au_moins_1x_sem,1.3333333333333333,51.0,3.0,Secondaire,Oui,Ouest,Urbain
0,0.0,0.0,27,Secondaire,Mariee,Non,Jamais,Jamais,Moins_1x_sem,0.3333333333333333,32.0,5.0,Aucun,Oui,Ouest,Urbain
0,0.0,0.0,33,Aucun,Mariee,Non,Jamais,Jamais,Moins_1x_sem,0.3333333333333333,40.0,7.0,Aucun,Non,Ouest,Urbain
0,0.0,0.0,33,Aucun,Mariee,Non,Jamais,Jamais,Jamais,0.0,39.0,6.0,Secondaire,Non,Ouest,Urbain
0,0.0,0.0,30,Secondaire,Mariee,Non,Jamais,Jamais,Jamais,0.0,35.0,5.0,Superieur,Non,Ouest,Urbain
0,0.0,0.0,26,Primaire,Mariee,Non,Jamais,Au_moins_1x_sem,Au_moins_1x_sem,1.3333333333333333,30.0,4.0,Secondaire,Oui,Ouest,Urbain
1,1.0,0.0,32,Primaire,Mariee,Non,Jamais,Jamais,Au_moins_1x_sem,0.6666666666666666,40.0,8.0,Secondaire,Non,Sud,Urbain
0,0.0,0.0,30,Primaire,Mariee,Oui,Moins_1x_sem,Au_moins_1x_sem,Au_moins_1x_sem,1.6666666666666667,35.0,5.0,Primaire,Non,Sud,Urbain
0,0.0,0.0,20,Primaire,Mariee,Non,Jamais,Jamais,Au_moins_1x_sem,0.6666666666666666,26.0,6.0,Superieur,Non,Sud,Urbain
0,0.0,0.0,39,Primaire,Veuve,Non,Moins_1x_sem,Moins_1x_sem,Au_moins_1x_sem,1.3333333333333333,38.0,8.0,Superieur,Non,Sud,Urbain
1,1.0,0.0,22,Secondaire,Mariee,Non,Moins_1x_sem,Moins_1x_sem,Au_moins_1x_sem,1.3333333333333333,32.0,10.0,Superieur,Non,Sud,Urbain
1,1.0,0.0,28,Primaire,Union_libre,Non,Jamais,Jamais,Au_moins_1x_sem,0.6666666666666666,35.0,7.0,Secondaire,Non,Sud,Urbain
0,0.0,0.0,39,Secondaire,Mariee,Non,Jamais,Au_moins_1x_sem,Au_moins_1x_sem,1.3333333333333333,51.0,12.0,Primaire,Non,Sud,Urbain
0,0.0,0.0,17,Secondaire,Union_libre,Oui,Jamais,Moins_1x_sem,Au_moins_1x_sem,1.0,28.0,11.0,Superieur,Non,Sud,Urbain
1,1.0,0.0,20,Secondaire,Separee,Oui,Jamais,Moins_1x_sem,Au_moins_1x_sem,1.0,38.0,8.0,Superieur,Non,Sud,Urbain
1,1.0,0.0,27,Secondaire,Union_libre,Non,Jamais,Moins_1x_sem,Au_moins_1x_sem,1.0,45.0,18.0,Superieur,Non,Sud,Urbain
0,0.0,0.0,32,Secondaire,Mariee,Non,Jamais,Jamais,Moins_1x_sem,0.3333333333333333,43.0,11.0,Superieur,Non,Sud,Urbain
1,1.0,0.0,27,Secondaire,Union_libre,Non,Jamais,Au_moins_1x_sem,Au_moins_1x_sem,1.3333333333333333,32.0,5.0,Superieur,Non,Sud,Urbain
1,1.0,0.0,32,Primaire,Mariee,Non,Jamais,Au_moins_1x_sem,Jamais,0.6666666666666666,58.0,26.0,Superieur,Non,Sud,Urbain
0,0.0,0.0,41,Primaire,Mariee,Non,Moins_1x_sem,Moins_1x_sem,Moins_1x_sem,1.0,45.0,4.0,Aucun,Non,Sud,Urbain
0,0.0,0.0,26,Primaire,Mariee,Oui,Jamais,Jamais,Jamais,0.0,35.0,9.0,Superieur,Non,Sud,Urbain
0,0.0,0.0,27,Primaire,Veuve,Non,Jamais,Jamais,Moins_1x_sem,0.3333333333333333,38.0,8.0,Superieur,Non,Sud,Urbain
0,0.0,0.0,22,Primaire,Union_libre,Non,Jamais,Jamais,Jamais,0.0,25.0,3.0,Superieur,Oui,Extreme_Nord,Rural
1,1.0,0.0,40,Primaire,Mariee,Non,Jamais,Jamais,Jamais,0.0,43.0,3.0,Primaire,Oui,Extreme_Nord,Rural
1,1.0,1.0,44,Primaire,Mariee,Non,Jamais,Moins_1x_sem,Moins_1x_sem,0.6666666666666666,52.0,8.0,Secondaire,Oui,Extreme_Nord,Rural
1,1.0,0.0,39,Aucun,Union_libre,Non,Jamais,Moins_1x_sem,Jamais,0.3333333333333333,40.0,1.0,Primaire,Oui,Extreme_Nord,Rural
0,0.0,0.0,48,Aucun,Veuve,Non,Jamais,Jamais,Jamais,0.0,38.0,8.0,Superieur,Oui,Extreme_Nord,Rural
0,0.0,0.0,27,Primaire,Union_libre,Non,Jamais,Moins_1x_sem,Moins_1x_sem,0.6666666666666666,28.0,1.0,Superieur,Non,Extreme_Nord,Rural
0,0.0,0.0,32,Primaire,Separee,Non,Jamais,Jamais,Jamais,0.0,38.0,8.0,Superieur,Non,Extreme_Nord,Rural
0,0.0,0.0,22,Primaire,Union_libre,Non,Jamais,Jamais,Jamais,0.0,30.0,8.0,Superieur,Oui,Extreme_Nord,Rural
1,1.0,0.0,46,Primaire,Mariee,Non,Jamais,Jamais,Jamais,0.0,56.0,10.0,Secondaire,Non,Extreme_Nord,Rural
1,1.0,0.0,27,Primaire,Union_libre,Non,Jamais,Moins_1x_sem,Moins_1x_sem,0.6666666666666666,27.0,0.0,Superieur,Non,Extreme_Nord,Rural
1,1.0,0.0,25,Primaire,Union_libre,Non,Jamais,Jamais,Jamais,0.0,30.0,5.0,Superieur,Non,Extreme_Nord,Rural
0,0.0,0.0,49,Aucun,Mariee,Non,Jamais,Jamais,Jamais,0.0,51.0,2.0,Superieur,Non,Extreme_Nord,Rural
1,1.0,0.0,19,Primaire,Veuve,Non,Jamais,Jamais,Jamais,0.0,38.0,8.0,Superieur,Oui,Extreme_Nord,Rural
0,0.0,0.0,16,Aucun,Mariee,Oui,Jamais,Jamais,Jamais,0.0,21.0,5.0,Primaire,Oui,Extreme_Nord,Rural
0,0.0,0.0,28,Primaire,Mariee,Non,Jamais,Jamais,Jamais,0.0,33.0,5.0,Superieur,Oui,Extreme_Nord,Rural
1,1.0,1.0,34,Primaire,Union_libre,Non,Jamais,Au_moins_1x_sem,Jamais,0.6666666666666666,38.0,4.0,Primaire,Oui,Extreme_Nord,Rural
1,1.0,1.0,23,Primaire,Union_libre,Non,Jamais,Jamais,Jamais,0.0,38.0,15.0,Primaire,Oui,Extreme_Nord,Rural
0,0.0,0.0,20,Primaire,Mariee,Non,Jamais,Jamais,Jamais,0.0,34.0,14.0,Primaire,Oui,Extreme_Nord,Rural
0,0.0,0.0,30,Secondaire,Union_libre,Non,Jamais,Au_moins_1x_sem,Au_moins_1x_sem,1.3333333333333333,40.0,10.0,Superieur,Non,Centre,Urbain
0,0.0,0.0,29,Aucun,Mariee,Non,Jamais,Jamais,Moins_1x_sem,0.3333333333333333,36.0,7.0,Primaire,Non,Centre,Urbain
0,0.0,0.0,19,Secondaire,Union_libre,Non,Moins_1x_sem,Jamais,Moins_1x_sem,0.6666666666666666,28.0,9.0,Superieur,Oui,Centre,Urbain
0,0.0,0.0,25,Superieur,Union_libre,Non,Jamais,Jamais,Au_moins_1x_sem,0.6666666666666666,27.0,2.0,Superieur,Non,Centre,Urbain
1,1.0,0.0,17,Secondaire,Mariee,Non,Jamais,Au_moins_1x_sem,Au_moins_1x_sem,1.3333333333333333,22.0,5.0,Secondaire,Non,Centre,Urbain
1,1.0,0.0,34,Secondaire,Union_libre,Non,Au_moins_1x_sem,Jamais,Au_moins_1x_sem,1.3333333333333333,41.0,7.0,Superieur,Non,Centre,Urbain
0,0.0,0.0,30,Secondaire,Separee,Non,Jamais,Jamais,Au_moins_1x_sem,0.6666666666666666,38.0,8.0,Superieur,Non,Centre,Urbain
0,0.0,0.0,25,Primaire,Mariee,Non,Jamais,Jamais,Jamais,0.0,32.0,7.0,Superieur,Non,Nord_Ouest,Rural
0,0.0,0.0,22,Aucun,Mariee,Non,Jamais,Jamais,Jamais,0.0,40.0,18.0,Superieur,Non,Nord_Ouest,Rural
0,0.0,0.0,29,Aucun,Mariee,Non,Jamais,Jamais,Jamais,0.0,40.0,11.0,Superieur,Non,Nord_Ouest,Rural
0,0.0,0.0,33,Primaire,Mariee,Non,Jamais,Jamais,Jamais,0.0,58.0,25.0,Primaire,Non,Nord_Ouest,Rural
0,0.0,0.0,44,Primaire,Mariee,Non,Jamais,Jamais,Jamais,0.0,46.0,2.0,Superieur,Non,Nord_Ouest,Rural
1,1.0,0.0,33,Primaire,Mariee,Non,Jamais,Jamais,Jamais,0.0,40.0,7.0,Superieur,Non,Nord_Ouest,Rural
1,1.0,1.0,32,Aucun,Mariee,Non,Jamais,Jamais,Jamais,0.0,33.0,1.0,Primaire,Oui,Nord_Ouest,Rural
0,0.0,0.0,41,Primaire,Veuve,Non,Jamais,Jamais,Jamais,0.0,38.0,8.0,Superieur,Non,Nord_Ouest,Rural
0,0.0,0.0,25,Primaire,Mariee,Oui,Jamais,Jamais,Jamais,0.0,36.0,11.0,Primaire,Non,Nord_Ouest,Rural
0,0.0,0.0,28,Secondaire,Mariee,Non,Jamais,Au_moins_1x_sem,Moins_1x_sem,1.0,40.0,12.0,Superieur,Oui,Nord_Ouest,Rural
0,0.0,0.0,44,Aucun,Mariee,Non,Jamais,Jamais,Jamais,0.0,70.0,26.0,Aucun,Non,Nord_Ouest,Rural
1,1.0,0.0,34,Aucun,Mariee,Non,Jamais,Jamais,Jamais,0.0,80.0,46.0,Aucun,Non,Nord_Ouest,Rural
0,0.0,0.0,36,Primaire,Mariee,Oui,Jamais,Moins_1x_sem,Jamais,0.3333333333333333,42.0,6.0,Aucun,Non,Nord_Ouest,Rural
0,0.0,0.0,27,Primaire,Union_libre,Non,Jamais,Moins_1x_sem,Moins_1x_sem,0.6666666666666666,35.0,8.0,Primaire,Oui,Extreme_Nord,Urbain
1,1.0,0.0,26,Primaire,Union_libre,Non,Jamais,Jamais,Jamais,0.0,31.0,5.0,Primaire,Oui,Extreme_Nord,Urbain
0,0.0,0.0,22,Primaire,Union_libre,Non,Jamais,Jamais,Jamais,0.0,28.0,6.0,Secondaire,Oui,Extreme_Nord,Urbain
1,1.0,0.0,32,Primaire,Union_libre,Non,Jamais,Jamais,Jamais,0.0,34.0,2.0,Secondaire,Non,Extreme_Nord,Urbain
1,1.0,0.0,27,Primaire,Union_libre,Non,Jamais,Jamais,Jamais,0.0,32.0,5.0,Primaire,Oui,Extreme_Nord,Urbain
1,1.0,0.0,43,Secondaire,Union_libre,Non,Jamais,Jamais,Jamais,0.0,50.0,7.0,Secondaire,Oui,Extreme_Nord,Urbain
0,0.0,0.0,32,Aucun,Separee,Non,Jamais,Jamais,Jamais,0.0,38.0,8.0,Superieur,Oui,Extreme_Nord,Urbain
1,1.0,0.0,48,Primaire,Union_libre,Non,Jamais,Jamais,Jamais,0.0,49.0,1.0,Primaire,Oui,Extreme_Nord,Urbain
0,0.0,0.0,25,Secondaire,Union_libre,Non,Moins_1x_sem,Moins_1x_sem,Moins_1x_sem,1.0,35.0,10.0,Superieur,Non,Extreme_Nord,Urbain
1,0.0,1.0,25,Primaire,Separee,Non,Jamais,Jamais,Jamais,0.0,38.0,8.0,Superieur,Oui,Extreme_Nord,Urbain
1,1.0,1.0,48,Secondaire,Separee,Non,Jamais,Au_moins_1x_sem,Jamais,0.6666666666666666,38.0,8.0,Superieur,Oui,Extreme_Nord,Urbain
0,0.0,0.0,43,Secondaire,Veuve,Non,Moins_1x_sem,Moins_1x_sem,Jamais,0.6666666666666666,38.0,8.0,Superieur,Oui,Extreme_Nord,Urbain
0,0.0,0.0,33,Primaire,Union_libre,Non,Jamais,Jamais,Jamais,0.0,45.0,12.0,Secondaire,Oui,Extreme_Nord,Urbain
1,1.0,0.0,27,Secondaire,Mariee,Non,Moins_1x_sem,Moins_1x_sem,Au_moins_1x_sem,1.3333333333333333,21.0,-6.0,Superieur,Non,Est,Urbain
0,0.0,0.0,27,Secondaire,Union_libre,Non,Au_moins_1x_sem,Au_moins_1x_sem,Au_moins_1x_sem,2.0,28.0,1.0,Secondaire,Non,Est,Urbain
0,0.0,0.0,27,Superieur,Mariee,Non,Au_moins_1x_sem,Au_moins_1x_sem,Au_moins_1x_sem,2.0,29.0,2.0,Superieur,Non,Est,Urbain
0,0.0,0.0,47,Primaire,Mariee,Non,Jamais,Au_moins_1x_sem,Au_moins_1x_sem,1.3333333333333333,57.0,10.0,Superieur,Non,Est,Urbain
0,0.0,0.0,27,Secondaire,Mariee,Non,Moins_1x_sem,Au_moins_1x_sem,Au_moins_1x_sem,1.6666666666666667,29.0,2.0,Superieur,Oui,Est,Urbain
1,1.0,0.0,27,Primaire,Union_libre,Non,Moins_1x_sem,Moins_1x_sem,Au_moins_1x_sem,1.3333333333333333,28.0,1.0,Superieur,Oui,Est,Urbain
1,1.0,0.0,31,Secondaire,Mariee,Non,Jamais,Moins_1x_sem,Au_moins_1x_sem,1.0,47.0,16.0,Superieur,Oui,Est,Urbain
0,0.0,0.0,37,Superieur,Union_libre,Non,Moins_1x_sem,Moins_1x_sem,Au_moins_1x_sem,1.3333333333333333,40.0,3.0,Superieur,Oui,Est,Urbain
0,0.0,0.0,22,Aucun,Mariee,Non,Jamais,Jamais,Au_moins_1x_sem,0.6666666666666666,32.0,10.0,Primaire,Non,Littoral,Urbain
0,0.0,0.0,32,Aucun,Union_libre,Non,Jamais,Jamais,Jamais,0.0,35.0,3.0,Aucun,Non,Littoral,Urbain
0,0.0,0.0,22,Secondaire,Union_libre,Non,Jamais,Jamais,Au_moins_1x_sem,0.6666666666666666,25.0,3.0,Primaire,Non,Littoral,Urbain
0,0.0,0.0,41,Secondaire,Mariee,Non,Au_moins_1x_sem,Au_moins_1x_sem,Au_moins_1x_sem,2.0,44.0,3.0,Superieur,Non,Littoral,Urbain
0,0.0,0.0,28,Secondaire,Mariee,Non,Jamais,Au_moins_1x_sem,Au_moins_1x_sem,1.3333333333333333,45.0,17.0,Superieur,Non,Littoral,Urbain
0,0.0,0.0,24,Secondaire,Mariee,Non,Jamais,Jamais,Jamais,0.0,30.0,6.0,Superieur,Non,Littoral,Urbain
1,1.0,0.0,43,Superieur,Mariee,Non,Au_moins_1x_sem,Jamais,Au_moins_1x_sem,1.3333333333333333,44.0,1.0,Superieur,Non,Littoral,Urbain
1,1.0,0.0,41,Secondaire,Divorcee,Non,Au_moins_1x_sem,Jamais,Au_moins_1x_sem,1.3333333333333333,38.0,8.0,Superieur,Oui,Littoral,Urbain
0,0.0,0.0,22,Secondaire,Mariee,Non,Jamais,Jamais,Jamais,0.0,22.0,0.0,Superieur,Non,Littoral,Urbain
1,1.0,0.0,29,Aucun,Mariee,Oui,Jamais,Au_moins_1x_sem,Au_moins_1x_sem,1.3333333333333333,29.0,0.0,Superieur,Oui,Sud,Urbain
0,0.0,0.0,33,Secondaire,Mariee,Non,Jamais,Au_moins_1x_sem,Moins_1x_sem,1.0,38.0,5.0,Superieur,Oui,Sud,Urbain
0,0.0,0.0,49,Secondaire,Mariee,Non,Moins_1x_sem,Au_moins_1x_sem,Au_moins_1x_sem,1.6666666666666667,66.0,17.0,Superieur,Non,Sud,Urbain
1,1.0,0.0,40,Superieur,Mariee,Non,Moins_1x_sem,Au_moins_1x_sem,Au_moins_1x_sem,1.6666666666666667,46.0,6.0,Superieur,Oui,Sud,Urbain
0,0.0,0.0,32,Secondaire,Mariee,Non,Jamais,Au_moins_1x_sem,Au_moins_1x_sem,1.3333333333333333,42.0,10.0,Superieur,Non,Sud,Urbain
0,0.0,0.0,44,Secondaire,Mariee,Non,Moins_1x_sem,Moins_1x_sem,Moins_1x_sem,1.0,47.0,3.0,Primaire,Non,Sud,Urbain
1,1.0,1.0,42,Secondaire,Mariee,Non,Moins_1x_sem,Jamais,Jamais,0.3333333333333333,45.0,3.0,Primaire,Oui,Centre,Rural
1,1.0,1.0,25,Secondaire,Union_libre,Non,Jamais,Jamais,Jamais,0.0,27.0,2.0,Superieur,Oui,Centre,Rural
1,1.0,0.0,33,Primaire,Separee,Non,Jamais,Jamais,Au_moins_1x_sem,0.6666666666666666,38.0,8.0,Superieur,Oui,Centre,Rural
1,1.0,1.0,29,Primaire,Mariee,Oui,Jamais,Jamais,Au_moins_1x_sem,0.6666666666666666,32.0,3.0,Secondaire,Oui,Centre,Rural
1,1.0,0.0,24,Secondaire,Mariee,Non,Jamais,Jamais,Moins_1x_sem,0.3333333333333333,33.0,9.0,Superieur,Non,Centre,Rural
0,0.0,0.0,44,Primaire,Mariee,Non,Moins_1x_sem,Moins_1x_sem,Moins_1x_sem,1.0,45.0,1.0,Superieur,Oui,Centre,Rural
1,1.0,0.0,30,Primaire,Union_libre,Non,Jamais,Jamais,Jamais,0.0,33.0,3.0,Superieur,Oui,Centre,Rural
1,1.0,1.0,34,Secondaire,Mariee,Non,Jamais,Moins_1x_sem,Au_moins_1x_sem,1.0,39.0,5.0,Superieur,Oui,Centre,Rural
1,1.0,1.0,32,Primaire,Union_libre,Non,Jamais,Jamais,Jamais,0.0,46.0,14.0,Superieur,Oui,Centre,Rural
0,0.0,0.0,39,Primaire,Union_libre,Non,Jamais,Jamais,Jamais,0.0,42.0,3.0,Aucun,Oui,Centre,Rural
1,1.0,1.0,42,Secondaire,Mariee,Non,Jamais,Jamais,Au_moins_1x_sem,0.6666666666666666,41.0,-1.0,Superieur,Non,Adamaoua,Urbain
1,1.0,0.0,24,Aucun,Mariee,Non,Jamais,Jamais,Au_moins_1x_sem,0.6666666666666666,35.0,11.0,Superieur,Non,Adamaoua,Urbain
0,0.0,0.0,26,Secondaire,Mariee,Non,Jamais,Jamais,Au_moins_1x_sem,0.6666666666666666,45.0,19.0,Primaire,Non,Adamaoua,Urbain
0,0.0,0.0,28,Secondaire,Mariee,Non,Jamais,Jamais,Moins_1x_sem,0.3333333333333333,32.0,4.0,Superieur,Oui,Adamaoua,Urbain
0,0.0,0.0,22,Secondaire,Mariee,Oui,Moins_1x_sem,Au_moins_1x_sem,Au_moins_1x_sem,1.6666666666666667,36.0,14.0,Superieur,Oui,Adamaoua,Urbain
0,0.0,0.0,26,Secondaire,Mariee,Non,Jamais,Jamais,Au_moins_1x_sem,0.6666666666666666,41.0,15.0,Superieur,Non,Adamaoua,Urbain
1,1.0,0.0,22,Primaire,Mariee,Non,Jamais,Jamais,Au_moins_1x_sem,0.6666666666666666,29.0,7.0,Primaire,Oui,Adamaoua,Urbain
0,0.0,0.0,23,Secondaire,Mariee,Non,Jamais,Jamais,Jamais,0.0,95.0,72.0,Superieur,Non,Adamaoua,Urbain
0,0.0,0.0,47,Secondaire,Mariee,Non,Jamais,Jamais,Moins_1x_sem,0.3333333333333333,56.0,9.0,Superieur,Oui,Centre,Urbain
1,1.0,0.0,27,Superieur,Separee,Non,Au_moins_1x_sem,Au_moins_1x_sem,Au_moins_1x_sem,2.0,38.0,8.0,Superieur,Non,Centre,Urbain
0,0.0,0.0,25,Secondaire,Union_libre,Non,Moins_1x_sem,Jamais,Au_moins_1x_sem,1.0,33.0,8.0,Superieur,Oui,Centre,Urbain
1,1.0,1.0,28,Secondaire,Union_libre,Non,Jamais,Jamais,Au_moins_1x_sem,0.6666666666666666,29.0,1.0,Superieur,Oui,Centre,Urbain
1,1.0,0.0,29,Secondaire,Union_libre,Non,Jamais,Jamais,Au_moins_1x_sem,0.6666666666666666,34.0,5.0,Superieur,Oui,Centre,Urbain
0,0.0,0.0,25,Secondaire,Union_libre,Non,Au_moins_1x_sem,Jamais,Au_moins_1x_sem,1.3333333333333333,32.0,7.0,Secondaire,Non,Centre,Urbain
1,1.0,0.0,26,Secondaire,Union_libre,Oui,Moins_1x_sem,Jamais,Au_moins_1x_sem,1.0,61.0,35.0,Superieur,Oui,Centre,Urbain
0,0.0,0.0,26,Primaire,Mariee,Non,Moins_1x_sem,Moins_1x_sem,Jamais,0.6666666666666666,34.0,8.0,Secondaire,Oui,Nord,Rural
1,1.0,1.0,22,Secondaire,Union_libre,Non,Jamais,Jamais,Jamais,0.0,28.0,6.0,Superieur,Oui,Nord,Rural
0,0.0,0.0,30,Primaire,Separee,Oui,Jamais,Moins_1x_sem,Moins_1x_sem,0.6666666666666666,38.0,8.0,Superieur,Oui,Nord,Rural
0,0.0,0.0,37,Secondaire,Union_libre,Non,Jamais,Jamais,Jamais,0.0,50.0,13.0,Secondaire,Oui,Nord,Rural
1,1.0,0.0,39,Secondaire,Separee,Non,Moins_1x_sem,Moins_1x_sem,Moins_1x_sem,1.0,38.0,8.0,Superieur,Oui,Nord,Rural
0,0.0,0.0,37,Secondaire,Union_libre,Non,Jamais,Jamais,Au_moins_1x_sem,0.6666666666666666,37.0,0.0,Superieur,Non,Nord,Rural
0,0.0,0.0,42,Secondaire,Mariee,Non,Moins_1x_sem,Au_moins_1x_sem,Au_moins_1x_sem,1.6666666666666667,50.0,8.0,Superieur,Non,Nord,Rural
1,1.0,0.0,29,Primaire,Union_libre,Non,Jamais,Moins_1x_sem,Au_moins_1x_sem,1.0,35.0,6.0,Secondaire,Oui,Littoral,Urbain
0,0.0,0.0,37,Secondaire,Union_libre,Non,Jamais,Au_moins_1x_sem,Jamais,0.6666666666666666,29.0,-8.0,Superieur,Oui,Littoral,Urbain
1,1.0,0.0,26,Primaire,Union_libre,Non,Jamais,Au_moins_1x_sem,Au_moins_1x_sem,1.3333333333333333,38.0,12.0,Primaire,Oui,Littoral,Urbain
1,1.0,0.0,33,Primaire,Union_libre,Non,Jamais,Jamais,Au_moins_1x_sem,0.6666666666666666,47.0,14.0,Superieur,Oui,Littoral,Urbain
0,0.0,0.0,27,Primaire,Mariee,Oui,Jamais,Jamais,Au_moins_1x_sem,0.6666666666666666,40.0,13.0,Primaire,Non,Littoral,Urbain
0,0.0,0.0,42,Secondaire,Separee,Non,Jamais,Au_moins_1x_sem,Au_moins_1x_sem,1.3333333333333333,38.0,8.0,Superieur,Oui,Littoral,Urbain
1,1.0,0.0,23,Aucun,Union_libre,Oui,Jamais,Jamais,Moins_1x_sem,0.3333333333333333,32.0,9.0,Primaire,Oui,Littoral,Urbain
0,0.0,0.0,48,Primaire,Union_libre,Non,Jamais,Moins_1x_sem,Au_moins_1x_sem,1.0,52.0,4.0,Superieur,Non,Littoral,Urbain
0,0.0,0.0,25,Superieur,Union_libre,Oui,Moins_1x_sem,Jamais,Au_moins_1x_sem,1.0,25.0,0.0,Superieur,Oui,Littoral,Urbain
1,1.0,0.0,45,Secondaire,Separee,Non,Jamais,Au_moins_1x_sem,Au_moins_1x_sem,1.3333333333333333,38.0,8.0,Superieur,Oui,Littoral,Urbain
1,1.0,0.0,43,Secondaire,Union_libre,Non,Moins_1x_sem,Au_moins_1x_sem,Au_moins_1x_sem,1.6666666666666667,46.0,3.0,Superieur,Non,Littoral,Urbain
1,1.0,0.0,40,Primaire,Union_libre,Non,Jamais,Au_moins_1x_sem,Moins_1x_sem,1.0,42.0,2.0,Superieur,Oui,Centre,Rural
1,1.0,1.0,24,Secondaire,Separee,Non,Jamais,Jamais,Jamais,0.0,38.0,8.0,Superieur,Non,Centre,Rural
1,1.0,1.0,31,Secondaire,Separee,Non,Jamais,Jamais,Au_moins_1x_sem,0.6666666666666666,38.0,8.0,Superieur,Non,Centre,Rural
1,1.0,0.0,33,Secondaire,Union_libre,Non,Jamais,Moins_1x_sem,Jamais,0.3333333333333333,46.0,13.0,Superieur,Oui,Centre,Rural
1,1.0,1.0,32,Primaire,Union_libre,Non,Jamais,Jamais,Jamais,0.0,42.0,10.0,Secondaire,Non,Centre,Rural
1,1.0,1.0,28,Secondaire,Union_libre,Non,Jamais,Jamais,Jamais,0.0,34.0,6.0,Primaire,Oui,Centre,Rural
1,1.0,0.0,26,Secondaire,Union_libre,Non,Jamais,Moins_1x_sem,Au_moins_1x_sem,1.0,31.0,5.0,Superieur,Oui,Centre,Rural
1,1.0,0.0,38,Secondaire,Mariee,Non,Moins_1x_sem,Au_moins_1x_sem,Jamais,1.0,52.0,14.0,Superieur,Oui,Centre,Rural
0,0.0,0.0,22,Primaire,Union_libre,Oui,Jamais,Au_moins_1x_sem,Au_moins_1x_sem,1.3333333333333333,34.0,12.0,Superieur,Non,Centre,Rural
1,1.0,0.0,34,Primaire,Separee,Non,Moins_1x_sem,Jamais,Jamais,0.3333333333333333,38.0,8.0,Superieur,Non,Centre,Rural
0,0.0,0.0,16,Primaire,Union_libre,Non,Jamais,Jamais,Jamais,0.0,22.0,6.0,Aucun,Non,Extreme_Nord,Rural
1,1.0,0.0,30,Primaire,Union_libre,Non,Jamais,Moins_1x_sem,Moins_1x_sem,0.6666666666666666,35.0,5.0,Primaire,Oui,Extreme_Nord,Rural
0,0.0,0.0,27,Primaire,Union_libre,Non,Jamais,Jamais,Jamais,0.0,28.0,1.0,Superieur,Oui,Extreme_Nord,Rural
0,0.0,0.0,20,Aucun,Union_libre,Oui,Jamais,Jamais,Jamais,0.0,37.0,17.0,Secondaire,Non,Extreme_Nord,Rural
1,1.0,0.0,31,Primaire,Union_libre,Non,Jamais,Jamais,Jamais,0.0,39.0,8.0,Primaire,Oui,Extreme_Nord,Rural
0,0.0,0.0,33,Primaire,Union_libre,Non,Jamais,Moins_1x_sem,Jamais,0.3333333333333333,34.0,1.0,Superieur,Oui,Extreme_Nord,Rural
0,0.0,0.0,20,Primaire,Union_libre,Non,Jamais,Jamais,Jamais,0.0,33.0,13.0,Superieur,Non,Extreme_Nord,Rural
1,1.0,0.0,19,Secondaire,Union_libre,Non,Jamais,Jamais,Jamais,0.0,20.0,1.0,Secondaire,Non,Extreme_Nord,Rural
1,1.0,0.0,34,Primaire,Separee,Non,Jamais,Jamais,Jamais,0.0,38.0,8.0,Superieur,Oui,Extreme_Nord,Rural
0,0.0,0.0,27,Primaire,Union_libre,Non,Jamais,Jamais,Jamais,0.0,35.0,8.0,Superieur,Oui,Extreme_Nord,Rural
0,0.0,0.0,31,Secondaire,Mariee,Non,Jamais,Au_moins_1x_sem,Au_moins_1x_sem,1.3333333333333333,34.0,3.0,Superieur,Non,Ouest,Urbain
0,0.0,0.0,26,Superieur,Mariee,Non,Au_moins_1x_sem,Au_moins_1x_sem,Au_moins_1x_sem,2.0,30.0,4.0,Superieur,Oui,Ouest,Urbain
0,0.0,0.0,28,Primaire,Mariee,Oui,Jamais,Jamais,Au_moins_1x_sem,0.6666666666666666,39.0,11.0,Superieur,Non,Ouest,Urbain
0,0.0,0.0,35,Superieur,Mariee,Non,Au_moins_1x_sem,Moins_1x_sem,Au_moins_1x_sem,1.6666666666666667,41.0,6.0,Superieur,Non,Ouest,Urbain
0,0.0,0.0,34,Superieur,Mariee,Non,Moins_1x_sem,Moins_1x_sem,Moins_1x_sem,1.0,40.0,6.0,Superieur,Oui,Ouest,Urbain
1,1.0,0.0,25,Primaire,Mariee,Non,Jamais,Jamais,Jamais,0.0,29.0,4.0,Superieur,Oui,Ouest,Urbain
0,0.0,0.0,34,Secondaire,Mariee,Non,Moins_1x_sem,Moins_1x_sem,Moins_1x_sem,1.0,35.0,1.0,Aucun,Oui,Sud,Urbain
0,0.0,0.0,23,Secondaire,Mariee,Non,Jamais,Jamais,Au_moins_1x_sem,0.6666666666666666,38.0,15.0,Superieur,Non,Sud,Urbain
1,1.0,0.0,40,Primaire,Mariee,Non,Jamais,Moins_1x_sem,Moins_1x_sem,0.6666666666666666,40.0,0.0,Secondaire,Oui,Sud,Urbain
0,0.0,0.0,19,Secondaire,Mariee,Non,Jamais,Jamais,Au_moins_1x_sem,0.6666666666666666,28.0,9.0,Superieur,Oui,Sud,Urbain
0,0.0,0.0,24,Secondaire,Mariee,Non,Jamais,Au_moins_1x_sem,Au_moins_1x_sem,1.3333333333333333,35.0,11.0,Superieur,Oui,Sud,Urbain
0,0.0,0.0,31,Secondaire,Mariee,Non,Jamais,Au_moins_1x_sem,Au_moins_1x_sem,1.3333333333333333,40.0,9.0,Superieur,Oui,Sud,Urbain
0,0.0,0.0,28,Primaire,Union_libre,Non,Jamais,Jamais,Moins_1x_sem,0.3333333333333333,36.0,8.0,Superieur,Oui,Sud,Rural
0,0.0,0.0,27,Primaire,Union_libre,Non,Jamais,Au_moins_1x_sem,Moins_1x_sem,1.0,35.0,8.0,Secondaire,Oui,Sud,Rural
1,1.0,1.0,27,Secondaire,Mariee,Non,Jamais,Moins_1x_sem,Au_moins_1x_sem,1.0,30.0,3.0,Secondaire,Oui,Sud,Rural
1,1.0,0.0,32,Primaire,Mariee,Non,Moins_1x_sem,Au_moins_1x_sem,Au_moins_1x_sem,1.6666666666666667,30.0,-2.0,Superieur,Oui,Sud,Rural
0,0.0,0.0,30,Primaire,Union_libre,Oui,Jamais,Jamais,Jamais,0.0,36.0,6.0,Secondaire,Oui,Sud,Rural
0,0.0,0.0,25,Primaire,Mariee,Non,Jamais,Au_moins_1x_sem,Au_moins_1x_sem,1.3333333333333333,26.0,1.0,Secondaire,Oui,Sud,Rural
1,1.0,0.0,28,Primaire,Mariee,Oui,Jamais,Au_moins_1x_sem,Au_moins_1x_sem,1.3333333333333333,30.0,2.0,Secondaire,Oui,Sud,Rural
0,0.0,0.0,24,Secondaire,Union_libre,Oui,Jamais,Au_moins_1x_sem,Au_moins_1x_sem,1.3333333333333333,25.0,1.0,Superieur,Oui,Sud,Rural
1,1.0,0.0,26,Secondaire,Mariee,Non,Jamais,Moins_1x_sem,Moins_1x_sem,0.6666666666666666,28.0,2.0,Secondaire,Oui,Sud,Rural
0,0.0,0.0,28,Primaire,Mariee,Oui,Jamais,Au_moins_1x_sem,Au_moins_1x_sem,1.3333333333333333,39.0,11.0,Primaire,Oui,Sud,Rural
1,1.0,1.0,27,Secondaire,Union_libre,Non,Jamais,Jamais,Jamais,0.0,41.0,14.0,Secondaire,Oui,Sud,Rural
0,0.0,0.0,44,Primaire,Mariee,Non,Jamais,Au_moins_1x_sem,Jamais,0.6666666666666666,86.0,42.0,Aucun,Oui,Sud,Rural
0,0.0,0.0,29,Superieur,Mariee,Oui,Moins_1x_sem,Moins_1x_sem,Au_moins_1x_sem,1.3333333333333333,34.0,5.0,Superieur,Oui,Est,Urbain
1,1.0,0.0,25,Secondaire,Mariee,Oui,Jamais,Au_moins_1x_sem,Au_moins_1x_sem,1.3333333333333333,32.0,7.0,Superieur,Non,Est,Urbain
1,1.0,0.0,44,Secondaire,Union_libre,Non,Moins_1x_sem,Au_moins_1x_sem,Au_moins_1x_sem,1.6666666666666667,44.0,0.0,Aucun,Non,Est,Urbain
1,1.0,0.0,24,Primaire,Union_libre,Non,Moins_1x_sem,Moins_1x_sem,Au_moins_1x_sem,1.3333333333333333,34.0,10.0,Primaire,Oui,Est,Urbain
1,1.0,0.0,29,Secondaire,Mariee,Non,Moins_1x_sem,Moins_1x_sem,Au_moins_1x_sem,1.3333333333333333,34.0,5.0,Superieur,Non,Est,Urbain
0,0.0,0.0,36,Secondaire,Mariee,Non,Jamais,Jamais,Au_moins_1x_sem,0.6666666666666666,37.0,1.0,Superieur,Non,Est,Urbain
0,0.0,0.0,34,Primaire,Separee,Non,Moins_1x_sem,Jamais,Au_moins_1x_sem,1.0,38.0,8.0,Superieur,Oui,Est,Urbain
0,0.0,0.0,28,Secondaire,Mariee,Non,Moins_1x_sem,Moins_1x_sem,Au_moins_1x_sem,1.3333333333333333,35.0,7.0,Secondaire,Oui,Est,Urbain
0,0.0,0.0,17,Aucun,Union_libre,Non,Jamais,Jamais,Au_moins_1x_sem,0.6666666666666666,27.0,10.0,Aucun,Non,Est,Urbain
1,1.0,0.0,30,Primaire,Mariee,Non,Jamais,Jamais,Au_moins_1x_sem,0.6666666666666666,32.0,2.0,Superieur,Oui,Est,Urbain
0,0.0,0.0,25,Secondaire,Union_libre,Oui,Jamais,Au_moins_1x_sem,Au_moins_1x_sem,1.3333333333333333,27.0,2.0,Superieur,Oui,Est,Urbain
0,0.0,0.0,38,Secondaire,Mariee,Non,Jamais,Jamais,Au_moins_1x_sem,0.6666666666666666,37.0,-1.0,Superieur,Oui,Est,Urbain
1,1.0,0.0,27,Secondaire,Mariee,Oui,Moins_1x_sem,Au_moins_1x_sem,Au_moins_1x_sem,1.6666666666666667,31.0,4.0,Superieur,Oui,Est,Urbain
0,0.0,0.0,25,Secondaire,Union_libre,Non,Jamais,Jamais,Au_moins_1x_sem,0.6666666666666666,32.0,7.0,Superieur,Oui,Nord,Urbain
0,0.0,0.0,31,Primaire,Mariee,Non,Moins_1x_sem,Jamais,Au_moins_1x_sem,1.0,46.0,15.0,Superieur,Oui,Nord,Urbain
0,0.0,0.0,25,Primaire,Union_libre,Non,Moins_1x_sem,Moins_1x_sem,Moins_1x_sem,1.0,28.0,3.0,Aucun,Non,Nord,Urbain
1,1.0,0.0,20,Secondaire,Union_libre,Non,Jamais,Jamais,Au_moins_1x_sem,0.6666666666666666,27.0,7.0,Superieur,Oui,Nord,Urbain
1,1.0,1.0,38,Secondaire,Separee,Non,Jamais,Jamais,Moins_1x_sem,0.3333333333333333,38.0,8.0,Superieur,Oui,Nord,Urbain
0,0.0,0.0,28,Primaire,Union_libre,Oui,Moins_1x_sem,Au_moins_1x_sem,Au_moins_1x_sem,1.6666666666666667,38.0,10.0,Secondaire,Oui,Nord,Urbain
1,1.0,0.0,32,Primaire,Union_libre,Non,Au_moins_1x_sem,Au_moins_1x_sem,Au_moins_1x_sem,2.0,25.0,-7.0,Superieur,Oui,Nord,Urbain
0,0.0,0.0,29,Superieur,Union_libre,Non,Au_moins_1x_sem,Jamais,Au_moins_1x_sem,1.3333333333333333,29.0,0.0,Superieur,Oui,Nord,Urbain
0,0.0,0.0,27,Secondaire,Union_libre,Non,Moins_1x_sem,Moins_1x_sem,Au_moins_1x_sem,1.3333333333333333,45.0,18.0,Superieur,Non,Nord,Urbain
0,0.0,0.0,37,Secondaire,Mariee,Non,Jamais,Jamais,Au_moins_1x_sem,0.6666666666666666,49.0,12.0,Superieur,Oui,Nord,Urbain
0,0.0,0.0,21,Primaire,Mariee,Non,Au_moins_1x_sem,Au_moins_1x_sem,Au_moins_1x_sem,2.0,28.0,7.0,Superieur,Non,Nord,Urbain
0,0.0,0.0,29,Secondaire,Veuve,Non,Jamais,Jamais,Au_moins_1x_sem,0.6666666666666666,38.0,8.0,Superieur,Non,Nord,Urbain
0,0.0,0.0,47,Secondaire,Mariee,Non,Jamais,Jamais,Jamais,0.0,56.0,9.0,Superieur,Oui,Nord,Urbain
0,0.0,0.0,42,Secondaire,Separee,Non,Moins_1x_sem,Jamais,Au_moins_1x_sem,1.0,38.0,8.0,Superieur,Oui,Nord,Urbain
1,1.0,1.0,28,Secondaire,Union_libre,Non,Jamais,Jamais,Jamais,0.0,30.0,2.0,Superieur,Oui,Centre,Rural
1,1.0,0.0,22,Primaire,Union_libre,Non,Jamais,Jamais,Jamais,0.0,35.0,13.0,Secondaire,Oui,Centre,Rural
0,0.0,0.0,38,Primaire,Mariee,Non,Jamais,Moins_1x_sem,Au_moins_1x_sem,1.0,68.0,30.0,Secondaire,Non,Centre,Rural
0,0.0,0.0,26,Primaire,Union_libre,Non,Moins_1x_sem,Moins_1x_sem,Moins_1x_sem,1.0,26.0,0.0,Secondaire,Non,Centre,Rural
1,1.0,1.0,30,Secondaire,Union_libre,Non,Jamais,Moins_1x_sem,Jamais,0.3333333333333333,32.0,2.0,Superieur,Oui,Centre,Rural
1,1.0,0.0,45,Primaire,Union_libre,Non,Moins_1x_sem,Au_moins_1x_sem,Au_moins_1x_sem,1.6666666666666667,50.0,5.0,Superieur,Oui,Centre,Rural
0,0.0,0.0,34,Secondaire,Union_libre,Non,Jamais,Moins_1x_sem,Jamais,0.3333333333333333,56.0,22.0,Secondaire,Oui,Centre,Rural
1,1.0,0.0,22,Primaire,Union_libre,Non,Jamais,Jamais,Jamais,0.0,29.0,7.0,Superieur,Oui,Centre,Rural
1,1.0,0.0,22,Secondaire,Union_libre,Non,Jamais,Jamais,Moins_1x_sem,0.3333333333333333,26.0,4.0,Superieur,Oui,Centre,Rural
1,1.0,0.0,30,Primaire,Mariee,Non,Jamais,Au_moins_1x_sem,Au_moins_1x_sem,1.3333333333333333,45.0,15.0,Superieur,Oui,Centre,Rural
1,1.0,0.0,28,Secondaire,Mariee,Non,Jamais,Jamais,Jamais,0.0,32.0,4.0,Superieur,Non,Centre,Rural
1,1.0,0.0,28,Primaire,Union_libre,Non,Jamais,Jamais,Au_moins_1x_sem,0.6666666666666666,34.0,6.0,Superieur,Oui,Centre,Rural
1,1.0,0.0,22,Secondaire,Union_libre,Oui,Jamais,Jamais,Jamais,0.0,30.0,8.0,Superieur,Oui,Centre,Rural
0,0.0,0.0,22,Primaire,Separee,Non,Jamais,Jamais,Moins_1x_sem,0.3333333333333333,38.0,8.0,Superieur,Non,Centre,Rural
0,0.0,0.0,45,Primaire,Mariee,Non,Jamais,Jamais,Jamais,0.0,62.0,17.0,Secondaire,Non,Centre,Rural
0,0.0,0.0,49,Secondaire,Mariee,Non,Jamais,Au_moins_1x_sem,Au_moins_1x_sem,1.3333333333333333,54.0,5.0,Superieur,Non,Centre,Rural
0,0.0,0.0,17,Secondaire,Union_libre,Non,Jamais,Moins_1x_sem,Jamais,0.3333333333333333,20.0,3.0,Superieur,Oui,Centre,Rural
1,1.0,1.0,28,Secondaire,Separee,Non,Jamais,Jamais,Jamais,0.0,38.0,8.0,Superieur,Oui,Centre,Rural
1,1.0,1.0,36,Primaire,Separee,Non,Jamais,Au_moins_1x_sem,Jamais,0.6666666666666666,38.0,8.0,Superieur,Oui,Centre,Rural
1,1.0,1.0,31,Primaire,Union_libre,Non,Moins_1x_sem,Moins_1x_sem,Jamais,0.6666666666666666,50.0,19.0,Superieur,Oui,Centre,Rural
0,0.0,0.0,22,Primaire,Separee,Non,Jamais,Moins_1x_sem,Jamais,0.3333333333333333,38.0,8.0,Superieur,Non,Centre,Rural
0,0.0,0.0,41,Primaire,Mariee,Non,Jamais,Jamais,Jamais,0.0,44.0,3.0,Superieur,Oui,Centre,Rural
0,0.0,0.0,22,Secondaire,Union_libre,Non,Moins_1x_sem,Jamais,Jamais,0.3333333333333333,58.0,36.0,Superieur,Non,Centre,Rural
1,1.0,1.0,16,Primaire,Union_libre,Non,Jamais,Jamais,Jamais,0.0,19.0,3.0,Secondaire,Non,Centre,Rural
1,1.0,1.0,22,Primaire,Union_libre,Non,Moins_1x_sem,Moins_1x_sem,Moins_1x_sem,1.0,29.0,7.0,Superieur,Oui,Centre,Rural
1,1.0,1.0,39,Primaire,Separee,Oui,Jamais,Jamais,Jamais,0.0,38.0,8.0,Superieur,Oui,Centre,Rural
0,0.0,0.0,21,Primaire,Union_libre,Non,Jamais,Jamais,Jamais,0.0,28.0,7.0,Secondaire,Oui,Centre,Rural
1,1.0,1.0,33,Primaire,Separee,Non,Jamais,Au_moins_1x_sem,Jamais,0.6666666666666666,38.0,8.0,Superieur,Oui,Centre,Rural
1,1.0,1.0,43,Primaire,Union_libre,Non,Moins_1x_sem,Moins_1x_sem,Jamais,0.6666666666666666,48.0,5.0,Primaire,Oui,Centre,Rural
1,1.0,1.0,34,Primaire,Union_libre,Non,Moins_1x_sem,Jamais,Moins_1x_sem,0.6666666666666666,31.0,-3.0,Superieur,Oui,Centre,Rural
1,1.0,1.0,32,Primaire,Separee,Non,Moins_1x_sem,Jamais,Jamais,0.3333333333333333,38.0,8.0,Superieur,Oui,Centre,Rural
1,1.0,0.0,49,Primaire,Mariee,Non,Moins_1x_sem,Moins_1x_sem,Jamais,0.6666666666666666,68.0,19.0,Superieur,Oui,Centre,Rural
0,0.0,0.0,18,Primaire,Mariee,Non,Jamais,Jamais,Au_moins_1x_sem,0.6666666666666666,31.0,13.0,Superieur,Non,Est,Urbain
0,0.0,0.0,33,Secondaire,Mariee,Non,Jamais,Jamais,Au_moins_1x_sem,0.6666666666666666,37.0,4.0,Superieur,Oui,Est,Urbain
0,0.0,0.0,37,Aucun,Union_libre,Non,Jamais,Jamais,Au_moins_1x_sem,0.6666666666666666,48.0,11.0,Superieur,Non,Est,Urbain
1,1.0,0.0,23,Superieur,Separee,Non,Jamais,Au_moins_1x_sem,Au_moins_1x_sem,1.3333333333333333,38.0,8.0,Superieur,Oui,Est,Urbain
0,0.0,0.0,21,Secondaire,Union_libre,Non,Jamais,Moins_1x_sem,Au_moins_1x_sem,1.0,28.0,7.0,Superieur,Oui,Est,Urbain
0,0.0,0.0,26,Aucun,Mariee,Non,Jamais,Jamais,Jamais,0.0,30.0,4.0,Superieur,Non,Littoral,Rural
0,0.0,0.0,26,Aucun,Mariee,Non,Jamais,Jamais,Jamais,0.0,33.0,7.0,Superieur,Non,Littoral,Rural
0,0.0,0.0,28,Aucun,Mariee,Oui,Jamais,Jamais,Jamais,0.0,54.0,26.0,Aucun,Oui,Littoral,Rural
0,0.0,0.0,20,Primaire,Mariee,Non,Jamais,Jamais,Jamais,0.0,31.0,11.0,Superieur,Non,Littoral,Rural
1,1.0,0.0,32,Aucun,Mariee,Non,Jamais,Jamais,Jamais,0.0,40.0,8.0,Aucun,Oui,Littoral,Rural
1,1.0,0.0,21,Secondaire,Mariee,Non,Jamais,Jamais,Jamais,0.0,32.0,11.0,Superieur,Oui,Littoral,Rural
0,0.0,0.0,46,Aucun,Separee,Non,Jamais,Jamais,Jamais,0.0,38.0,8.0,Superieur,Non,Littoral,Rural
0,0.0,0.0,23,Aucun,Mariee,Oui,Jamais,Jamais,Jamais,0.0,29.0,6.0,Superieur,Non,Littoral,Rural
0,0.0,0.0,28,Aucun,Mariee,Non,Jamais,Jamais,Jamais,0.0,38.0,10.0,Aucun,Non,Littoral,Rural
0,0.0,0.0,22,Primaire,Mariee,Non,Jamais,Jamais,Jamais,0.0,25.0,3.0,Secondaire,Oui,Littoral,Rural
1,1.0,0.0,43,Aucun,Mariee,Non,Jamais,Jamais,Jamais,0.0,55.0,12.0,Aucun,Non,Adamaoua,Rural
0,0.0,0.0,27,Aucun,Mariee,Non,Jamais,Jamais,Jamais,0.0,33.0,6.0,Aucun,Non,Adamaoua,Rural
0,0.0,0.0,25,Aucun,Mariee,Non,Jamais,Jamais,Jamais,0.0,48.0,23.0,Aucun,Non,Adamaoua,Rural
0,0.0,0.0,19,Aucun,Mariee,Non,Jamais,Jamais,Jamais,0.0,30.0,11.0,Aucun,Non,Adamaoua,Rural
0,0.0,0.0,47,Aucun,Veuve,Non,Jamais,Jamais,Jamais,0.0,38.0,8.0,Superieur,Non,Adamaoua,Rural
0,0.0,0.0,26,Aucun,Mariee,Non,Jamais,Jamais,Jamais,0.0,40.0,14.0,Aucun,Non,Adamaoua,Rural
0,0.0,0.0,46,Aucun,Divorcee,Non,Jamais,Jamais,Jamais,0.0,38.0,8.0,Superieur,Non,Adamaoua,Rural
0,0.0,0.0,20,Aucun,Mariee,Non,Jamais,Jamais,Jamais,0.0,30.0,10.0,Aucun,Non,Adamaoua,Rural
0,0.0,0.0,19,Aucun,Mariee,Non,Jamais,Moins_1x_sem,Jamais,0.3333333333333333,20.0,1.0,Superieur,Non,Adamaoua,Rural
0,0.0,0.0,18,Aucun,Mariee,Non,Jamais,Jamais,Jamais,0.0,28.0,10.0,Primaire,Non,Adamaoua,Rural
0,0.0,0.0,30,Aucun,Mariee,Oui,Jamais,Jamais,Jamais,0.0,40.0,10.0,Aucun,Non,Adamaoua,Rural
0,0.0,0.0,37,Aucun,Mariee,Non,Jamais,Jamais,Jamais,0.0,50.0,13.0,Primaire,Oui,Nord_Ouest,Urbain
1,1.0,0.0,33,Primaire,Mariee,Non,Jamais,Jamais,Au_moins_1x_sem,0.6666666666666666,35.0,2.0,Superieur,Non,Nord_Ouest,Urbain
1,1.0,0.0,45,Aucun,Mariee,Non,Jamais,Jamais,Jamais,0.0,66.0,21.0,Primaire,Non,Nord_Ouest,Urbain
0,0.0,0.0,30,Primaire,Veuve,Non,Jamais,Jamais,Moins_1x_sem,0.3333333333333333,38.0,8.0,Superieur,Oui,Nord_Ouest,Urbain
0,0.0,0.0,36,Secondaire,Mariee,Non,Jamais,Jamais,Au_moins_1x_sem,0.6666666666666666,40.0,4.0,Secondaire,Non,Nord_Ouest,Urbain
0,0.0,0.0,44,Aucun,Mariee,Non,Jamais,Jamais,Jamais,0.0,60.0,16.0,Aucun,Non,Nord_Ouest,Urbain
0,0.0,0.0,25,Primaire,Mariee,Non,Jamais,Jamais,Jamais,0.0,35.0,10.0,Aucun,Oui,Nord_Ouest,Urbain
0,0.0,0.0,38,Aucun,Veuve,Non,Jamais,Jamais,Jamais,0.0,38.0,8.0,Superieur,Non,Nord_Ouest,Urbain
0,0.0,0.0,37,Aucun,Mariee,Non,Jamais,Jamais,Jamais,0.0,45.0,8.0,Aucun,Non,Nord_Ouest,Urbain
1,1.0,1.0,44,Primaire,Separee,Non,Jamais,Jamais,Jamais,0.0,38.0,8.0,Superieur,Oui,Nord_Ouest,Urbain
1,1.0,1.0,36,Primaire,Mariee,Non,Jamais,Jamais,Jamais,0.0,43.0,7.0,Primaire,Oui,Nord_Ouest,Urbain
0,0.0,0.0,41,Aucun,Mariee,Oui,Jamais,Moins_1x_sem,Jamais,0.3333333333333333,45.0,4.0,Aucun,Non,Nord_Ouest,Urbain
0,0.0,0.0,24,Secondaire,Union_libre,Non,Jamais,Jamais,Au_moins_1x_sem,0.6666666666666666,27.0,3.0,Superieur,Non,Sud_Ouest,Urbain
0,0.0,0.0,28,Secondaire,Union_libre,Non,Jamais,Jamais,Au_moins_1x_sem,0.6666666666666666,32.0,4.0,Superieur,Non,Sud_Ouest,Urbain
0,0.0,0.0,25,Superieur,Union_libre,Non,Jamais,Au_moins_1x_sem,Au_moins_1x_sem,1.3333333333333333,31.0,6.0,Superieur,Non,Sud_Ouest,Urbain
1,1.0,0.0,42,Primaire,Separee,Non,Jamais,Jamais,Jamais,0.0,38.0,8.0,Superieur,Oui,Sud_Ouest,Urbain
0,0.0,0.0,39,Primaire,Union_libre,Non,Jamais,Jamais,Au_moins_1x_sem,0.6666666666666666,42.0,3.0,Superieur,Oui,Sud_Ouest,Urbain
1,1.0,1.0,30,Secondaire,Separee,Non,Jamais,Jamais,Au_moins_1x_sem,0.6666666666666666,38.0,8.0,Superieur,Oui,Sud_Ouest,Urbain
0,0.0,0.0,40,Secondaire,Mariee,Non,Jamais,Moins_1x_sem,Au_moins_1x_sem,1.0,70.0,30.0,Superieur,Non,Sud_Ouest,Urbain
0,0.0,0.0,24,Primaire,Union_libre,Non,Jamais,Jamais,Jamais,0.0,19.0,-5.0,Superieur,Non,Sud_Ouest,Urbain
1,1.0,0.0,25,Primaire,Union_libre,Non,Jamais,Jamais,Moins_1x_sem,0.3333333333333333,30.0,5.0,Superieur,Oui,Sud_Ouest,Urbain
1,1.0,0.0,26,Primaire,Mariee,Non,Jamais,Au_moins_1x_sem,Au_moins_1x_sem,1.3333333333333333,33.0,7.0,Superieur,Oui,Sud_Ouest,Urbain
0,0.0,0.0,28,Aucun,Mariee,Non,Jamais,Moins_1x_sem,Moins_1x_sem,0.6666666666666666,35.0,7.0,Aucun,Oui,Ouest,Urbain
0,0.0,0.0,38,Superieur,Mariee,Non,Au_moins_1x_sem,Au_moins_1x_sem,Au_moins_1x_sem,2.0,48.0,10.0,Superieur,Non,Ouest,Urbain
0,0.0,0.0,32,Aucun,Mariee,Non,Jamais,Jamais,Jamais,0.0,49.0,17.0,Aucun,Oui,Ouest,Urbain
1,1.0,1.0,27,Secondaire,Mariee,Non,Moins_1x_sem,Moins_1x_sem,Moins_1x_sem,1.0,32.0,5.0,Secondaire,Oui,Ouest,Urbain
0,0.0,0.0,39,Superieur,Veuve,Non,Jamais,Au_moins_1x_sem,Au_moins_1x_sem,1.3333333333333333,38.0,8.0,Superieur,Oui,Ouest,Urbain
0,0.0,0.0,47,Secondaire,Mariee,Non,Moins_1x_sem,Moins_1x_sem,Jamais,0.6666666666666666,55.0,8.0,Superieur,Oui,Ouest,Urbain
0,0.0,0.0,49,Primaire,Mariee,Non,Moins_1x_sem,Moins_1x_sem,Jamais,0.6666666666666666,60.0,11.0,Secondaire,Oui,Ouest,Urbain
1,1.0,1.0,26,Secondaire,Mariee,Non,Jamais,Jamais,Au_moins_1x_sem,0.6666666666666666,26.0,0.0,Superieur,Oui,Ouest,Urbain
0,0.0,0.0,37,Primaire,Mariee,Non,Jamais,Jamais,Au_moins_1x_sem,0.6666666666666666,45.0,8.0,Superieur,Oui,Ouest,Urbain
0,0.0,0.0,32,Primaire,Mariee,Non,Jamais,Jamais,Jamais,0.0,43.0,11.0,Secondaire,Oui,Ouest,Urbain
0,0.0,0.0,23,Primaire,Mariee,Non,Jamais,Jamais,Jamais,0.0,33.0,10.0,Superieur,Non,Sud_Ouest,Rural
1,1.0,1.0,26,Aucun,Mariee,Non,Jamais,Jamais,Jamais,0.0,28.0,2.0,Aucun,Non,Sud_Ouest,Rural
0,0.0,0.0,32,Secondaire,Mariee,Non,Jamais,Jamais,Jamais,0.0,42.0,10.0,Superieur,Non,Sud_Ouest,Rural
1,1.0,0.0,40,Primaire,Mariee,Non,Jamais,Jamais,Jamais,0.0,44.0,4.0,Primaire,Oui,Sud_Ouest,Rural
0,0.0,0.0,31,Secondaire,Union_libre,Non,Jamais,Moins_1x_sem,Jamais,0.3333333333333333,41.0,10.0,Superieur,Non,Sud_Ouest,Rural
1,1.0,1.0,40,Secondaire,Mariee,Non,Jamais,Au_moins_1x_sem,Moins_1x_sem,1.0,44.0,4.0,Superieur,Oui,Sud_Ouest,Rural
1,1.0,1.0,30,Primaire,Mariee,Non,Jamais,Jamais,Jamais,0.0,33.0,3.0,Secondaire,Oui,Sud_Ouest,Rural
0,0.0,0.0,36,Primaire,Mariee,Non,Jamais,Jamais,Moins_1x_sem,0.3333333333333333,60.0,24.0,Secondaire,Non,Sud_Ouest,Rural
1,1.0,0.0,37,Secondaire,Mariee,Non,Jamais,Jamais,Jamais,0.0,48.0,11.0,Superieur,Oui,Sud_Ouest,Rural
0,0.0,0.0,21,Secondaire,Union_libre,Non,Moins_1x_sem,Jamais,Jamais,0.3333333333333333,23.0,2.0,Superieur,Non,Sud_Ouest,Rural
1,1.0,1.0,23,Aucun,Union_libre,Oui,Jamais,Au_moins_1x_sem,Moins_1x_sem,1.0,32.0,9.0,Secondaire,Oui,Sud_Ouest,Rural
0,0.0,0.0,33,Primaire,Union_libre,Non,Jamais,Jamais,Moins_1x_sem,0.3333333333333333,36.0,3.0,Primaire,Non,Sud_Ouest,Rural
0,0.0,0.0,24,Secondaire,Union_libre,Non,Jamais,Jamais,Au_moins_1x_sem,0.6666666666666666,33.0,9.0,Superieur,Non,Sud_Ouest,Rural
0,0.0,0.0,20,Secondaire,Mariee,Non,Jamais,Jamais,Jamais,0.0,43.0,23.0,Superieur,Non,Sud_Ouest,Rural
0,0.0,0.0,22,Primaire,Mariee,Non,Jamais,Moins_1x_sem,Jamais,0.3333333333333333,32.0,10.0,Superieur,Oui,Sud_Ouest,Rural
0,0.0,0.0,31,Secondaire,Union_libre,Non,Jamais,Moins_1x_sem,Au_moins_1x_sem,1.0,39.0,8.0,Secondaire,Oui,Nord,Urbain
0,0.0,0.0,19,Primaire,Mariee,Non,Moins_1x_sem,Moins_1x_sem,Au_moins_1x_sem,1.3333333333333333,32.0,13.0,Superieur,Oui,Nord,Urbain
0,0.0,0.0,37,Secondaire,Mariee,Non,Jamais,Moins_1x_sem,Au_moins_1x_sem,1.0,49.0,12.0,Superieur,Non,Nord,Urbain
0,0.0,0.0,44,Primaire,Veuve,Non,Jamais,Jamais,Au_moins_1x_sem,0.6666666666666666,38.0,8.0,Superieur,Oui,Nord,Urbain
1,1.0,1.0,27,Primaire,Mariee,Non,Jamais,Jamais,Jamais,0.0,36.0,9.0,Superieur,Oui,Nord,Urbain
0,0.0,0.0,28,Secondaire,Union_libre,Non,Jamais,Jamais,Au_moins_1x_sem,0.6666666666666666,37.0,9.0,Superieur,Non,Nord,Urbain
1,1.0,0.0,27,Secondaire,Union_libre,Non,Jamais,Moins_1x_sem,Au_moins_1x_sem,1.0,38.0,11.0,Superieur,Oui,Nord,Urbain
1,1.0,0.0,31,Primaire,Union_libre,Non,Jamais,Au_moins_1x_sem,Au_moins_1x_sem,1.3333333333333333,40.0,9.0,Superieur,Non,Extreme_Nord,Urbain
0,0.0,0.0,19,Secondaire,Union_libre,Non,Moins_1x_sem,Moins_1x_sem,Moins_1x_sem,1.0,31.0,12.0,Secondaire,Non,Extreme_Nord,Urbain
0,0.0,0.0,16,Secondaire,Union_libre,Non,Jamais,Jamais,Jamais,0.0,23.0,7.0,Superieur,Oui,Extreme_Nord,Urbain
0,0.0,0.0,36,Aucun,Mariee,Non,Jamais,Au_moins_1x_sem,Au_moins_1x_sem,1.3333333333333333,50.0,14.0,Primaire,Non,Extreme_Nord,Urbain
0,0.0,0.0,23,Primaire,Union_libre,Non,Jamais,Jamais,Au_moins_1x_sem,0.6666666666666666,32.0,9.0,Secondaire,Non,Extreme_Nord,Urbain
1,1.0,0.0,33,Secondaire,Separee,Non,Jamais,Jamais,Moins_1x_sem,0.3333333333333333,38.0,8.0,Superieur,Oui,Extreme_Nord,Urbain
0,0.0,0.0,29,Primaire,Union_libre,Non,Moins_1x_sem,Moins_1x_sem,Moins_1x_sem,1.0,42.0,13.0,Secondaire,Oui,Extreme_Nord,Urbain
0,0.0,0.0,36,Secondaire,Mariee,Non,Jamais,Jamais,Jamais,0.0,44.0,8.0,Secondaire,Non,Extreme_Nord,Urbain
0,0.0,0.0,28,Secondaire,Mariee,Oui,Jamais,Jamais,Jamais,0.0,40.0,12.0,Superieur,Non,Extreme_Nord,Urbain
0,0.0,0.0,28,Primaire,Mariee,Non,Moins_1x_sem,Moins_1x_sem,Moins_1x_sem,1.0,43.0,15.0,Secondaire,Non,Extreme_Nord,Urbain
0,0.0,0.0,42,Secondaire,Separee,Non,Moins_1x_sem,Moins_1x_sem,Moins_1x_sem,1.0,38.0,8.0,Superieur,Non,Extreme_Nord,Urbain
0,0.0,0.0,43,Secondaire,Separee,Non,Jamais,Au_moins_1x_sem,Au_moins_1x_sem,1.3333333333333333,38.0,8.0,Superieur,Oui,Extreme_Nord,Urbain
0,0.0,0.0,25,Secondaire,Separee,Non,Jamais,Moins_1x_sem,Au_moins_1x_sem,1.0,38.0,8.0,Superieur,Non,Extreme_Nord,Urbain
0,0.0,0.0,18,Primaire,Union_libre,Non,Jamais,Au_moins_1x_sem,Au_moins_1x_sem,1.3333333333333333,35.0,17.0,Secondaire,Oui,Nord,Rural
0,0.0,0.0,32,Secondaire,Separee,Non,Jamais,Jamais,Moins_1x_sem,0.3333333333333333,38.0,8.0,Superieur,Oui,Nord,Rural
0,0.0,0.0,32,Secondaire,Union_libre,Non,Jamais,Jamais,Jamais,0.0,38.0,6.0,Secondaire,Oui,Nord,Rural
1,1.0,0.0,33,Primaire,Mariee,Non,Moins_1x_sem,Jamais,Au_moins_1x_sem,1.0,37.0,4.0,Superieur,Non,Nord,Rural
0,0.0,0.0,36,Primaire,Mariee,Oui,Jamais,Jamais,Au_moins_1x_sem,0.6666666666666666,48.0,12.0,Secondaire,Oui,Nord,Rural
0,0.0,0.0,30,Secondaire,Union_libre,Non,Jamais,Au_moins_1x_sem,Moins_1x_sem,1.0,46.0,16.0,Superieur,Oui,Nord,Rural
1,1.0,0.0,44,Primaire,Union_libre,Non,Jamais,Jamais,Jamais,0.0,60.0,16.0,Superieur,Oui,Nord,Rural
1,1.0,0.0,25,Primaire,Mariee,Non,Jamais,Jamais,Moins_1x_sem,0.3333333333333333,38.0,13.0,Secondaire,Oui,Nord,Rural
0,0.0,0.0,38,Primaire,Mariee,Oui,Jamais,Jamais,Au_moins_1x_sem,0.6666666666666666,43.0,5.0,Superieur,Non,Nord,Rural
0,0.0,0.0,44,Secondaire,Union_libre,Non,Jamais,Jamais,Moins_1x_sem,0.3333333333333333,48.0,4.0,Superieur,Oui,Sud_Ouest,Urbain
0,0.0,0.0,34,Secondaire,Mariee,Non,Jamais,Jamais,Au_moins_1x_sem,0.6666666666666666,39.0,5.0,Superieur,Non,Sud_Ouest,Urbain
0,0.0,0.0,30,Primaire,Union_libre,Non,Jamais,Jamais,Au_moins_1x_sem,0.6666666666666666,35.0,5.0,Primaire,Non,Sud_Ouest,Urbain
0,0.0,0.0,33,Secondaire,Separee,Non,Jamais,Jamais,Au_moins_1x_sem,0.6666666666666666,38.0,8.0,Superieur,Non,Sud_Ouest,Urbain
1,1.0,0.0,34,Secondaire,Mariee,Non,Moins_1x_sem,Moins_1x_sem,Au_moins_1x_sem,1.3333333333333333,41.0,7.0,Superieur,Oui,Sud_Ouest,Urbain
0,0.0,0.0,40,Aucun,Mariee,Non,Jamais,Jamais,Au_moins_1x_sem,0.6666666666666666,44.0,4.0,Aucun,Non,Sud_Ouest,Urbain
0,0.0,0.0,43,Primaire,Mariee,Non,Jamais,Jamais,Moins_1x_sem,0.3333333333333333,45.0,2.0,Superieur,Non,Sud_Ouest,Urbain
0,0.0,0.0,41,Secondaire,Union_libre,Oui,Jamais,Jamais,Au_moins_1x_sem,0.6666666666666666,47.0,6.0,Superieur,Oui,Sud_Ouest,Urbain
0,0.0,0.0,38,Primaire,Separee,Non,Jamais,Au_moins_1x_sem,Au_moins_1x_sem,1.3333333333333333,38.0,8.0,Superieur,Non,Sud_Ouest,Urbain
0,0.0,0.0,35,Primaire,Mariee,Non,Jamais,Jamais,Au_moins_1x_sem,0.6666666666666666,38.0,3.0,Superieur,Non,Sud_Ouest,Urbain
1,1.0,0.0,42,Primaire,Mariee,Non,Jamais,Jamais,Au_moins_1x_sem,0.6666666666666666,54.0,12.0,Secondaire,Oui,Sud_Ouest,Urbain
1,1.0,1.0,32,Secondaire,Union_libre,Non,Jamais,Moins_1x_sem,Au_moins_1x_sem,1.0,37.0,5.0,Superieur,Oui,Sud_Ouest,Urbain
0,0.0,0.0,22,Secondaire,Mariee,Non,Jamais,Jamais,Au_moins_1x_sem,0.6666666666666666,30.0,8.0,Superieur,Non,Sud_Ouest,Urbain
0,0.0,0.0,28,Secondaire,Union_libre,Non,Jamais,Jamais,Au_moins_1x_sem,0.6666666666666666,30.0,2.0,Superieur,Non,Sud_Ouest,Urbain
1,1.0,0.0,25,Secondaire,Mariee,Non,Jamais,Jamais,Au_moins_1x_sem,0.6666666666666666,27.0,2.0,Superieur,Oui,Sud_Ouest,Urbain
0,0.0,0.0,36,Superieur,Mariee,Non,Au_moins_1x_sem,Jamais,Au_moins_1x_sem,1.3333333333333333,38.0,2.0,Superieur,Oui,Sud_Ouest,Urbain
0,0.0,0.0,24,Primaire,Union_libre,Oui,Jamais,Jamais,Au_moins_1x_sem,0.6666666666666666,35.0,11.0,Superieur,Oui,Sud_Ouest,Urbain
0,0.0,0.0,40,Secondaire,Mariee,Non,Jamais,Jamais,Au_moins_1x_sem,0.6666666666666666,46.0,6.0,Superieur,Non,Sud_Ouest,Urbain
0,0.0,0.0,25,Secondaire,Mariee,Non,Jamais,Jamais,Au_moins_1x_sem,0.6666666666666666,35.0,10.0,Superieur,Oui,Sud_Ouest,Urbain
0,0.0,0.0,25,Aucun,Mariee,Oui,Jamais,Jamais,Au_moins_1x_sem,0.6666666666666666,40.0,15.0,Primaire,Non,Sud_Ouest,Urbain
0,0.0,0.0,28,Secondaire,Mariee,Non,Jamais,Au_moins_1x_sem,Au_moins_1x_sem,1.3333333333333333,41.0,13.0,Superieur,Non,Sud_Ouest,Urbain
0,0.0,0.0,32,Secondaire,Union_libre,Non,Jamais,Jamais,Au_moins_1x_sem,0.6666666666666666,35.0,3.0,Superieur,Oui,Sud_Ouest,Urbain
0,0.0,0.0,36,Secondaire,Mariee,Non,Jamais,Au_moins_1x_sem,Au_moins_1x_sem,1.3333333333333333,40.0,4.0,Superieur,Oui,Sud_Ouest,Urbain
0,0.0,0.0,30,Secondaire,Union_libre,Oui,Jamais,Moins_1x_sem,Au_moins_1x_sem,1.0,34.0,4.0,Superieur,Non,Sud_Ouest,Urbain
1,1.0,1.0,40,Secondaire,Mariee,Non,Jamais,Moins_1x_sem,Au_moins_1x_sem,1.0,48.0,8.0,Superieur,Oui,Sud_Ouest,Urbain
0,0.0,0.0,31,Superieur,Mariee,Non,Moins_1x_sem,Moins_1x_sem,Au_moins_1x_sem,1.3333333333333333,33.0,2.0,Superieur,Oui,Sud_Ouest,Urbain
0,0.0,0.0,22,Superieur,Mariee,Non,Jamais,Jamais,Jamais,0.0,35.0,13.0,Superieur,Non,Sud_Ouest,Urbain
0,0.0,0.0,22,Secondaire,Union_libre,Non,Jamais,Au_moins_1x_sem,Au_moins_1x_sem,1.3333333333333333,26.0,4.0,Superieur,Oui,Sud_Ouest,Urbain
1,1.0,0.0,49,Primaire,Mariee,Non,Jamais,Jamais,Jamais,0.0,73.0,24.0,Aucun,Oui,Sud_Ouest,Rural
0,0.0,0.0,46,Secondaire,Mariee,Non,Jamais,Au_moins_1x_sem,Moins_1x_sem,1.0,50.0,4.0,Superieur,Oui,Sud_Ouest,Rural
0,0.0,0.0,41,Primaire,Union_libre,Non,Jamais,Moins_1x_sem,Moins_1x_sem,0.6666666666666666,53.0,12.0,Superieur,Non,Sud_Ouest,Rural
1,1.0,0.0,32,Secondaire,Mariee,Non,Jamais,Au_moins_1x_sem,Au_moins_1x_sem,1.3333333333333333,40.0,8.0,Superieur,Oui,Sud_Ouest,Rural
0,0.0,0.0,39,Secondaire,Mariee,Non,Jamais,Moins_1x_sem,Au_moins_1x_sem,1.0,43.0,4.0,Superieur,Non,Sud_Ouest,Rural
1,1.0,1.0,37,Primaire,Mariee,Non,Jamais,Au_moins_1x_sem,Au_moins_1x_sem,1.3333333333333333,42.0,5.0,Secondaire,Oui,Sud_Ouest,Rural
0,0.0,0.0,49,Primaire,Veuve,Non,Jamais,Moins_1x_sem,Jamais,0.3333333333333333,38.0,8.0,Superieur,Non,Sud_Ouest,Rural
0,0.0,0.0,20,Aucun,Mariee,Non,Jamais,Au_moins_1x_sem,Moins_1x_sem,1.0,40.0,20.0,Secondaire,Non,Sud_Ouest,Rural
0,0.0,0.0,28,Secondaire,Union_libre,Oui,Jamais,Moins_1x_sem,Au_moins_1x_sem,1.0,36.0,8.0,Superieur,Oui,Sud_Ouest,Rural
0,0.0,0.0,17,Secondaire,Union_libre,Oui,Moins_1x_sem,Moins_1x_sem,Moins_1x_sem,1.0,22.0,5.0,Superieur,Non,Sud_Ouest,Rural
1,1.0,1.0,30,Superieur,Mariee,Oui,Jamais,Moins_1x_sem,Au_moins_1x_sem,1.0,41.0,11.0,Superieur,Oui,Sud_Ouest,Rural
1,1.0,1.0,31,Primaire,Veuve,Non,Jamais,Au_moins_1x_sem,Moins_1x_sem,1.0,38.0,8.0,Superieur,Oui,Sud_Ouest,Rural
0,0.0,0.0,21,Secondaire,Mariee,Non,Jamais,Jamais,Jamais,0.0,28.0,7.0,Superieur,Non,Nord,Urbain
1,1.0,0.0,48,Primaire,Mariee,Non,Jamais,Jamais,Jamais,0.0,60.0,12.0,Aucun,Oui,Nord,Urbain
0,0.0,0.0,30,Secondaire,Mariee,Oui,Jamais,Moins_1x_sem,Jamais,0.3333333333333333,40.0,10.0,Superieur,Oui,Nord,Urbain
1,1.0,0.0,45,Secondaire,Union_libre,Non,Jamais,Jamais,Jamais,0.0,52.0,7.0,Secondaire,Oui,Nord,Urbain
1,1.0,0.0,24,Secondaire,Mariee,Non,Jamais,Jamais,Au_moins_1x_sem,0.6666666666666666,37.0,13.0,Superieur,Oui,Nord,Urbain
0,0.0,0.0,40,Primaire,Mariee,Non,Jamais,Jamais,Au_moins_1x_sem,0.6666666666666666,52.0,12.0,Superieur,Oui,Nord,Urbain
1,1.0,0.0,40,Primaire,Mariee,Non,Jamais,Jamais,Jamais,0.0,45.0,5.0,Superieur,Oui,Nord,Urbain
0,0.0,0.0,35,Primaire,Separee,Non,Jamais,Jamais,Jamais,0.0,38.0,8.0,Superieur,Non,Nord,Urbain
1,1.0,0.0,30,Secondaire,Union_libre,Non,Jamais,Jamais,Au_moins_1x_sem,0.6666666666666666,38.0,8.0,Secondaire,Oui,Nord,Urbain
0,0.0,0.0,35,Primaire,Mariee,Non,Jamais,Jamais,Jamais,0.0,47.0,12.0,Superieur,Oui,Nord,Urbain
0,0.0,0.0,21,Primaire,Union_libre,Non,Jamais,Jamais,Au_moins_1x_sem,0.6666666666666666,27.0,6.0,Superieur,Oui,Nord,Urbain
0,0.0,0.0,33,Secondaire,Mariee,Non,Jamais,Jamais,Au_moins_1x_sem,0.6666666666666666,30.0,-3.0,Superieur,Non,Nord,Urbain
0,0.0,0.0,37,Aucun,Mariee,Non,Jamais,Jamais,Jamais,0.0,60.0,23.0,Aucun,Non,Nord,Urbain
1,1.0,0.0,23,Secondaire,Mariee,Non,Jamais,Jamais,Au_moins_1x_sem,0.6666666666666666,33.0,10.0,Superieur,Oui,Nord,Urbain
0,0.0,0.0,26,Primaire,Mariee,Non,Jamais,Jamais,Jamais,0.0,35.0,9.0,Aucun,Oui,Ouest,Rural
1,1.0,0.0,18,Aucun,Mariee,Non,Jamais,Jamais,Jamais,0.0,27.0,9.0,Superieur,Non,Ouest,Rural
0,0.0,0.0,20,Primaire,Mariee,Oui,Jamais,Jamais,Jamais,0.0,39.0,19.0,Secondaire,Non,Ouest,Rural
1,1.0,1.0,24,Aucun,Mariee,Non,Jamais,Jamais,Jamais,0.0,31.0,7.0,Aucun,Non,Ouest,Rural
0,0.0,0.0,30,Aucun,Mariee,Non,Jamais,Moins_1x_sem,Moins_1x_sem,0.6666666666666666,33.0,3.0,Primaire,Non,Ouest,Rural
0,0.0,0.0,28,Primaire,Mariee,Non,Jamais,Moins_1x_sem,Moins_1x_sem,0.6666666666666666,38.0,10.0,Superieur,Non,Ouest,Rural
1,1.0,0.0,16,Primaire,Mariee,Oui,Jamais,Jamais,Jamais,0.0,29.0,13.0,Secondaire,Oui,Ouest,Rural
0,0.0,0.0,20,Secondaire,Mariee,Non,Jamais,Jamais,Jamais,0.0,21.0,1.0,Superieur,Non,Ouest,Rural
1,1.0,0.0,31,Aucun,Mariee,Non,Jamais,Jamais,Jamais,0.0,34.0,3.0,Superieur,Oui,Littoral,Rural
0,0.0,0.0,30,Primaire,Mariee,Non,Jamais,Jamais,Jamais,0.0,35.0,5.0,Superieur,Oui,Littoral,Rural
0,0.0,0.0,28,Primaire,Mariee,Non,Jamais,Jamais,Jamais,0.0,38.0,10.0,Primaire,Oui,Littoral,Rural
1,1.0,0.0,28,Aucun,Mariee,Oui,Jamais,Jamais,Jamais,0.0,32.0,4.0,Superieur,Non,Littoral,Rural
0,0.0,0.0,27,Secondaire,Mariee,Oui,Jamais,Jamais,Jamais,0.0,28.0,1.0,Superieur,Oui,Littoral,Rural
1,1.0,0.0,30,Aucun,Mariee,Non,Jamais,Jamais,Jamais,0.0,30.0,0.0,Superieur,Oui,Littoral,Rural
1,1.0,0.0,19,Secondaire,Mariee,Oui,Jamais,Jamais,Jamais,0.0,28.0,9.0,Superieur,Oui,Littoral,Rural
1,1.0,0.0,31,Primaire,Mariee,Non,Jamais,Jamais,Jamais,0.0,45.0,14.0,Superieur,Oui,Littoral,Rural
1,1.0,0.0,30,Primaire,Mariee,Non,Jamais,Jamais,Jamais,0.0,47.0,17.0,Superieur,Non,Littoral,Rural
0,0.0,0.0,21,Primaire,Mariee,Non,Jamais,Jamais,Jamais,0.0,33.0,12.0,Superieur,Non,Littoral,Rural
1,1.0,0.0,43,Aucun,Mariee,Non,Jamais,Jamais,Jamais,0.0,50.0,7.0,Primaire,Oui,Littoral,Rural
0,0.0,0.0,36,Aucun,Mariee,Non,Jamais,Jamais,Jamais,0.0,50.0,14.0,Primaire,Oui,Littoral,Rural
0,0.0,0.0,20,Secondaire,Mariee,Non,Jamais,Jamais,Jamais,0.0,25.0,5.0,Superieur,Oui,Littoral,Rural
1,1.0,0.0,38,Secondaire,Mariee,Non,Moins_1x_sem,Au_moins_1x_sem,Au_moins_1x_sem,1.6666666666666667,41.0,3.0,Superieur,Oui,Sud,Urbain
0,0.0,0.0,29,Secondaire,Mariee,Non,Jamais,Moins_1x_sem,Au_moins_1x_sem,1.0,31.0,2.0,Superieur,Non,Sud,Urbain
0,0.0,0.0,39,Primaire,Mariee,Non,Jamais,Moins_1x_sem,Au_moins_1x_sem,1.0,42.0,3.0,Superieur,Non,Sud,Urbain
0,0.0,0.0,21,Secondaire,Mariee,Oui,Moins_1x_sem,Moins_1x_sem,Au_moins_1x_sem,1.3333333333333333,35.0,14.0,Superieur,Oui,Sud,Urbain
0,0.0,0.0,25,Secondaire,Mariee,Non,Jamais,Moins_1x_sem,Au_moins_1x_sem,1.0,38.0,13.0,Superieur,Oui,Sud,Urbain
0,0.0,0.0,28,Secondaire,Mariee,Non,Jamais,Jamais,Au_moins_1x_sem,0.6666666666666666,35.0,7.0,Superieur,Oui,Sud,Urbain
0,0.0,0.0,35,Secondaire,Mariee,Non,Moins_1x_sem,Moins_1x_sem,Au_moins_1x_sem,1.3333333333333333,51.0,16.0,Superieur,Oui,Sud,Urbain
0,0.0,0.0,47,Superieur,Mariee,Non,Jamais,Jamais,Au_moins_1x_sem,0.6666666666666666,55.0,8.0,Superieur,Oui,Sud,Urbain
0,0.0,0.0,34,Superieur,Mariee,Non,Moins_1x_sem,Au_moins_1x_sem,Au_moins_1x_sem,1.6666666666666667,43.0,9.0,Superieur,Oui,Sud,Urbain
0,0.0,0.0,20,Aucun,Mariee,Non,Jamais,Jamais,Jamais,0.0,25.0,5.0,Aucun,Non,Adamaoua,Rural
0,0.0,0.0,30,Aucun,Mariee,Non,Jamais,Jamais,Jamais,0.0,45.0,15.0,Aucun,Non,Adamaoua,Rural
0,0.0,0.0,34,Aucun,Mariee,Non,Jamais,Jamais,Jamais,0.0,38.0,4.0,Aucun,Non,Adamaoua,Rural
0,0.0,0.0,20,Aucun,Mariee,Non,Jamais,Jamais,Jamais,0.0,30.0,10.0,Aucun,Non,Adamaoua,Rural
0,0.0,0.0,49,Aucun,Mariee,Non,Jamais,Jamais,Jamais,0.0,59.0,10.0,Aucun,Non,Adamaoua,Rural
0,0.0,0.0,27,Aucun,Mariee,Non,Jamais,Jamais,Jamais,0.0,52.0,25.0,Aucun,Non,Adamaoua,Rural
0,0.0,0.0,18,Aucun,Mariee,Non,Jamais,Moins_1x_sem,Jamais,0.3333333333333333,25.0,7.0,Aucun,Non,Adamaoua,Rural
0,0.0,0.0,29,Aucun,Mariee,Oui,Jamais,Jamais,Jamais,0.0,41.0,12.0,Aucun,Non,Adamaoua,Rural
1,1.0,1.0,30,Aucun,Mariee,Oui,Jamais,Jamais,Jamais,0.0,39.0,9.0,Aucun,Non,Adamaoua,Rural
0,0.0,0.0,30,Aucun,Mariee,Non,Jamais,Jamais,Jamais,0.0,40.0,10.0,Aucun,Non,Adamaoua,Rural
0,0.0,0.0,33,Aucun,Mariee,Non,Jamais,Jamais,Jamais,0.0,44.0,11.0,Primaire,Non,Adamaoua,Rural
0,0.0,0.0,19,Aucun,Mariee,Non,Jamais,Jamais,Jamais,0.0,30.0,11.0,Primaire,Non,Adamaoua,Rural
0,0.0,0.0,19,Aucun,Mariee,Non,Jamais,Jamais,Jamais,0.0,49.0,30.0,Secondaire,Non,Adamaoua,Rural
1,1.0,1.0,41,Primaire,Separee,Non,Jamais,Au_moins_1x_sem,Jamais,0.6666666666666666,38.0,8.0,Superieur,Oui,Est,Urbain
0,0.0,0.0,35,Aucun,Union_libre,Non,Jamais,Jamais,Au_moins_1x_sem,0.6666666666666666,37.0,2.0,Superieur,Non,Est,Urbain
0,0.0,0.0,33,Primaire,Union_libre,Non,Jamais,Moins_1x_sem,Au_moins_1x_sem,1.0,37.0,4.0,Superieur,Oui,Est,Urbain
1,1.0,0.0,34,Primaire,Mariee,Oui,Jamais,Jamais,Au_moins_1x_sem,0.6666666666666666,42.0,8.0,Superieur,Oui,Est,Urbain
0,0.0,0.0,19,Secondaire,Separee,Non,Moins_1x_sem,Jamais,Au_moins_1x_sem,1.0,38.0,8.0,Superieur,Oui,Est,Urbain
0,0.0,0.0,39,Secondaire,Mariee,Non,Au_moins_1x_sem,Au_moins_1x_sem,Au_moins_1x_sem,2.0,43.0,4.0,Superieur,Oui,Est,Urbain
0,0.0,0.0,40,Primaire,Veuve,Non,Moins_1x_sem,Moins_1x_sem,Au_moins_1x_sem,1.3333333333333333,38.0,8.0,Superieur,Non,Est,Urbain
0,0.0,0.0,43,Aucun,Veuve,Non,Jamais,Jamais,Jamais,0.0,38.0,8.0,Superieur,Non,Littoral,Rural
0,0.0,0.0,31,Aucun,Mariee,Non,Jamais,Jamais,Jamais,0.0,37.0,6.0,Primaire,Non,Littoral,Rural
0,0.0,0.0,17,Aucun,Separee,Non,Jamais,Jamais,Jamais,0.0,38.0,8.0,Superieur,Non,Littoral,Rural
0,0.0,0.0,40,Aucun,Mariee,Non,Jamais,Jamais,Jamais,0.0,70.0,30.0,Aucun,Non,Littoral,Rural
1,1.0,0.0,25,Primaire,Mariee,Oui,Jamais,Jamais,Jamais,0.0,30.0,5.0,Primaire,Non,Littoral,Rural
0,0.0,0.0,28,Aucun,Mariee,Non,Jamais,Jamais,Jamais,0.0,33.0,5.0,Secondaire,Non,Littoral,Rural
0,0.0,0.0,20,Primaire,Mariee,Non,Jamais,Jamais,Jamais,0.0,43.0,23.0,Aucun,Non,Littoral,Rural
0,0.0,0.0,25,Aucun,Mariee,Oui,Jamais,Jamais,Jamais,0.0,33.0,8.0,Primaire,Non,Littoral,Rural
1,1.0,0.0,18,Aucun,Mariee,Non,Jamais,Jamais,Jamais,0.0,27.0,9.0,Primaire,Non,Littoral,Rural
0,0.0,0.0,23,Primaire,Separee,Non,Moins_1x_sem,Jamais,Au_moins_1x_sem,1.0,38.0,8.0,Superieur,Oui,Littoral,Urbain
0,0.0,0.0,28,Superieur,Mariee,Non,Au_moins_1x_sem,Au_moins_1x_sem,Au_moins_1x_sem,2.0,39.0,11.0,Superieur,Non,Littoral,Urbain
0,0.0,0.0,30,Superieur,Union_libre,Non,Jamais,Jamais,Au_moins_1x_sem,0.6666666666666666,40.0,10.0,Superieur,Oui,Littoral,Urbain
0,0.0,0.0,38,Superieur,Mariee,Non,Jamais,Jamais,Au_moins_1x_sem,0.6666666666666666,45.0,7.0,Superieur,Oui,Littoral,Urbain
1,1.0,0.0,34,Secondaire,Union_libre,Non,Moins_1x_sem,Moins_1x_sem,Au_moins_1x_sem,1.3333333333333333,35.0,1.0,Superieur,Oui,Littoral,Urbain
0,0.0,0.0,37,Superieur,Mariee,Non,Au_moins_1x_sem,Au_moins_1x_sem,Au_moins_1x_sem,2.0,42.0,5.0,Superieur,Oui,Littoral,Urbain
0,0.0,0.0,49,Secondaire,Divorcee,Non,Au_moins_1x_sem,Au_moins_1x_sem,Au_moins_1x_sem,2.0,38.0,8.0,Superieur,Non,Littoral,Urbain
0,0.0,0.0,24,Superieur,Mariee,Oui,Jamais,Jamais,Au_moins_1x_sem,0.6666666666666666,32.0,8.0,Superieur,Non,Littoral,Urbain
0,0.0,0.0,24,Secondaire,Mariee,Non,Au_moins_1x_sem,Jamais,Au_moins_1x_sem,1.3333333333333333,27.0,3.0,Superieur,Non,Littoral,Urbain
0,0.0,0.0,40,Secondaire,Mariee,Non,Jamais,Jamais,Au_moins_1x_sem,0.6666666666666666,50.0,10.0,Aucun,Non,Littoral,Urbain
0,0.0,0.0,41,Secondaire,Union_libre,Non,Jamais,Jamais,Au_moins_1x_sem,0.6666666666666666,48.0,7.0,Superieur,Non,Sud,Urbain
1,1.0,0.0,29,Secondaire,Union_libre,Non,Jamais,Moins_1x_sem,Au_moins_1x_sem,1.0,32.0,3.0,Superieur,Oui,Sud,Urbain
1,1.0,0.0,22,Secondaire,Mariee,Non,Jamais,Moins_1x_sem,Au_moins_1x_sem,1.0,34.0,12.0,Superieur,Oui,Sud,Urbain
1,1.0,0.0,21,Superieur,Union_libre,Oui,Jamais,Moins_1x_sem,Au_moins_1x_sem,1.0,28.0,7.0,Superieur,Oui,Sud,Urbain
1,1.0,0.0,27,Secondaire,Union_libre,Oui,Jamais,Moins_1x_sem,Au_moins_1x_sem,1.0,28.0,1.0,Secondaire,Oui,Sud,Urbain
0,0.0,0.0,44,Primaire,Mariee,Non,Jamais,Moins_1x_sem,Au_moins_1x_sem,1.0,55.0,11.0,Superieur,Oui,Sud,Urbain
1,1.0,1.0,27,Primaire,Mariee,Non,Jamais,Jamais,Jamais,0.0,33.0,6.0,Secondaire,Oui,Sud,Urbain
0,0.0,0.0,30,Secondaire,Mariee,Non,Moins_1x_sem,Moins_1x_sem,Au_moins_1x_sem,1.3333333333333333,34.0,4.0,Superieur,Oui,Sud,Urbain
1,1.0,0.0,35,Superieur,Mariee,Non,Jamais,Moins_1x_sem,Au_moins_1x_sem,1.0,41.0,6.0,Superieur,Oui,Sud,Urbain
0,0.0,0.0,21,Secondaire,Union_libre,Non,Au_moins_1x_sem,Au_moins_1x_sem,Au_moins_1x_sem,2.0,29.0,8.0,Superieur,Oui,Sud,Urbain
1,0.0,1.0,38,Secondaire,Mariee,Non,Moins_1x_sem,Moins_1x_sem,Au_moins_1x_sem,1.3333333333333333,38.0,0.0,Superieur,Non,Centre,Rural
0,0.0,0.0,31,Secondaire,Separee,Non,Moins_1x_sem,Au_moins_1x_sem,Moins_1x_sem,1.3333333333333333,38.0,8.0,Superieur,Non,Centre,Rural
1,1.0,0.0,32,Secondaire,Union_libre,Oui,Jamais,Au_moins_1x_sem,Au_moins_1x_sem,1.3333333333333333,31.0,-1.0,Superieur,Oui,Centre,Rural
0,0.0,0.0,18,Primaire,Union_libre,Non,Jamais,Jamais,Au_moins_1x_sem,0.6666666666666666,23.0,5.0,Superieur,Non,Centre,Rural
1,1.0,0.0,20,Secondaire,Separee,Oui,Moins_1x_sem,Moins_1x_sem,Au_moins_1x_sem,1.3333333333333333,38.0,8.0,Superieur,Oui,Centre,Rural
1,1.0,0.0,21,Secondaire,Separee,Non,Jamais,Moins_1x_sem,Au_moins_1x_sem,1.0,38.0,8.0,Superieur,Non,Centre,Rural
1,1.0,1.0,44,Secondaire,Union_libre,Non,Au_moins_1x_sem,Moins_1x_sem,Jamais,1.0,55.0,11.0,Secondaire,Oui,Centre,Rural
1,1.0,0.0,16,Primaire,Mariee,Oui,Jamais,Moins_1x_sem,Jamais,0.3333333333333333,30.0,14.0,Secondaire,Oui,Centre,Rural
0,0.0,0.0,41,Secondaire,Mariee,Non,Jamais,Moins_1x_sem,Moins_1x_sem,0.6666666666666666,56.0,15.0,Superieur,Non,Centre,Rural
1,1.0,1.0,17,Primaire,Union_libre,Non,Jamais,Jamais,Jamais,0.0,30.0,13.0,Superieur,Oui,Centre,Rural
1,1.0,0.0,28,Primaire,Separee,Non,Jamais,Jamais,Moins_1x_sem,0.3333333333333333,38.0,8.0,Superieur,Oui,Nord,Rural
0,0.0,0.0,27,Primaire,Union_libre,Non,Jamais,Jamais,Jamais,0.0,39.0,12.0,Secondaire,Oui,Nord,Rural
1,1.0,1.0,39,Secondaire,Mariee,Non,Jamais,Jamais,Jamais,0.0,42.0,3.0,Secondaire,Oui,Nord,Rural
0,0.0,0.0,36,Primaire,Mariee,Non,Jamais,Au_moins_1x_sem,Jamais,0.6666666666666666,49.0,13.0,Secondaire,Oui,Nord,Rural
0,0.0,0.0,39,Primaire,Union_libre,Non,Jamais,Jamais,Jamais,0.0,37.0,-2.0,Secondaire,Non,Nord,Rural
0,0.0,0.0,24,Secondaire,Union_libre,Non,Jamais,Jamais,Jamais,0.0,41.0,17.0,Secondaire,Oui,Nord,Rural
0,0.0,0.0,26,Primaire,Union_libre,Non,Jamais,Jamais,Jamais,0.0,36.0,10.0,Primaire,Non,Nord,Rural
0,0.0,0.0,35,Primaire,Union_libre,Non,Jamais,Jamais,Jamais,0.0,66.0,31.0,Primaire,Oui,Nord,Rural
0,0.0,0.0,21,Secondaire,Union_libre,Oui,Jamais,Jamais,Jamais,0.0,28.0,7.0,Superieur,Oui,Nord,Rural
1,1.0,1.0,29,Secondaire,Mariee,Non,Jamais,Jamais,Jamais,0.0,33.0,4.0,Superieur,Non,Nord,Rural
0,0.0,0.0,28,Primaire,Mariee,Non,Jamais,Jamais,Jamais,0.0,34.0,6.0,Secondaire,Non,Adamaoua,Rural
0,0.0,0.0,37,Primaire,Mariee,Non,Jamais,Jamais,Jamais,0.0,42.0,5.0,Aucun,Non,Adamaoua,Rural
0,0.0,0.0,32,Aucun,Mariee,Non,Jamais,Jamais,Jamais,0.0,51.0,19.0,Aucun,Non,Adamaoua,Rural
0,0.0,0.0,48,Aucun,Mariee,Non,Jamais,Jamais,Jamais,0.0,68.0,20.0,Primaire,Non,Adamaoua,Rural
0,0.0,0.0,28,Aucun,Mariee,Non,Jamais,Jamais,Jamais,0.0,40.0,12.0,Secondaire,Non,Adamaoua,Rural
1,1.0,0.0,28,Primaire,Mariee,Non,Jamais,Moins_1x_sem,Jamais,0.3333333333333333,30.0,2.0,Aucun,Oui,Adamaoua,Rural
0,0.0,0.0,31,Aucun,Mariee,Non,Jamais,Jamais,Jamais,0.0,40.0,9.0,Superieur,Non,Adamaoua,Rural
1,1.0,0.0,37,Aucun,Divorcee,Non,Jamais,Jamais,Jamais,0.0,38.0,8.0,Superieur,Non,Adamaoua,Rural
0,0.0,0.0,33,Secondaire,Mariee,Non,Jamais,Jamais,Jamais,0.0,43.0,10.0,Superieur,Non,Adamaoua,Rural
0,0.0,0.0,42,Aucun,Mariee,Non,Jamais,Jamais,Jamais,0.0,48.0,6.0,Aucun,Non,Adamaoua,Rural
1,1.0,0.0,19,Primaire,Mariee,Non,Jamais,Jamais,Jamais,0.0,25.0,6.0,Aucun,Non,Adamaoua,Rural
0,0.0,0.0,45,Aucun,Veuve,Non,Jamais,Jamais,Jamais,0.0,38.0,8.0,Superieur,Non,Adamaoua,Rural
0,0.0,0.0,18,Secondaire,Mariee,Non,Moins_1x_sem,Moins_1x_sem,Jamais,0.6666666666666666,31.0,13.0,Secondaire,Non,Adamaoua,Rural
1,1.0,0.0,38,Aucun,Union_libre,Non,Jamais,Jamais,Jamais,0.0,39.0,1.0,Primaire,Oui,Extreme_Nord,Rural
0,0.0,0.0,28,Primaire,Mariee,Non,Jamais,Jamais,Jamais,0.0,35.0,7.0,Superieur,Non,Extreme_Nord,Rural
1,1.0,0.0,39,Primaire,Mariee,Non,Jamais,Jamais,Jamais,0.0,45.0,6.0,Secondaire,Oui,Extreme_Nord,Rural
0,0.0,0.0,25,Primaire,Union_libre,Non,Jamais,Jamais,Jamais,0.0,30.0,5.0,Primaire,Oui,Extreme_Nord,Rural
0,0.0,0.0,30,Primaire,Mariee,Non,Jamais,Moins_1x_sem,Jamais,0.3333333333333333,56.0,26.0,Secondaire,Oui,Extreme_Nord,Rural
0,0.0,0.0,23,Primaire,Mariee,Non,Jamais,Moins_1x_sem,Moins_1x_sem,0.6666666666666666,25.0,2.0,Secondaire,Oui,Extreme_Nord,Rural
1,1.0,1.0,32,Aucun,Mariee,Non,Jamais,Jamais,Jamais,0.0,37.0,5.0,Primaire,Oui,Extreme_Nord,Rural
0,0.0,0.0,43,Primaire,Mariee,Non,Jamais,Jamais,Jamais,0.0,52.0,9.0,Secondaire,Non,Extreme_Nord,Rural
0,0.0,0.0,41,Primaire,Mariee,Non,Jamais,Jamais,Jamais,0.0,51.0,10.0,Secondaire,Non,Extreme_Nord,Rural
1,1.0,0.0,19,Secondaire,Union_libre,Non,Jamais,Jamais,Jamais,0.0,24.0,5.0,Superieur,Oui,Extreme_Nord,Rural
0,0.0,0.0,36,Aucun,Mariee,Non,Jamais,Jamais,Jamais,0.0,45.0,9.0,Secondaire,Non,Extreme_Nord,Rural
0,0.0,0.0,30,Primaire,Union_libre,Non,Jamais,Jamais,Jamais,0.0,38.0,8.0,Primaire,Oui,Extreme_Nord,Rural
0,0.0,0.0,30,Aucun,Mariee,Oui,Jamais,Jamais,Jamais,0.0,36.0,6.0,Primaire,Non,Littoral,Rural
1,1.0,0.0,30,Aucun,Mariee,Non,Jamais,Jamais,Jamais,0.0,45.0,15.0,Primaire,Non,Littoral,Rural
0,0.0,0.0,18,Aucun,Mariee,Non,Jamais,Jamais,Jamais,0.0,26.0,8.0,Primaire,Non,Littoral,Rural
0,0.0,0.0,48,Aucun,Mariee,Non,Jamais,Jamais,Jamais,0.0,61.0,13.0,Aucun,Non,Littoral,Rural
1,1.0,1.0,35,Primaire,Separee,Non,Jamais,Jamais,Jamais,0.0,38.0,8.0,Superieur,Oui,Littoral,Rural
0,0.0,0.0,28,Primaire,Mariee,Non,Jamais,Jamais,Jamais,0.0,37.0,9.0,Primaire,Non,Littoral,Rural
0,0.0,0.0,26,Aucun,Mariee,Non,Jamais,Jamais,Jamais,0.0,30.0,4.0,Primaire,Non,Littoral,Rural
1,1.0,0.0,30,Aucun,Mariee,Non,Jamais,Jamais,Jamais,0.0,42.0,12.0,Aucun,Non,Littoral,Rural
0,0.0,0.0,21,Secondaire,Mariee,Non,Jamais,Jamais,Jamais,0.0,44.0,23.0,Primaire,Non,Littoral,Rural
0,0.0,0.0,28,Aucun,Mariee,Non,Jamais,Jamais,Jamais,0.0,36.0,8.0,Primaire,Non,Littoral,Rural
1,1.0,0.0,40,Aucun,Mariee,Non,Jamais,Jamais,Jamais,0.0,60.0,20.0,Aucun,Non,Littoral,Rural
0,0.0,0.0,22,Aucun,Mariee,Non,Jamais,Jamais,Jamais,0.0,28.0,6.0,Secondaire,Non,Littoral,Rural
0,0.0,0.0,38,Aucun,Mariee,Non,Jamais,Jamais,Jamais,0.0,38.0,0.0,Aucun,Non,Littoral,Rural
1,1.0,0.0,27,Aucun,Mariee,Oui,Jamais,Jamais,Jamais,0.0,29.0,2.0,Superieur,Non,Littoral,Rural
0,0.0,0.0,40,Aucun,Veuve,Non,Jamais,Jamais,Jamais,0.0,38.0,8.0,Superieur,Non,Littoral,Rural
1,1.0,0.0,33,Secondaire,Union_libre,Non,Jamais,Jamais,Jamais,0.0,41.0,8.0,Secondaire,Oui,Centre,Rural
0,0.0,0.0,42,Primaire,Mariee,Non,Jamais,Jamais,Au_moins_1x_sem,0.6666666666666666,50.0,8.0,Secondaire,Non,Centre,Rural
0,0.0,0.0,35,Primaire,Mariee,Oui,Jamais,Au_moins_1x_sem,Jamais,0.6666666666666666,41.0,6.0,Primaire,Non,Centre,Rural
1,1.0,0.0,41,Secondaire,Mariee,Non,Jamais,Moins_1x_sem,Au_moins_1x_sem,1.0,60.0,19.0,Superieur,Oui,Centre,Rural
1,1.0,0.0,43,Secondaire,Union_libre,Non,Moins_1x_sem,Moins_1x_sem,Jamais,0.6666666666666666,55.0,12.0,Secondaire,Oui,Centre,Rural
0,0.0,0.0,34,Primaire,Separee,Non,Jamais,Au_moins_1x_sem,Au_moins_1x_sem,1.3333333333333333,38.0,8.0,Superieur,Non,Centre,Rural
0,0.0,0.0,42,Aucun,Mariee,Non,Jamais,Jamais,Jamais,0.0,72.0,30.0,Aucun,Non,Centre,Rural
0,0.0,0.0,38,Secondaire,Mariee,Non,Jamais,Au_moins_1x_sem,Moins_1x_sem,1.0,59.0,21.0,Secondaire,Non,Centre,Rural
0,0.0,0.0,38,Secondaire,Mariee,Non,Jamais,Moins_1x_sem,Au_moins_1x_sem,1.0,40.0,2.0,Secondaire,Oui,Nord,Rural
0,0.0,0.0,26,Primaire,Mariee,Oui,Jamais,Jamais,Moins_1x_sem,0.3333333333333333,31.0,5.0,Secondaire,Non,Nord,Rural
1,1.0,1.0,39,Secondaire,Mariee,Non,Jamais,Jamais,Moins_1x_sem,0.3333333333333333,38.0,-1.0,Secondaire,Oui,Nord,Rural
0,0.0,0.0,48,Primaire,Mariee,Non,Jamais,Au_moins_1x_sem,Moins_1x_sem,1.0,50.0,2.0,Secondaire,Non,Nord,Rural
0,0.0,0.0,35,Secondaire,Mariee,Non,Moins_1x_sem,Moins_1x_sem,Au_moins_1x_sem,1.3333333333333333,50.0,15.0,Superieur,Non,Nord,Rural
0,0.0,0.0,37,Secondaire,Mariee,Non,Jamais,Au_moins_1x_sem,Au_moins_1x_sem,1.3333333333333333,47.0,10.0,Secondaire,Oui,Nord,Rural
0,0.0,0.0,20,Secondaire,Mariee,Non,Jamais,Jamais,Au_moins_1x_sem,0.6666666666666666,30.0,10.0,Superieur,Oui,Nord,Rural
0,0.0,0.0,19,Primaire,Mariee,Oui,Jamais,Jamais,Au_moins_1x_sem,0.6666666666666666,52.0,33.0,Secondaire,Non,Est,Urbain
0,0.0,0.0,17,Aucun,Mariee,Non,Jamais,Jamais,Jamais,0.0,42.0,25.0,Primaire,Non,Est,Urbain
0,0.0,0.0,32,Secondaire,Separee,Non,Au_moins_1x_sem,Au_moins_1x_sem,Au_moins_1x_sem,2.0,38.0,8.0,Superieur,Oui,Est,Urbain
0,0.0,0.0,33,Primaire,Mariee,Oui,Jamais,Jamais,Au_moins_1x_sem,0.6666666666666666,43.0,10.0,Secondaire,Non,Est,Urbain
1,1.0,0.0,29,Secondaire,Mariee,Oui,Moins_1x_sem,Jamais,Au_moins_1x_sem,1.0,40.0,11.0,Superieur,Oui,Est,Urbain
0,0.0,0.0,27,Secondaire,Mariee,Non,Au_moins_1x_sem,Jamais,Au_moins_1x_sem,1.3333333333333333,27.0,0.0,Aucun,Non,Est,Urbain
0,0.0,0.0,28,Secondaire,Mariee,Non,Jamais,Moins_1x_sem,Au_moins_1x_sem,1.0,35.0,7.0,Superieur,Oui,Est,Urbain
0,0.0,0.0,30,Superieur,Mariee,Non,Jamais,Jamais,Au_moins_1x_sem,0.6666666666666666,32.0,2.0,Superieur,Oui,Est,Urbain
0,0.0,0.0,37,Secondaire,Divorcee,Non,Jamais,Jamais,Au_moins_1x_sem,0.6666666666666666,38.0,8.0,Superieur,Oui,Est,Urbain
1,1.0,0.0,30,Secondaire,Union_libre,Oui,Jamais,Jamais,Au_moins_1x_sem,0.6666666666666666,44.0,14.0,Superieur,Oui,Est,Urbain
0,0.0,0.0,26,Secondaire,Mariee,Non,Jamais,Jamais,Au_moins_1x_sem,0.6666666666666666,32.0,6.0,Secondaire,Oui,Est,Urbain
1,1.0,0.0,27,Primaire,Mariee,Non,Jamais,Au_moins_1x_sem,Au_moins_1x_sem,1.3333333333333333,33.0,6.0,Superieur,Oui,Est,Urbain
0,0.0,0.0,23,Secondaire,Mariee,Non,Moins_1x_sem,Jamais,Au_moins_1x_sem,1.0,34.0,11.0,Superieur,Non,Est,Urbain
1,1.0,1.0,21,Aucun,Mariee,Non,Jamais,Jamais,Au_moins_1x_sem,0.6666666666666666,35.0,14.0,Superieur,Oui,Est,Urbain
1,1.0,0.0,39,Secondaire,Mariee,Non,Jamais,Moins_1x_sem,Au_moins_1x_sem,1.0,46.0,7.0,Superieur,Non,Est,Urbain
0,0.0,0.0,23,Secondaire,Mariee,Non,Jamais,Jamais,Au_moins_1x_sem,0.6666666666666666,29.0,6.0,Superieur,Oui,Est,Urbain
0,0.0,0.0,28,Secondaire,Mariee,Oui,Jamais,Moins_1x_sem,Au_moins_1x_sem,1.0,35.0,7.0,Superieur,Oui,Est,Urbain
1,1.0,1.0,36,Primaire,Separee,Non,Jamais,Jamais,Jamais,0.0,38.0,8.0,Superieur,Oui,Extreme_Nord,Rural
1,1.0,1.0,40,Primaire,Separee,Non,Jamais,Jamais,Jamais,0.0,38.0,8.0,Superieur,Oui,Extreme_Nord,Rural
1,1.0,1.0,34,Primaire,Union_libre,Non,Jamais,Jamais,Jamais,0.0,40.0,6.0,Primaire,Oui,Extreme_Nord,Rural
0,0.0,0.0,18,Primaire,Union_libre,Non,Jamais,Jamais,Jamais,0.0,19.0,1.0,Primaire,Non,Extreme_Nord,Rural
1,1.0,1.0,34,Primaire,Union_libre,Non,Jamais,Jamais,Jamais,0.0,25.0,-9.0,Superieur,Oui,Extreme_Nord,Rural
0,0.0,0.0,40,Aucun,Separee,Non,Jamais,Jamais,Jamais,0.0,38.0,8.0,Superieur,Oui,Extreme_Nord,Rural
1,1.0,0.0,41,Primaire,Separee,Non,Jamais,Jamais,Jamais,0.0,38.0,8.0,Superieur,Non,Extreme_Nord,Rural
0,0.0,0.0,36,Primaire,Mariee,Non,Jamais,Jamais,Jamais,0.0,45.0,9.0,Superieur,Non,Extreme_Nord,Rural
0,0.0,0.0,22,Primaire,Union_libre,Non,Jamais,Au_moins_1x_sem,Jamais,0.6666666666666666,27.0,5.0,Secondaire,Oui,Extreme_Nord,Rural
1,1.0,1.0,33,Primaire,Union_libre,Non,Jamais,Jamais,Jamais,0.0,35.0,2.0,Secondaire,Oui,Extreme_Nord,Rural
1,1.0,0.0,18,Primaire,Union_libre,Oui,Jamais,Jamais,Jamais,0.0,21.0,3.0,Superieur,Oui,Extreme_Nord,Rural
1,1.0,0.0,39,Primaire,Mariee,Non,Jamais,Moins_1x_sem,Moins_1x_sem,0.6666666666666666,44.0,5.0,Aucun,Non,Adamaoua,Urbain
0,0.0,0.0,20,Secondaire,Mariee,Oui,Jamais,Moins_1x_sem,Au_moins_1x_sem,1.0,24.0,4.0,Superieur,Oui,Adamaoua,Urbain
0,0.0,0.0,40,Primaire,Veuve,Non,Jamais,Jamais,Jamais,0.0,38.0,8.0,Superieur,Non,Adamaoua,Urbain
0,0.0,0.0,31,Primaire,Union_libre,Non,Jamais,Au_moins_1x_sem,Jamais,0.6666666666666666,45.0,14.0,Aucun,Non,Adamaoua,Urbain
0,0.0,0.0,27,Secondaire,Mariee,Oui,Jamais,Au_moins_1x_sem,Au_moins_1x_sem,1.3333333333333333,33.0,6.0,Superieur,Non,Adamaoua,Urbain
0,0.0,0.0,29,Secondaire,Mariee,Non,Moins_1x_sem,Au_moins_1x_sem,Au_moins_1x_sem,1.6666666666666667,32.0,3.0,Superieur,Non,Adamaoua,Urbain
0,0.0,0.0,32,Primaire,Mariee,Non,Jamais,Jamais,Jamais,0.0,38.0,6.0,Superieur,Non,Adamaoua,Urbain
0,0.0,0.0,21,Primaire,Mariee,Non,Jamais,Jamais,Jamais,0.0,44.0,23.0,Aucun,Non,Adamaoua,Urbain
0,0.0,0.0,17,Secondaire,Mariee,Non,Jamais,Au_moins_1x_sem,Au_moins_1x_sem,1.3333333333333333,21.0,4.0,Superieur,Non,Adamaoua,Urbain
0,0.0,0.0,42,Primaire,Mariee,Non,Au_moins_1x_sem,Au_moins_1x_sem,Au_moins_1x_sem,2.0,51.0,9.0,Secondaire,Oui,Adamaoua,Urbain
0,0.0,0.0,23,Secondaire,Mariee,Non,Au_moins_1x_sem,Au_moins_1x_sem,Au_moins_1x_sem,2.0,29.0,6.0,Superieur,Non,Adamaoua,Urbain
0,0.0,0.0,46,Aucun,Veuve,Non,Jamais,Jamais,Jamais,0.0,38.0,8.0,Superieur,Non,Adamaoua,Urbain
0,0.0,0.0,30,Secondaire,Union_libre,Oui,Au_moins_1x_sem,Au_moins_1x_sem,Au_moins_1x_sem,2.0,35.0,5.0,Superieur,Oui,Extreme_Nord,Rural
1,1.0,0.0,34,Primaire,Mariee,Non,Jamais,Moins_1x_sem,Moins_1x_sem,0.6666666666666666,35.0,1.0,Superieur,Oui,Extreme_Nord,Rural
0,0.0,0.0,21,Secondaire,Mariee,Non,Jamais,Moins_1x_sem,Jamais,0.3333333333333333,26.0,5.0,Superieur,Non,Extreme_Nord,Rural
0,0.0,0.0,22,Primaire,Union_libre,Oui,Jamais,Jamais,Jamais,0.0,49.0,27.0,Superieur,Oui,Extreme_Nord,Rural
1,1.0,0.0,34,Secondaire,Union_libre,Oui,Jamais,Moins_1x_sem,Moins_1x_sem,0.6666666666666666,35.0,1.0,Superieur,Oui,Extreme_Nord,Rural
0,0.0,0.0,28,Secondaire,Mariee,Non,Jamais,Jamais,Moins_1x_sem,0.3333333333333333,32.0,4.0,Superieur,Oui,Extreme_Nord,Rural
1,1.0,1.0,44,Secondaire,Mariee,Non,Jamais,Moins_1x_sem,Jamais,0.3333333333333333,44.0,0.0,Superieur,Oui,Extreme_Nord,Rural
1,1.0,0.0,26,Secondaire,Union_libre,Non,Jamais,Jamais,Jamais,0.0,28.0,2.0,Superieur,Oui,Extreme_Nord,Rural
0,0.0,0.0,33,Primaire,Separee,Non,Jamais,Jamais,Jamais,0.0,38.0,8.0,Superieur,Oui,Extreme_Nord,Rural
1,1.0,0.0,20,Secondaire,Union_libre,Non,Moins_1x_sem,Au_moins_1x_sem,Au_moins_1x_sem,1.6666666666666667,22.0,2.0,Secondaire,Oui,Extreme_Nord,Rural
1,1.0,1.0,45,Primaire,Mariee,Non,Moins_1x_sem,Jamais,Jamais,0.3333333333333333,55.0,10.0,Primaire,Oui,Extreme_Nord,Rural
1,1.0,0.0,22,Secondaire,Separee,Non,Jamais,Jamais,Jamais,0.0,38.0,8.0,Superieur,Oui,Extreme_Nord,Rural
1,1.0,0.0,48,Primaire,Mariee,Non,Jamais,Jamais,Jamais,0.0,62.0,14.0,Secondaire,Oui,Extreme_Nord,Rural
1,1.0,1.0,28,Secondaire,Union_libre,Non,Jamais,Jamais,Jamais,0.0,56.0,28.0,Superieur,Oui,Extreme_Nord,Rural
1,1.0,1.0,39,Primaire,Mariee,Non,Jamais,Jamais,Jamais,0.0,50.0,11.0,Superieur,Oui,Extreme_Nord,Rural
1,1.0,0.0,27,Secondaire,Union_libre,Oui,Moins_1x_sem,Jamais,Jamais,0.3333333333333333,28.0,1.0,Secondaire,Oui,Extreme_Nord,Rural
1,1.0,1.0,18,Secondaire,Union_libre,Oui,Jamais,Jamais,Jamais,0.0,29.0,11.0,Superieur,Oui,Extreme_Nord,Rural
1,1.0,1.0,25,Primaire,Union_libre,Non,Jamais,Jamais,Jamais,0.0,37.0,12.0,Superieur,Oui,Extreme_Nord,Rural
0,0.0,0.0,21,Secondaire,Union_libre,Non,Jamais,Jamais,Jamais,0.0,28.0,7.0,Secondaire,Oui,Extreme_Nord,Rural
1,1.0,0.0,24,Secondaire,Union_libre,Non,Jamais,Jamais,Jamais,0.0,30.0,6.0,Superieur,Oui,Extreme_Nord,Rural
1,1.0,0.0,23,Secondaire,Mariee,Non,Jamais,Jamais,Jamais,0.0,25.0,2.0,Secondaire,Oui,Extreme_Nord,Rural
0,0.0,0.0,42,Primaire,Mariee,Non,Jamais,Au_moins_1x_sem,Au_moins_1x_sem,1.3333333333333333,51.0,9.0,Superieur,Non,Ouest,Rural
0,0.0,0.0,41,Primaire,Mariee,Non,Jamais,Moins_1x_sem,Jamais,0.3333333333333333,56.0,15.0,Superieur,Oui,Ouest,Rural
0,0.0,0.0,36,Aucun,Veuve,Non,Jamais,Jamais,Jamais,0.0,38.0,8.0,Superieur,Oui,Ouest,Rural
1,1.0,0.0,39,Primaire,Mariee,Non,Jamais,Jamais,Jamais,0.0,37.0,-2.0,Superieur,Oui,Ouest,Rural
0,0.0,0.0,45,Aucun,Veuve,Non,Jamais,Jamais,Jamais,0.0,38.0,8.0,Superieur,Oui,Ouest,Rural
0,0.0,0.0,24,Secondaire,Mariee,Non,Jamais,Moins_1x_sem,Moins_1x_sem,0.6666666666666666,37.0,13.0,Secondaire,Non,Ouest,Rural
0,0.0,0.0,19,Primaire,Mariee,Oui,Moins_1x_sem,Au_moins_1x_sem,Jamais,1.0,26.0,7.0,Superieur,Non,Ouest,Rural
1,1.0,0.0,28,Secondaire,Mariee,Oui,Jamais,Jamais,Jamais,0.0,30.0,2.0,Secondaire,Non,Ouest,Rural
0,0.0,0.0,30,Primaire,Separee,Non,Jamais,Au_moins_1x_sem,Jamais,0.6666666666666666,38.0,8.0,Superieur,Non,Ouest,Rural
0,0.0,0.0,20,Aucun,Mariee,Oui,Jamais,Jamais,Jamais,0.0,32.0,12.0,Aucun,Non,Littoral,Urbain
0,0.0,0.0,33,Aucun,Mariee,Non,Jamais,Jamais,Jamais,0.0,63.0,30.0,Aucun,Non,Littoral,Urbain
0,0.0,0.0,25,Primaire,Divorcee,Non,Jamais,Jamais,Jamais,0.0,38.0,8.0,Superieur,Non,Littoral,Urbain
0,0.0,0.0,25,Primaire,Mariee,Non,Jamais,Jamais,Jamais,0.0,34.0,9.0,Aucun,Non,Littoral,Urbain
0,0.0,0.0,26,Primaire,Mariee,Oui,Jamais,Jamais,Jamais,0.0,32.0,6.0,Primaire,Non,Littoral,Urbain
0,0.0,0.0,18,Primaire,Mariee,Non,Jamais,Jamais,Jamais,0.0,27.0,9.0,Secondaire,Non,Littoral,Urbain
0,0.0,0.0,38,Aucun,Mariee,Non,Jamais,Jamais,Jamais,0.0,53.0,15.0,Primaire,Non,Littoral,Urbain
0,0.0,0.0,40,Aucun,Separee,Non,Jamais,Jamais,Jamais,0.0,38.0,8.0,Superieur,Non,Littoral,Urbain
0,0.0,0.0,18,Primaire,Mariee,Oui,Jamais,Jamais,Jamais,0.0,25.0,7.0,Aucun,Oui,Littoral,Urbain
0,0.0,0.0,22,Aucun,Mariee,Non,Jamais,Jamais,Au_moins_1x_sem,0.6666666666666666,33.0,11.0,Aucun,Non,Littoral,Urbain
1,1.0,0.0,32,Aucun,Mariee,Non,Jamais,Jamais,Jamais,0.0,45.0,13.0,Secondaire,Oui,Littoral,Urbain
0,0.0,0.0,46,Aucun,Mariee,Non,Jamais,Jamais,Jamais,0.0,52.0,6.0,Aucun,Non,Littoral,Urbain
1,1.0,0.0,27,Aucun,Divorcee,Non,Jamais,Jamais,Jamais,0.0,38.0,8.0,Superieur,Non,Littoral,Urbain
0,0.0,0.0,16,Aucun,Mariee,Non,Jamais,Jamais,Jamais,0.0,33.0,17.0,Primaire,Non,Littoral,Urbain
1,1.0,1.0,35,Primaire,Union_libre,Non,Jamais,Jamais,Jamais,0.0,43.0,8.0,Superieur,Non,Sud_Ouest,Rural
1,1.0,1.0,32,Primaire,Mariee,Non,Jamais,Moins_1x_sem,Au_moins_1x_sem,1.0,31.0,-1.0,Secondaire,Non,Sud_Ouest,Rural
1,1.0,1.0,49,Secondaire,Mariee,Non,Au_moins_1x_sem,Jamais,Jamais,0.6666666666666666,52.0,3.0,Superieur,Non,Sud_Ouest,Rural
1,1.0,1.0,36,Secondaire,Union_libre,Non,Jamais,Moins_1x_sem,Au_moins_1x_sem,1.0,45.0,9.0,Secondaire,Oui,Sud_Ouest,Rural
1,1.0,1.0,47,Primaire,Mariee,Non,Jamais,Jamais,Jamais,0.0,54.0,7.0,Superieur,Oui,Sud_Ouest,Rural
0,0.0,0.0,31,Primaire,Mariee,Non,Jamais,Au_moins_1x_sem,Au_moins_1x_sem,1.3333333333333333,37.0,6.0,Superieur,Non,Sud_Ouest,Rural
0,0.0,0.0,48,Primaire,Union_libre,Non,Jamais,Jamais,Au_moins_1x_sem,0.6666666666666666,64.0,16.0,Primaire,Oui,Sud_Ouest,Rural
1,1.0,1.0,35,Secondaire,Separee,Non,Jamais,Moins_1x_sem,Moins_1x_sem,0.6666666666666666,38.0,8.0,Superieur,Non,Sud_Ouest,Rural
1,1.0,1.0,24,Primaire,Union_libre,Non,Jamais,Jamais,Jamais,0.0,44.0,20.0,Superieur,Oui,Sud_Ouest,Rural
0,0.0,0.0,28,Primaire,Mariee,Non,Jamais,Jamais,Jamais,0.0,32.0,4.0,Superieur,Oui,Sud_Ouest,Rural
0,0.0,0.0,21,Secondaire,Mariee,Oui,Moins_1x_sem,Jamais,Au_moins_1x_sem,1.0,31.0,10.0,Superieur,Oui,Est,Urbain
0,0.0,0.0,34,Primaire,Mariee,Non,Moins_1x_sem,Jamais,Au_moins_1x_sem,1.0,40.0,6.0,Primaire,Non,Est,Urbain
0,0.0,0.0,35,Secondaire,Union_libre,Non,Jamais,Jamais,Au_moins_1x_sem,0.6666666666666666,45.0,10.0,Superieur,Oui,Est,Urbain
0,0.0,0.0,26,Secondaire,Mariee,Non,Moins_1x_sem,Jamais,Au_moins_1x_sem,1.0,29.0,3.0,Superieur,Non,Est,Urbain
0,0.0,0.0,39,Secondaire,Mariee,Non,Jamais,Jamais,Au_moins_1x_sem,0.6666666666666666,41.0,2.0,Superieur,Oui,Est,Urbain
0,0.0,0.0,23,Secondaire,Union_libre,Non,Jamais,Jamais,Au_moins_1x_sem,0.6666666666666666,32.0,9.0,Superieur,Oui,Est,Urbain
0,0.0,0.0,44,Secondaire,Veuve,Non,Jamais,Jamais,Au_moins_1x_sem,0.6666666666666666,38.0,8.0,Superieur,Oui,Est,Urbain
1,1.0,0.0,20,Secondaire,Union_libre,Non,Jamais,Jamais,Au_moins_1x_sem,0.6666666666666666,27.0,7.0,Superieur,Oui,Littoral,Urbain
0,0.0,0.0,34,Secondaire,Union_libre,Non,Moins_1x_sem,Moins_1x_sem,Au_moins_1x_sem,1.3333333333333333,41.0,7.0,Superieur,Oui,Littoral,Urbain
1,1.0,1.0,20,Secondaire,Union_libre,Non,Moins_1x_sem,Jamais,Au_moins_1x_sem,1.0,27.0,7.0,Superieur,Oui,Littoral,Urbain
1,1.0,0.0,32,Secondaire,Separee,Non,Moins_1x_sem,Au_moins_1x_sem,Au_moins_1x_sem,1.6666666666666667,38.0,8.0,Superieur,Oui,Littoral,Urbain
1,1.0,0.0,29,Secondaire,Union_libre,Oui,Jamais,Au_moins_1x_sem,Au_moins_1x_sem,1.3333333333333333,30.0,1.0,Superieur,Oui,Littoral,Urbain
1,1.0,0.0,25,Secondaire,Union_libre,Non,Moins_1x_sem,Jamais,Au_moins_1x_sem,1.0,26.0,1.0,Superieur,Oui,Littoral,Urbain
1,1.0,1.0,23,Primaire,Union_libre,Non,Jamais,Moins_1x_sem,Jamais,0.3333333333333333,30.0,7.0,Secondaire,Oui,Centre,Rural
0,0.0,0.0,20,Secondaire,Union_libre,Oui,Jamais,Au_moins_1x_sem,Moins_1x_sem,1.0,24.0,4.0,Superieur,Non,Centre,Rural
0,0.0,0.0,49,Primaire,Veuve,Non,Jamais,Jamais,Jamais,0.0,38.0,8.0,Superieur,Oui,Centre,Rural
1,1.0,0.0,41,Secondaire,Mariee,Non,Jamais,Jamais,Jamais,0.0,47.0,6.0,Primaire,Oui,Centre,Rural
0,0.0,0.0,24,Primaire,Union_libre,Non,Jamais,Au_moins_1x_sem,Jamais,0.6666666666666666,25.0,1.0,Superieur,Oui,Centre,Rural
0,0.0,0.0,21,Secondaire,Union_libre,Oui,Jamais,Au_moins_1x_sem,Jamais,0.6666666666666666,22.0,1.0,Superieur,Non,Centre,Rural
0,0.0,0.0,47,Secondaire,Union_libre,Non,Jamais,Moins_1x_sem,Jamais,0.3333333333333333,52.0,5.0,Secondaire,Oui,Centre,Rural
1,1.0,0.0,48,Primaire,Veuve,Non,Jamais,Jamais,Jamais,0.0,38.0,8.0,Superieur,Oui,Centre,Rural
1,1.0,1.0,23,Secondaire,Union_libre,Non,Jamais,Jamais,Jamais,0.0,25.0,2.0,Superieur,Oui,Centre,Rural
1,1.0,0.0,36,Secondaire,Union_libre,Non,Jamais,Jamais,Jamais,0.0,34.0,-2.0,Superieur,Oui,Centre,Rural
1,1.0,0.0,40,Primaire,Mariee,Non,Jamais,Jamais,Jamais,0.0,48.0,8.0,Secondaire,Oui,Centre,Rural
1,1.0,0.0,28,Primaire,Union_libre,Oui,Jamais,Jamais,Jamais,0.0,32.0,4.0,Secondaire,Non,Centre,Rural
1,1.0,0.0,39,Primaire,Mariee,Non,Jamais,Au_moins_1x_sem,Au_moins_1x_sem,1.3333333333333333,38.0,-1.0,Secondaire,Oui,Centre,Rural
0,0.0,0.0,23,Secondaire,Union_libre,Non,Jamais,Jamais,Jamais,0.0,29.0,6.0,Superieur,Non,Centre,Rural
0,0.0,0.0,46,Secondaire,Mariee,Non,Jamais,Au_moins_1x_sem,Au_moins_1x_sem,1.3333333333333333,56.0,10.0,Superieur,Oui,Sud,Urbain
1,1.0,0.0,45,Secondaire,Veuve,Non,Jamais,Jamais,Au_moins_1x_sem,0.6666666666666666,38.0,8.0,Superieur,Oui,Sud,Urbain
0,0.0,0.0,33,Superieur,Mariee,Non,Jamais,Moins_1x_sem,Au_moins_1x_sem,1.0,31.0,-2.0,Superieur,Oui,Sud,Urbain
0,0.0,0.0,47,Aucun,Mariee,Non,Jamais,Jamais,Moins_1x_sem,0.3333333333333333,47.0,0.0,Secondaire,Oui,Sud,Urbain
0,0.0,0.0,22,Secondaire,Mariee,Non,Jamais,Jamais,Au_moins_1x_sem,0.6666666666666666,25.0,3.0,Superieur,Non,Sud,Urbain
1,1.0,0.0,42,Secondaire,Union_libre,Non,Jamais,Au_moins_1x_sem,Au_moins_1x_sem,1.3333333333333333,45.0,3.0,Superieur,Oui,Sud,Urbain
0,0.0,0.0,22,Secondaire,Mariee,Non,Jamais,Jamais,Au_moins_1x_sem,0.6666666666666666,32.0,10.0,Superieur,Oui,Sud,Urbain
0,0.0,0.0,30,Secondaire,Mariee,Non,Jamais,Jamais,Au_moins_1x_sem,0.6666666666666666,35.0,5.0,Superieur,Oui,Sud,Urbain
0,0.0,0.0,39,Secondaire,Mariee,Non,Jamais,Moins_1x_sem,Au_moins_1x_sem,1.0,51.0,12.0,Secondaire,Oui,Sud,Urbain
0,0.0,0.0,28,Secondaire,Mariee,Non,Jamais,Jamais,Au_moins_1x_sem,0.6666666666666666,36.0,8.0,Superieur,Oui,Sud,Urbain
0,0.0,0.0,28,Primaire,Mariee,Non,Jamais,Jamais,Au_moins_1x_sem,0.6666666666666666,39.0,11.0,Aucun,Non,Nord,Rural
0,0.0,0.0,45,Primaire,Mariee,Non,Jamais,Jamais,Jamais,0.0,49.0,4.0,Secondaire,Non,Nord,Rural
0,0.0,0.0,48,Secondaire,Mariee,Non,Jamais,Jamais,Au_moins_1x_sem,0.6666666666666666,56.0,8.0,Superieur,Oui,Nord,Rural
1,1.0,0.0,28,Primaire,Mariee,Non,Jamais,Moins_1x_sem,Au_moins_1x_sem,1.0,27.0,-1.0,Superieur,Oui,Nord,Rural
0,0.0,0.0,36,Primaire,Mariee,Non,Jamais,Jamais,Jamais,0.0,36.0,0.0,Secondaire,Non,Extreme_Nord,Rural
0,0.0,0.0,33,Primaire,Union_libre,Non,Jamais,Jamais,Jamais,0.0,38.0,5.0,Superieur,Non,Extreme_Nord,Rural
0,0.0,0.0,49,Aucun,Veuve,Non,Jamais,Jamais,Jamais,0.0,38.0,8.0,Superieur,Non,Extreme_Nord,Rural
1,1.0,1.0,48,Primaire,Union_libre,Non,Jamais,Jamais,Jamais,0.0,45.0,-3.0,Secondaire,Oui,Extreme_Nord,Rural
0,0.0,0.0,28,Primaire,Union_libre,Non,Jamais,Au_moins_1x_sem,Jamais,0.6666666666666666,29.0,1.0,Primaire,Non,Extreme_Nord,Rural
1,1.0,0.0,30,Primaire,Union_libre,Non,Jamais,Jamais,Jamais,0.0,37.0,7.0,Superieur,Oui,Extreme_Nord,Rural
0,0.0,0.0,32,Primaire,Mariee,Non,Jamais,Au_moins_1x_sem,Jamais,0.6666666666666666,35.0,3.0,Primaire,Non,Extreme_Nord,Rural
0,0.0,0.0,20,Primaire,Union_libre,Non,Jamais,Jamais,Jamais,0.0,24.0,4.0,Secondaire,Oui,Extreme_Nord,Rural
1,1.0,0.0,23,Primaire,Union_libre,Non,Jamais,Jamais,Jamais,0.0,28.0,5.0,Superieur,Oui,Extreme_Nord,Rural
1,1.0,0.0,38,Primaire,Mariee,Non,Jamais,Jamais,Jamais,0.0,42.0,4.0,Secondaire,Oui,Extreme_Nord,Rural
1,1.0,1.0,30,Primaire,Mariee,Non,Jamais,Jamais,Jamais,0.0,30.0,0.0,Secondaire,Oui,Extreme_Nord,Rural
1,1.0,0.0,25,Primaire,Union_libre,Non,Jamais,Jamais,Jamais,0.0,30.0,5.0,Secondaire,Oui,Extreme_Nord,Rural
1,1.0,0.0,38,Primaire,Union_libre,Non,Jamais,Jamais,Jamais,0.0,38.0,0.0,Primaire,Oui,Extreme_Nord,Rural
0,0.0,0.0,30,Secondaire,Union_libre,Non,Jamais,Moins_1x_sem,Moins_1x_sem,0.6666666666666666,28.0,-2.0,Secondaire,Oui,Extreme_Nord,Rural
0,0.0,0.0,23,Aucun,Union_libre,Non,Jamais,Au_moins_1x_sem,Jamais,0.6666666666666666,27.0,4.0,Secondaire,Oui,Extreme_Nord,Rural
0,0.0,0.0,37,Primaire,Veuve,Oui,Jamais,Jamais,Jamais,0.0,38.0,8.0,Superieur,Non,Extreme_Nord,Rural
0,0.0,0.0,16,Primaire,Union_libre,Non,Jamais,Jamais,Jamais,0.0,28.0,12.0,Primaire,Non,Extreme_Nord,Rural
0,0.0,0.0,19,Primaire,Union_libre,Non,Jamais,Jamais,Jamais,0.0,20.0,1.0,Primaire,Non,Extreme_Nord,Rural
0,0.0,0.0,23,Primaire,Union_libre,Non,Jamais,Jamais,Jamais,0.0,28.0,5.0,Primaire,Oui,Extreme_Nord,Rural
0,0.0,0.0,27,Secondaire,Separee,Non,Jamais,Jamais,Au_moins_1x_sem,0.6666666666666666,38.0,8.0,Superieur,Non,Littoral,Urbain
1,1.0,1.0,46,Primaire,Mariee,Non,Jamais,Moins_1x_sem,Au_moins_1x_sem,1.0,95.0,49.0,Superieur,Oui,Littoral,Urbain
0,0.0,0.0,31,Aucun,Mariee,Non,Jamais,Jamais,Au_moins_1x_sem,0.6666666666666666,40.0,9.0,Superieur,Oui,Littoral,Urbain
0,0.0,0.0,36,Secondaire,Mariee,Non,Jamais,Au_moins_1x_sem,Au_moins_1x_sem,1.3333333333333333,38.0,2.0,Superieur,Non,Littoral,Urbain
0,0.0,0.0,46,Secondaire,Separee,Non,Jamais,Au_moins_1x_sem,Au_moins_1x_sem,1.3333333333333333,38.0,8.0,Superieur,Non,Littoral,Urbain
0,0.0,0.0,49,Aucun,Mariee,Non,Jamais,Jamais,Jamais,0.0,54.0,5.0,Aucun,Oui,Littoral,Urbain
0,0.0,0.0,32,Superieur,Union_libre,Non,Jamais,Moins_1x_sem,Au_moins_1x_sem,1.0,42.0,10.0,Superieur,Oui,Littoral,Urbain
0,0.0,0.0,33,Secondaire,Mariee,Non,Moins_1x_sem,Jamais,Au_moins_1x_sem,1.0,46.0,13.0,Superieur,Oui,Est,Urbain
0,0.0,0.0,38,Secondaire,Mariee,Non,Jamais,Jamais,Au_moins_1x_sem,0.6666666666666666,43.0,5.0,Superieur,Oui,Est,Urbain
0,0.0,0.0,36,Primaire,Union_libre,Non,Jamais,Au_moins_1x_sem,Au_moins_1x_sem,1.3333333333333333,38.0,2.0,Primaire,Non,Est,Urbain
0,0.0,0.0,27,Secondaire,Mariee,Non,Jamais,Jamais,Au_moins_1x_sem,0.6666666666666666,35.0,8.0,Superieur,Non,Est,Urbain
1,1.0,0.0,23,Primaire,Mariee,Oui,Moins_1x_sem,Moins_1x_sem,Au_moins_1x_sem,1.3333333333333333,40.0,17.0,Secondaire,Oui,Est,Urbain
0,0.0,0.0,30,Primaire,Union_libre,Non,Moins_1x_sem,Au_moins_1x_sem,Au_moins_1x_sem,1.6666666666666667,41.0,11.0,Secondaire,Non,Est,Urbain
1,1.0,0.0,34,Primaire,Mariee,Non,Moins_1x_sem,Jamais,Au_moins_1x_sem,1.0,40.0,6.0,Superieur,Oui,Est,Urbain
0,0.0,0.0,31,Secondaire,Mariee,Non,Moins_1x_sem,Moins_1x_sem,Au_moins_1x_sem,1.3333333333333333,35.0,4.0,Superieur,Oui,Est,Urbain
0,0.0,0.0,26,Secondaire,Mariee,Non,Moins_1x_sem,Moins_1x_sem,Au_moins_1x_sem,1.3333333333333333,31.0,5.0,Secondaire,Oui,Est,Urbain
1,1.0,0.0,36,Secondaire,Mariee,Non,Jamais,Jamais,Jamais,0.0,34.0,-2.0,Secondaire,Oui,Est,Urbain
1,1.0,0.0,44,Secondaire,Mariee,Non,Au_moins_1x_sem,Jamais,Au_moins_1x_sem,1.3333333333333333,49.0,5.0,Secondaire,Oui,Est,Urbain
1,1.0,0.0,32,Secondaire,Mariee,Non,Moins_1x_sem,Moins_1x_sem,Moins_1x_sem,1.0,32.0,0.0,Superieur,Oui,Centre,Urbain
0,0.0,0.0,28,Secondaire,Union_libre,Non,Moins_1x_sem,Jamais,Au_moins_1x_sem,1.0,31.0,3.0,Secondaire,Oui,Centre,Urbain
0,0.0,0.0,39,Primaire,Mariee,Non,Jamais,Jamais,Au_moins_1x_sem,0.6666666666666666,46.0,7.0,Superieur,Oui,Centre,Urbain
0,0.0,0.0,37,Secondaire,Union_libre,Non,Jamais,Moins_1x_sem,Moins_1x_sem,0.6666666666666666,50.0,13.0,Secondaire,Oui,Centre,Urbain
0,0.0,0.0,38,Secondaire,Mariee,Non,Jamais,Jamais,Au_moins_1x_sem,0.6666666666666666,40.0,2.0,Superieur,Oui,Centre,Urbain
0,0.0,0.0,20,Primaire,Mariee,Non,Jamais,Jamais,Jamais,0.0,32.0,12.0,Primaire,Non,Centre,Urbain
1,1.0,0.0,36,Secondaire,Separee,Non,Au_moins_1x_sem,Au_moins_1x_sem,Au_moins_1x_sem,2.0,38.0,8.0,Superieur,Oui,Centre,Urbain
0,0.0,0.0,42,Primaire,Union_libre,Oui,Jamais,Jamais,Au_moins_1x_sem,0.6666666666666666,39.0,-3.0,Superieur,Non,Centre,Urbain
1,1.0,1.0,21,Primaire,Union_libre,Non,Jamais,Jamais,Jamais,0.0,22.0,1.0,Superieur,Oui,Centre,Urbain
0,0.0,0.0,28,Secondaire,Mariee,Non,Moins_1x_sem,Jamais,Au_moins_1x_sem,1.0,31.0,3.0,Superieur,Non,Centre,Urbain
0,0.0,0.0,33,Secondaire,Separee,Non,Moins_1x_sem,Moins_1x_sem,Jamais,0.6666666666666666,38.0,8.0,Superieur,Oui,Centre,Urbain
1,1.0,1.0,27,Secondaire,Union_libre,Non,Jamais,Moins_1x_sem,Au_moins_1x_sem,1.0,30.0,3.0,Superieur,Oui,Centre,Urbain
1,1.0,0.0,19,Primaire,Separee,Non,Jamais,Jamais,Jamais,0.0,38.0,8.0,Superieur,Oui,Centre,Urbain
0,0.0,0.0,28,Primaire,Union_libre,Non,Jamais,Moins_1x_sem,Au_moins_1x_sem,1.0,32.0,4.0,Superieur,Oui,Centre,Urbain
1,1.0,0.0,31,Primaire,Union_libre,Non,Jamais,Au_moins_1x_sem,Moins_1x_sem,1.0,39.0,8.0,Secondaire,Non,Centre,Urbain
1,1.0,0.0,23,Secondaire,Union_libre,Non,Moins_1x_sem,Moins_1x_sem,Au_moins_1x_sem,1.3333333333333333,25.0,2.0,Superieur,Oui,Centre,Urbain
1,1.0,1.0,38,Aucun,Union_libre,Non,Jamais,Jamais,Jamais,0.0,60.0,22.0,Aucun,Oui,Nord_Ouest,Rural
1,1.0,1.0,37,Aucun,Divorcee,Non,Jamais,Jamais,Jamais,0.0,38.0,8.0,Superieur,Oui,Nord_Ouest,Rural
0,0.0,0.0,30,Primaire,Mariee,Non,Jamais,Jamais,Jamais,0.0,42.0,12.0,Secondaire,Non,Nord_Ouest,Rural
1,1.0,1.0,40,Aucun,Mariee,Non,Jamais,Jamais,Jamais,0.0,79.0,39.0,Aucun,Oui,Nord_Ouest,Rural
1,1.0,0.0,45,Aucun,Mariee,Non,Jamais,Jamais,Jamais,0.0,60.0,15.0,Primaire,Oui,Nord_Ouest,Rural
1,1.0,0.0,34,Primaire,Mariee,Non,Jamais,Au_moins_1x_sem,Jamais,0.6666666666666666,37.0,3.0,Primaire,Oui,Nord_Ouest,Rural
0,0.0,0.0,20,Primaire,Mariee,Oui,Jamais,Au_moins_1x_sem,Jamais,0.6666666666666666,45.0,25.0,Superieur,Oui,Nord_Ouest,Rural
1,1.0,0.0,36,Primaire,Mariee,Non,Jamais,Jamais,Jamais,0.0,41.0,5.0,Secondaire,Non,Nord_Ouest,Rural
1,1.0,1.0,18,Secondaire,Union_libre,Non,Jamais,Jamais,Jamais,0.0,31.0,13.0,Superieur,Oui,Nord_Ouest,Rural
0,0.0,0.0,31,Primaire,Mariee,Non,Jamais,Jamais,Jamais,0.0,40.0,9.0,Superieur,Non,Nord_Ouest,Rural
0,0.0,0.0,22,Primaire,Mariee,Non,Jamais,Jamais,Jamais,0.0,26.0,4.0,Primaire,Non,Nord_Ouest,Rural
0,0.0,0.0,31,Aucun,Separee,Non,Jamais,Jamais,Jamais,0.0,38.0,8.0,Superieur,Oui,Nord_Ouest,Rural
1,1.0,1.0,28,Primaire,Mariee,Non,Jamais,Au_moins_1x_sem,Jamais,0.6666666666666666,38.0,10.0,Superieur,Oui,Nord_Ouest,Rural
0,0.0,0.0,39,Aucun,Mariee,Non,Jamais,Jamais,Jamais,0.0,38.0,-1.0,Superieur,Oui,Sud,Rural
0,0.0,0.0,38,Secondaire,Mariee,Non,Jamais,Moins_1x_sem,Au_moins_1x_sem,1.0,39.0,1.0,Primaire,Non,Sud,Rural
0,0.0,0.0,29,Secondaire,Mariee,Non,Jamais,Au_moins_1x_sem,Au_moins_1x_sem,1.3333333333333333,42.0,13.0,Secondaire,Non,Sud,Rural
0,0.0,0.0,28,Superieur,Mariee,Oui,Moins_1x_sem,Moins_1x_sem,Au_moins_1x_sem,1.3333333333333333,37.0,9.0,Superieur,Non,Sud,Rural
0,0.0,0.0,37,Primaire,Mariee,Non,Jamais,Jamais,Moins_1x_sem,0.3333333333333333,46.0,9.0,Superieur,Non,Sud,Rural
0,0.0,0.0,40,Secondaire,Mariee,Non,Moins_1x_sem,Moins_1x_sem,Au_moins_1x_sem,1.3333333333333333,49.0,9.0,Secondaire,Oui,Sud,Rural
1,1.0,0.0,37,Secondaire,Union_libre,Non,Jamais,Au_moins_1x_sem,Au_moins_1x_sem,1.3333333333333333,38.0,1.0,Superieur,Oui,Littoral,Urbain
0,0.0,0.0,24,Secondaire,Union_libre,Non,Jamais,Jamais,Au_moins_1x_sem,0.6666666666666666,24.0,0.0,Superieur,Oui,Littoral,Urbain
0,0.0,0.0,30,Superieur,Mariee,Non,Moins_1x_sem,Jamais,Au_moins_1x_sem,1.0,29.0,-1.0,Superieur,Non,Littoral,Urbain
0,0.0,0.0,41,Secondaire,Mariee,Non,Jamais,Jamais,Au_moins_1x_sem,0.6666666666666666,46.0,5.0,Superieur,Oui,Littoral,Urbain
1,1.0,1.0,45,Secondaire,Mariee,Non,Au_moins_1x_sem,Jamais,Au_moins_1x_sem,1.3333333333333333,53.0,8.0,Primaire,Oui,Littoral,Urbain
0,0.0,0.0,31,Secondaire,Union_libre,Non,Au_moins_1x_sem,Au_moins_1x_sem,Au_moins_1x_sem,2.0,49.0,18.0,Superieur,Non,Littoral,Urbain
1,1.0,1.0,35,Primaire,Mariee,Non,Jamais,Jamais,Jamais,0.0,40.0,5.0,Superieur,Oui,Littoral,Urbain
1,1.0,1.0,43,Primaire,Union_libre,Non,Jamais,Jamais,Au_moins_1x_sem,0.6666666666666666,48.0,5.0,Secondaire,Oui,Littoral,Urbain
1,1.0,0.0,26,Secondaire,Union_libre,Non,Au_moins_1x_sem,Jamais,Au_moins_1x_sem,1.3333333333333333,36.0,10.0,Superieur,Oui,Littoral,Urbain
0,0.0,0.0,39,Secondaire,Mariee,Oui,Jamais,Jamais,Au_moins_1x_sem,0.6666666666666666,40.0,1.0,Superieur,Oui,Nord,Rural
0,0.0,0.0,33,Secondaire,Separee,Non,Moins_1x_sem,Moins_1x_sem,Au_moins_1x_sem,1.3333333333333333,38.0,8.0,Superieur,Non,Nord,Rural
0,0.0,0.0,27,Primaire,Union_libre,Non,Jamais,Jamais,Jamais,0.0,32.0,5.0,Superieur,Oui,Nord,Rural
0,0.0,0.0,27,Secondaire,Union_libre,Non,Jamais,Jamais,Au_moins_1x_sem,0.6666666666666666,35.0,8.0,Superieur,Oui,Nord,Rural
1,1.0,0.0,33,Secondaire,Union_libre,Non,Jamais,Moins_1x_sem,Moins_1x_sem,0.6666666666666666,47.0,14.0,Superieur,Oui,Nord,Rural
1,1.0,0.0,37,Primaire,Union_libre,Non,Jamais,Jamais,Jamais,0.0,61.0,24.0,Superieur,Oui,Nord,Rural
0,0.0,0.0,34,Primaire,Mariee,Non,Jamais,Au_moins_1x_sem,Au_moins_1x_sem,1.3333333333333333,43.0,9.0,Secondaire,Non,Nord,Rural
1,1.0,1.0,33,Secondaire,Mariee,Non,Jamais,Au_moins_1x_sem,Au_moins_1x_sem,1.3333333333333333,43.0,10.0,Primaire,Oui,Nord,Rural
1,1.0,0.0,29,Secondaire,Mariee,Non,Moins_1x_sem,Moins_1x_sem,Au_moins_1x_sem,1.3333333333333333,37.0,8.0,Superieur,Oui,Nord,Rural
1,1.0,0.0,42,Aucun,Veuve,Non,Jamais,Jamais,Jamais,0.0,38.0,8.0,Superieur,Oui,Nord,Rural
0,0.0,0.0,25,Secondaire,Mariee,Non,Jamais,Jamais,Au_moins_1x_sem,0.6666666666666666,29.0,4.0,Superieur,Non,Nord,Urbain
1,1.0,0.0,23,Secondaire,Union_libre,Non,Jamais,Moins_1x_sem,Au_moins_1x_sem,1.0,26.0,3.0,Superieur,Oui,Nord,Urbain
1,1.0,0.0,42,Primaire,Mariee,Non,Jamais,Jamais,Au_moins_1x_sem,0.6666666666666666,47.0,5.0,Superieur,Oui,Nord,Urbain
1,1.0,0.0,38,Secondaire,Separee,Non,Jamais,Jamais,Au_moins_1x_sem,0.6666666666666666,38.0,8.0,Superieur,Oui,Nord,Urbain
0,0.0,0.0,27,Secondaire,Separee,Non,Jamais,Moins_1x_sem,Moins_1x_sem,0.6666666666666666,38.0,8.0,Superieur,Oui,Nord,Urbain
0,0.0,0.0,38,Secondaire,Union_libre,Non,Au_moins_1x_sem,Au_moins_1x_sem,Au_moins_1x_sem,2.0,50.0,12.0,Superieur,Non,Nord,Urbain
0,0.0,0.0,46,Primaire,Mariee,Non,Jamais,Jamais,Au_moins_1x_sem,0.6666666666666666,80.0,34.0,Secondaire,Non,Nord,Urbain
1,1.0,0.0,30,Secondaire,Mariee,Non,Jamais,Jamais,Au_moins_1x_sem,0.6666666666666666,35.0,5.0,Superieur,Oui,Nord,Urbain
0,0.0,0.0,41,Primaire,Mariee,Non,Jamais,Moins_1x_sem,Au_moins_1x_sem,1.0,50.0,9.0,Superieur,Oui,Nord,Urbain
0,0.0,0.0,29,Primaire,Mariee,Oui,Jamais,Jamais,Au_moins_1x_sem,0.6666666666666666,29.0,0.0,Aucun,Oui,Nord,Urbain
0,0.0,0.0,18,Secondaire,Mariee,Non,Au_moins_1x_sem,Au_moins_1x_sem,Jamais,1.3333333333333333,23.0,5.0,Superieur,Oui,Extreme_Nord,Rural
1,1.0,0.0,28,Primaire,Mariee,Non,Jamais,Jamais,Jamais,0.0,37.0,9.0,Primaire,Oui,Extreme_Nord,Rural
0,0.0,0.0,18,Secondaire,Union_libre,Non,Jamais,Jamais,Jamais,0.0,24.0,6.0,Superieur,Oui,Extreme_Nord,Rural
0,0.0,0.0,20,Secondaire,Union_libre,Non,Jamais,Jamais,Jamais,0.0,25.0,5.0,Superieur,Oui,Extreme_Nord,Rural
1,1.0,0.0,22,Primaire,Mariee,Non,Jamais,Jamais,Jamais,0.0,22.0,0.0,Primaire,Non,Extreme_Nord,Rural
0,0.0,0.0,30,Primaire,Separee,Non,Jamais,Moins_1x_sem,Au_moins_1x_sem,1.0,38.0,8.0,Superieur,Non,Extreme_Nord,Rural
1,1.0,1.0,27,Primaire,Mariee,Non,Jamais,Jamais,Jamais,0.0,31.0,4.0,Primaire,Oui,Extreme_Nord,Rural
0,0.0,0.0,18,Secondaire,Union_libre,Non,Jamais,Jamais,Jamais,0.0,28.0,10.0,Secondaire,Oui,Extreme_Nord,Rural
0,0.0,0.0,30,Primaire,Union_libre,Non,Jamais,Au_moins_1x_sem,Jamais,0.6666666666666666,42.0,12.0,Superieur,Oui,Extreme_Nord,Rural
1,1.0,0.0,28,Primaire,Union_libre,Non,Jamais,Moins_1x_sem,Au_moins_1x_sem,1.0,39.0,11.0,Superieur,Oui,Extreme_Nord,Rural
0,0.0,0.0,29,Primaire,Union_libre,Oui,Jamais,Jamais,Jamais,0.0,35.0,6.0,Superieur,Oui,Extreme_Nord,Rural
1,1.0,0.0,35,Primaire,Union_libre,Non,Jamais,Jamais,Jamais,0.0,45.0,10.0,Superieur,Non,Extreme_Nord,Rural
0,0.0,0.0,38,Secondaire,Mariee,Non,Jamais,Jamais,Au_moins_1x_sem,0.6666666666666666,40.0,2.0,Superieur,Non,Littoral,Urbain
0,0.0,0.0,38,Secondaire,Separee,Non,Jamais,Jamais,Au_moins_1x_sem,0.6666666666666666,38.0,8.0,Superieur,Oui,Littoral,Urbain
1,1.0,0.0,41,Secondaire,Mariee,Non,Jamais,Au_moins_1x_sem,Au_moins_1x_sem,1.3333333333333333,45.0,4.0,Superieur,Non,Littoral,Urbain
0,0.0,0.0,34,Secondaire,Separee,Non,Jamais,Jamais,Au_moins_1x_sem,0.6666666666666666,38.0,8.0,Superieur,Oui,Littoral,Urbain
0,0.0,0.0,31,Superieur,Mariee,Non,Moins_1x_sem,Au_moins_1x_sem,Au_moins_1x_sem,1.6666666666666667,35.0,4.0,Superieur,Non,Littoral,Urbain
0,0.0,0.0,30,Secondaire,Mariee,Non,Jamais,Au_moins_1x_sem,Au_moins_1x_sem,1.3333333333333333,35.0,5.0,Superieur,Oui,Littoral,Urbain
0,0.0,0.0,23,Secondaire,Mariee,Non,Jamais,Jamais,Moins_1x_sem,0.3333333333333333,35.0,12.0,Superieur,Non,Littoral,Urbain
0,0.0,0.0,30,Secondaire,Mariee,Non,Jamais,Jamais,Au_moins_1x_sem,0.6666666666666666,34.0,4.0,Superieur,Non,Littoral,Urbain
0,0.0,0.0,40,Secondaire,Mariee,Non,Jamais,Moins_1x_sem,Au_moins_1x_sem,1.0,50.0,10.0,Secondaire,Oui,Littoral,Urbain
1,1.0,1.0,31,Primaire,Divorcee,Non,Jamais,Jamais,Jamais,0.0,38.0,8.0,Superieur,Oui,Littoral,Urbain
0,0.0,0.0,35,Secondaire,Separee,Non,Moins_1x_sem,Jamais,Au_moins_1x_sem,1.0,38.0,8.0,Superieur,Oui,Littoral,Urbain
0,0.0,0.0,44,Secondaire,Union_libre,Non,Jamais,Jamais,Au_moins_1x_sem,0.6666666666666666,49.0,5.0,Superieur,Oui,Sud,Urbain
1,1.0,0.0,41,Secondaire,Mariee,Non,Jamais,Jamais,Au_moins_1x_sem,0.6666666666666666,61.0,20.0,Superieur,Oui,Sud,Urbain
0,0.0,0.0,20,Aucun,Mariee,Non,Jamais,Jamais,Moins_1x_sem,0.3333333333333333,40.0,20.0,Aucun,Non,Sud,Urbain
0,0.0,0.0,37,Secondaire,Mariee,Non,Moins_1x_sem,Moins_1x_sem,Au_moins_1x_sem,1.3333333333333333,53.0,16.0,Superieur,Oui,Sud,Urbain
1,1.0,0.0,28,Primaire,Mariee,Oui,Jamais,Jamais,Moins_1x_sem,0.3333333333333333,35.0,7.0,Secondaire,Oui,Sud,Urbain
0,0.0,0.0,20,Aucun,Mariee,Non,Jamais,Jamais,Jamais,0.0,25.0,5.0,Aucun,Non,Sud,Urbain
1,1.0,1.0,28,Secondaire,Separee,Non,Moins_1x_sem,Moins_1x_sem,Moins_1x_sem,1.0,38.0,8.0,Superieur,Oui,Sud,Urbain
0,0.0,0.0,49,Primaire,Union_libre,Non,Jamais,Jamais,Au_moins_1x_sem,0.6666666666666666,55.0,6.0,Secondaire,Non,Sud,Urbain
0,0.0,0.0,24,Primaire,Mariee,Non,Moins_1x_sem,Moins_1x_sem,Au_moins_1x_sem,1.3333333333333333,30.0,6.0,Superieur,Oui,Sud,Urbain
0,0.0,0.0,30,Secondaire,Mariee,Non,Moins_1x_sem,Au_moins_1x_sem,Au_moins_1x_sem,1.6666666666666667,40.0,10.0,Superieur,Oui,Sud,Urbain
0,0.0,0.0,18,Secondaire,Union_libre,Non,Jamais,Jamais,Au_moins_1x_sem,0.6666666666666666,25.0,7.0,Secondaire,Oui,Littoral,Urbain
0,0.0,0.0,22,Secondaire,Separee,Non,Jamais,Jamais,Au_moins_1x_sem,0.6666666666666666,38.0,8.0,Superieur,Oui,Littoral,Urbain
1,1.0,0.0,34,Secondaire,Mariee,Non,Moins_1x_sem,Jamais,Au_moins_1x_sem,1.0,39.0,5.0,Superieur,Non,Littoral,Urbain
1,1.0,1.0,32,Primaire,Separee,Non,Jamais,Jamais,Jamais,0.0,38.0,8.0,Superieur,Non,Littoral,Urbain
0,0.0,0.0,28,Secondaire,Mariee,Oui,Jamais,Jamais,Au_moins_1x_sem,0.6666666666666666,37.0,9.0,Superieur,Non,Littoral,Urbain
0,0.0,0.0,28,Primaire,Mariee,Non,Moins_1x_sem,Moins_1x_sem,Au_moins_1x_sem,1.3333333333333333,36.0,8.0,Superieur,Non,Littoral,Urbain
1,1.0,0.0,32,Secondaire,Separee,Non,Au_moins_1x_sem,Jamais,Au_moins_1x_sem,1.3333333333333333,38.0,8.0,Superieur,Oui,Littoral,Urbain
1,1.0,1.0,42,Secondaire,Mariee,Non,Moins_1x_sem,Moins_1x_sem,Au_moins_1x_sem,1.3333333333333333,49.0,7.0,Superieur,Oui,Littoral,Urbain
1,1.0,0.0,48,Secondaire,Mariee,Non,Moins_1x_sem,Moins_1x_sem,Au_moins_1x_sem,1.3333333333333333,55.0,7.0,Superieur,Non,Littoral,Urbain
0,0.0,0.0,16,Primaire,Union_libre,Non,Jamais,Au_moins_1x_sem,Au_moins_1x_sem,1.3333333333333333,26.0,10.0,Aucun,Non,Littoral,Urbain
1,1.0,0.0,26,Primaire,Separee,Non,Jamais,Jamais,Moins_1x_sem,0.3333333333333333,38.0,8.0,Superieur,Non,Littoral,Urbain
0,0.0,0.0,28,Aucun,Divorcee,Non,Jamais,Au_moins_1x_sem,Jamais,0.6666666666666666,38.0,8.0,Superieur,Non,Adamaoua,Urbain
0,0.0,0.0,30,Primaire,Mariee,Non,Jamais,Jamais,Au_moins_1x_sem,0.6666666666666666,40.0,10.0,Primaire,Non,Adamaoua,Urbain
0,0.0,0.0,20,Primaire,Mariee,Non,Jamais,Jamais,Au_moins_1x_sem,0.6666666666666666,35.0,15.0,Secondaire,Non,Adamaoua,Urbain
0,0.0,0.0,21,Secondaire,Union_libre,Non,Jamais,Au_moins_1x_sem,Au_moins_1x_sem,1.3333333333333333,23.0,2.0,Secondaire,Non,Adamaoua,Urbain
1,1.0,0.0,44,Secondaire,Separee,Non,Jamais,Jamais,Au_moins_1x_sem,0.6666666666666666,38.0,8.0,Superieur,Oui,Adamaoua,Urbain
1,1.0,0.0,31,Aucun,Mariee,Non,Jamais,Moins_1x_sem,Au_moins_1x_sem,1.0,40.0,9.0,Aucun,Non,Adamaoua,Urbain
1,1.0,0.0,32,Primaire,Separee,Non,Jamais,Moins_1x_sem,Au_moins_1x_sem,1.0,38.0,8.0,Superieur,Oui,Adamaoua,Urbain
0,0.0,0.0,23,Primaire,Mariee,Non,Jamais,Jamais,Jamais,0.0,52.0,29.0,Superieur,Non,Adamaoua,Urbain
0,0.0,0.0,30,Primaire,Mariee,Non,Jamais,Jamais,Jamais,0.0,36.0,6.0,Secondaire,Non,Adamaoua,Urbain
0,0.0,0.0,37,Primaire,Separee,Non,Moins_1x_sem,Moins_1x_sem,Moins_1x_sem,1.0,38.0,8.0,Superieur,Non,Adamaoua,Urbain
0,0.0,0.0,31,Secondaire,Mariee,Non,Au_moins_1x_sem,Au_moins_1x_sem,Au_moins_1x_sem,2.0,34.0,3.0,Superieur,Non,Adamaoua,Urbain
0,0.0,0.0,19,Aucun,Mariee,Oui,Jamais,Jamais,Jamais,0.0,28.0,9.0,Primaire,Non,Adamaoua,Urbain
0,0.0,0.0,34,Secondaire,Union_libre,Non,Jamais,Jamais,Jamais,0.0,37.0,3.0,Superieur,Non,Sud_Ouest,Rural
1,1.0,0.0,49,Primaire,Mariee,Non,Jamais,Jamais,Jamais,0.0,52.0,3.0,Superieur,Oui,Sud_Ouest,Rural
1,1.0,0.0,36,Secondaire,Union_libre,Non,Jamais,Jamais,Au_moins_1x_sem,0.6666666666666666,40.0,4.0,Superieur,Oui,Sud_Ouest,Rural
1,1.0,0.0,22,Secondaire,Mariee,Non,Jamais,Au_moins_1x_sem,Au_moins_1x_sem,1.3333333333333333,30.0,8.0,Superieur,Oui,Sud_Ouest,Rural
0,0.0,0.0,29,Secondaire,Mariee,Non,Jamais,Jamais,Au_moins_1x_sem,0.6666666666666666,50.0,21.0,Superieur,Non,Sud_Ouest,Rural
1,1.0,0.0,39,Secondaire,Mariee,Non,Jamais,Au_moins_1x_sem,Au_moins_1x_sem,1.3333333333333333,35.0,-4.0,Superieur,Oui,Sud_Ouest,Rural
1,1.0,0.0,49,Secondaire,Union_libre,Non,Jamais,Au_moins_1x_sem,Jamais,0.6666666666666666,53.0,4.0,Superieur,Oui,Sud_Ouest,Rural
0,0.0,0.0,18,Secondaire,Mariee,Non,Jamais,Jamais,Jamais,0.0,28.0,10.0,Superieur,Non,Sud_Ouest,Rural
1,1.0,0.0,45,Secondaire,Mariee,Non,Jamais,Jamais,Jamais,0.0,42.0,-3.0,Superieur,Non,Sud_Ouest,Rural
1,1.0,1.0,38,Secondaire,Mariee,Non,Jamais,Jamais,Au_moins_1x_sem,0.6666666666666666,42.0,4.0,Secondaire,Oui,Sud_Ouest,Rural
1,1.0,1.0,19,Secondaire,Union_libre,Oui,Jamais,Moins_1x_sem,Moins_1x_sem,0.6666666666666666,23.0,4.0,Superieur,Oui,Sud_Ouest,Rural
1,1.0,0.0,30,Primaire,Union_libre,Non,Jamais,Au_moins_1x_sem,Moins_1x_sem,1.0,42.0,12.0,Superieur,Non,Sud_Ouest,Rural
0,0.0,0.0,27,Secondaire,Mariee,Non,Jamais,Moins_1x_sem,Au_moins_1x_sem,1.0,35.0,8.0,Superieur,Oui,Sud_Ouest,Rural
1,1.0,1.0,27,Secondaire,Union_libre,Non,Jamais,Moins_1x_sem,Moins_1x_sem,0.6666666666666666,38.0,11.0,Superieur,Non,Sud_Ouest,Rural
1,1.0,0.0,43,Secondaire,Mariee,Non,Jamais,Jamais,Moins_1x_sem,0.3333333333333333,52.0,9.0,Secondaire,Oui,Sud_Ouest,Rural
1,1.0,1.0,33,Primaire,Union_libre,Non,Jamais,Moins_1x_sem,Jamais,0.3333333333333333,40.0,7.0,Secondaire,Oui,Sud_Ouest,Rural
0,0.0,0.0,28,Secondaire,Union_libre,Oui,Jamais,Jamais,Au_moins_1x_sem,0.6666666666666666,32.0,4.0,Superieur,Oui,Sud_Ouest,Rural
0,0.0,0.0,49,Secondaire,Mariee,Non,Jamais,Jamais,Jamais,0.0,61.0,12.0,Secondaire,Non,Sud_Ouest,Rural
0,0.0,0.0,48,Secondaire,Mariee,Non,Moins_1x_sem,Moins_1x_sem,Au_moins_1x_sem,1.3333333333333333,58.0,10.0,Superieur,Non,Est,Urbain
0,0.0,0.0,26,Secondaire,Union_libre,Non,Moins_1x_sem,Moins_1x_sem,Au_moins_1x_sem,1.3333333333333333,34.0,8.0,Superieur,Oui,Est,Urbain
0,0.0,0.0,33,Secondaire,Union_libre,Non,Moins_1x_sem,Au_moins_1x_sem,Au_moins_1x_sem,1.6666666666666667,30.0,-3.0,Superieur,Oui,Est,Urbain
0,0.0,0.0,24,Secondaire,Mariee,Non,Jamais,Au_moins_1x_sem,Au_moins_1x_sem,1.3333333333333333,30.0,6.0,Superieur,Oui,Est,Urbain
1,1.0,0.0,41,Superieur,Union_libre,Non,Au_moins_1x_sem,Au_moins_1x_sem,Au_moins_1x_sem,2.0,43.0,2.0,Superieur,Oui,Est,Urbain
0,0.0,0.0,43,Primaire,Mariee,Non,Jamais,Jamais,Jamais,0.0,95.0,52.0,Secondaire,Oui,Est,Urbain
0,0.0,0.0,24,Secondaire,Union_libre,Non,Jamais,Jamais,Au_moins_1x_sem,0.6666666666666666,29.0,5.0,Superieur,Non,Est,Urbain
0,0.0,0.0,46,Secondaire,Mariee,Non,Jamais,Jamais,Au_moins_1x_sem,0.6666666666666666,54.0,8.0,Superieur,Oui,Est,Urbain
0,0.0,0.0,28,Secondaire,Union_libre,Non,Jamais,Moins_1x_sem,Au_moins_1x_sem,1.0,44.0,16.0,Superieur,Non,Est,Urbain
0,0.0,0.0,29,Secondaire,Mariee,Non,Jamais,Jamais,Au_moins_1x_sem,0.6666666666666666,40.0,11.0,Superieur,Non,Est,Urbain
0,0.0,0.0,26,Superieur,Mariee,Non,Jamais,Moins_1x_sem,Au_moins_1x_sem,1.0,36.0,10.0,Primaire,Oui,Est,Urbain
1,1.0,0.0,25,Secondaire,Mariee,Non,Au_moins_1x_sem,Jamais,Au_moins_1x_sem,1.3333333333333333,33.0,8.0,Secondaire,Oui,Est,Urbain
0,0.0,0.0,40,Primaire,Mariee,Non,Jamais,Jamais,Jamais,0.0,54.0,14.0,Aucun,Non,Est,Urbain
1,1.0,1.0,18,Primaire,Mariee,Non,Jamais,Jamais,Jamais,0.0,26.0,8.0,Secondaire,Oui,Nord_Ouest,Rural
0,0.0,0.0,32,Aucun,Mariee,Non,Jamais,Jamais,Jamais,0.0,43.0,11.0,Aucun,Non,Nord_Ouest,Rural
0,0.0,0.0,25,Aucun,Mariee,Oui,Jamais,Jamais,Jamais,0.0,36.0,11.0,Aucun,Oui,Nord_Ouest,Rural
0,0.0,0.0,25,Aucun,Mariee,Non,Jamais,Jamais,Jamais,0.0,30.0,5.0,Aucun,Non,Nord_Ouest,Rural
0,0.0,0.0,38,Aucun,Separee,Non,Jamais,Jamais,Jamais,0.0,38.0,8.0,Superieur,Non,Nord_Ouest,Rural
0,0.0,0.0,20,Aucun,Mariee,Non,Jamais,Jamais,Jamais,0.0,37.0,17.0,Aucun,Non,Nord_Ouest,Rural
1,1.0,0.0,25,Aucun,Mariee,Non,Jamais,Jamais,Jamais,0.0,61.0,36.0,Aucun,Non,Nord_Ouest,Rural
1,1.0,0.0,24,Primaire,Mariee,Non,Jamais,Jamais,Jamais,0.0,32.0,8.0,Primaire,Non,Nord_Ouest,Rural
0,0.0,0.0,47,Aucun,Mariee,Non,Jamais,Jamais,Jamais,0.0,65.0,18.0,Aucun,Non,Nord_Ouest,Rural
0,0.0,0.0,32,Primaire,Mariee,Non,Jamais,Jamais,Jamais,0.0,30.0,-2.0,Aucun,Oui,Nord_Ouest,Rural
0,0.0,0.0,24,Aucun,Union_libre,Oui,Jamais,Jamais,Jamais,0.0,36.0,12.0,Aucun,Oui,Nord_Ouest,Rural
0,0.0,0.0,28,Primaire,Mariee,Non,Jamais,Jamais,Jamais,0.0,33.0,5.0,Superieur,Oui,Nord_Ouest,Rural
0,0.0,0.0,26,Primaire,Mariee,Non,Jamais,Jamais,Jamais,0.0,31.0,5.0,Aucun,Non,Nord_Ouest,Rural
0,0.0,0.0,18,Aucun,Mariee,Non,Jamais,Jamais,Jamais,0.0,33.0,15.0,Aucun,Non,Nord_Ouest,Rural
0,0.0,0.0,32,Aucun,Mariee,Non,Jamais,Jamais,Jamais,0.0,70.0,38.0,Aucun,Non,Nord_Ouest,Rural
0,0.0,0.0,20,Aucun,Mariee,Oui,Jamais,Jamais,Jamais,0.0,40.0,20.0,Aucun,Oui,Nord_Ouest,Rural
0,0.0,0.0,30,Aucun,Mariee,Oui,Jamais,Jamais,Jamais,0.0,44.0,14.0,Superieur,Non,Nord_Ouest,Rural
1,1.0,0.0,49,Primaire,Mariee,Non,Jamais,Au_moins_1x_sem,Jamais,0.6666666666666666,55.0,6.0,Aucun,Non,Nord_Ouest,Rural
0,0.0,0.0,22,Secondaire,Union_libre,Non,Jamais,Au_moins_1x_sem,Au_moins_1x_sem,1.3333333333333333,38.0,16.0,Superieur,Oui,Nord_Ouest,Rural
1,1.0,0.0,21,Aucun,Mariee,Non,Jamais,Au_moins_1x_sem,Au_moins_1x_sem,1.3333333333333333,37.0,16.0,Aucun,Oui,Nord_Ouest,Rural
1,1.0,1.0,33,Primaire,Mariee,Non,Jamais,Jamais,Jamais,0.0,38.0,5.0,Primaire,Oui,Nord_Ouest,Rural
0,0.0,0.0,22,Primaire,Mariee,Non,Jamais,Jamais,Jamais,0.0,30.0,8.0,Primaire,Non,Nord_Ouest,Rural
1,1.0,0.0,46,Aucun,Mariee,Non,Jamais,Jamais,Jamais,0.0,75.0,29.0,Aucun,Oui,Nord_Ouest,Rural
1,1.0,0.0,37,Primaire,Mariee,Non,Jamais,Moins_1x_sem,Jamais,0.3333333333333333,40.0,3.0,Primaire,Oui,Nord_Ouest,Rural
1,1.0,1.0,35,Primaire,Union_libre,Non,Jamais,Jamais,Jamais,0.0,45.0,10.0,Aucun,Non,Nord_Ouest,Rural
1,1.0,1.0,25,Aucun,Union_libre,Non,Jamais,Jamais,Jamais,0.0,45.0,20.0,Secondaire,Oui,Nord_Ouest,Rural
0,0.0,0.0,18,Primaire,Mariee,Oui,Jamais,Jamais,Jamais,0.0,30.0,12.0,Primaire,Non,Nord_Ouest,Rural
0,0.0,0.0,45,Aucun,Union_libre,Non,Jamais,Jamais,Jamais,0.0,55.0,10.0,Aucun,Oui,Nord_Ouest,Rural
1,1.0,0.0,38,Aucun,Separee,Non,Jamais,Moins_1x_sem,Jamais,0.3333333333333333,38.0,8.0,Superieur,Non,Nord_Ouest,Rural
1,1.0,1.0,30,Aucun,Mariee,Non,Jamais,Jamais,Jamais,0.0,36.0,6.0,Primaire,Oui,Nord_Ouest,Rural
1,1.0,0.0,37,Aucun,Veuve,Non,Jamais,Jamais,Jamais,0.0,38.0,8.0,Superieur,Oui,Nord_Ouest,Rural
1,1.0,1.0,45,Aucun,Mariee,Non,Jamais,Au_moins_1x_sem,Au_moins_1x_sem,1.3333333333333333,55.0,10.0,Primaire,Oui,Nord_Ouest,Rural
1,1.0,1.0,37,Aucun,Mariee,Oui,Jamais,Jamais,Jamais,0.0,51.0,14.0,Secondaire,Oui,Nord_Ouest,Rural
1,1.0,1.0,32,Aucun,Mariee,Non,Jamais,Jamais,Jamais,0.0,45.0,13.0,Superieur,Oui,Nord_Ouest,Rural
0,0.0,0.0,46,Aucun,Mariee,Non,Jamais,Jamais,Jamais,0.0,71.0,25.0,Aucun,Non,Nord_Ouest,Rural
1,1.0,1.0,18,Secondaire,Union_libre,Non,Jamais,Jamais,Jamais,0.0,24.0,6.0,Superieur,Non,Nord_Ouest,Rural
0,0.0,0.0,15,Secondaire,Mariee,Non,Jamais,Jamais,Jamais,0.0,25.0,10.0,Aucun,Non,Nord_Ouest,Rural
1,1.0,1.0,39,Aucun,Union_libre,Non,Jamais,Jamais,Jamais,0.0,44.0,5.0,Primaire,Oui,Nord_Ouest,Rural
1,1.0,0.0,27,Aucun,Mariee,Oui,Jamais,Jamais,Jamais,0.0,40.0,13.0,Aucun,Non,Nord_Ouest,Rural
0,0.0,0.0,17,Primaire,Mariee,Oui,Jamais,Jamais,Jamais,0.0,25.0,8.0,Secondaire,Non,Nord_Ouest,Rural
0,0.0,0.0,24,Secondaire,Mariee,Non,Jamais,Jamais,Jamais,0.0,39.0,15.0,Secondaire,Non,Nord_Ouest,Rural
0,0.0,0.0,45,Aucun,Mariee,Non,Jamais,Jamais,Jamais,0.0,49.0,4.0,Aucun,Non,Nord_Ouest,Rural
1,1.0,1.0,43,Aucun,Union_libre,Non,Jamais,Jamais,Jamais,0.0,55.0,12.0,Primaire,Oui,Nord_Ouest,Rural
1,1.0,1.0,40,Primaire,Divorcee,Non,Jamais,Jamais,Jamais,0.0,38.0,8.0,Superieur,Oui,Nord_Ouest,Rural
1,1.0,1.0,25,Aucun,Mariee,Non,Jamais,Moins_1x_sem,Jamais,0.3333333333333333,43.0,18.0,Aucun,Non,Nord_Ouest,Rural
0,0.0,0.0,29,Aucun,Mariee,Non,Jamais,Jamais,Jamais,0.0,51.0,22.0,Secondaire,Non,Nord_Ouest,Rural
1,1.0,0.0,26,Aucun,Mariee,Non,Jamais,Jamais,Jamais,0.0,32.0,6.0,Aucun,Oui,Nord_Ouest,Rural
0,0.0,0.0,18,Aucun,Union_libre,Non,Jamais,Jamais,Jamais,0.0,25.0,7.0,Aucun,Non,Nord_Ouest,Rural
1,1.0,0.0,22,Aucun,Mariee,Non,Jamais,Jamais,Jamais,0.0,35.0,13.0,Aucun,Non,Nord_Ouest,Rural
0,0.0,0.0,20,Aucun,Veuve,Non,Jamais,Jamais,Jamais,0.0,38.0,8.0,Superieur,Non,Nord_Ouest,Rural
1,1.0,1.0,45,Primaire,Mariee,Non,Jamais,Jamais,Jamais,0.0,50.0,5.0,Aucun,Non,Nord_Ouest,Rural
0,0.0,0.0,18,Aucun,Mariee,Oui,Jamais,Jamais,Jamais,0.0,20.0,2.0,Aucun,Non,Nord_Ouest,Rural
0,0.0,0.0,27,Aucun,Mariee,Oui,Jamais,Jamais,Jamais,0.0,36.0,9.0,Aucun,Non,Nord_Ouest,Rural
1,1.0,0.0,40,Aucun,Mariee,Non,Jamais,Jamais,Jamais,0.0,52.0,12.0,Aucun,Non,Nord_Ouest,Rural
1,1.0,0.0,45,Primaire,Mariee,Non,Jamais,Moins_1x_sem,Moins_1x_sem,0.6666666666666666,63.0,18.0,Aucun,Non,Nord_Ouest,Rural
0,0.0,0.0,19,Aucun,Mariee,Non,Jamais,Jamais,Jamais,0.0,50.0,31.0,Aucun,Non,Nord_Ouest,Rural
0,0.0,0.0,19,Aucun,Mariee,Oui,Jamais,Jamais,Jamais,0.0,35.0,16.0,Aucun,Non,Nord_Ouest,Rural
1,1.0,1.0,29,Aucun,Mariee,Non,Jamais,Jamais,Jamais,0.0,39.0,10.0,Aucun,Oui,Nord_Ouest,Rural
0,0.0,0.0,16,Primaire,Mariee,Non,Jamais,Moins_1x_sem,Jamais,0.3333333333333333,25.0,9.0,Primaire,Non,Nord_Ouest,Rural
0,0.0,0.0,34,Aucun,Mariee,Non,Jamais,Jamais,Jamais,0.0,53.0,19.0,Aucun,Non,Nord_Ouest,Rural
0,0.0,0.0,25,Aucun,Mariee,Non,Jamais,Jamais,Jamais,0.0,43.0,18.0,Aucun,Non,Nord_Ouest,Rural
0,0.0,0.0,18,Aucun,Mariee,Non,Jamais,Jamais,Jamais,0.0,27.0,9.0,Primaire,Non,Nord_Ouest,Rural
1,1.0,1.0,34,Aucun,Mariee,Non,Jamais,Jamais,Jamais,0.0,55.0,21.0,Aucun,Non,Nord_Ouest,Rural
0,0.0,0.0,25,Aucun,Mariee,Non,Jamais,Jamais,Jamais,0.0,47.0,22.0,Primaire,Non,Nord_Ouest,Rural
0,0.0,0.0,25,Aucun,Mariee,Non,Jamais,Moins_1x_sem,Jamais,0.3333333333333333,68.0,43.0,Aucun,Non,Nord_Ouest,Rural
0,0.0,0.0,30,Aucun,Mariee,Non,Jamais,Jamais,Jamais,0.0,47.0,17.0,Aucun,Non,Nord_Ouest,Rural
0,0.0,0.0,33,Aucun,Mariee,Non,Jamais,Au_moins_1x_sem,Jamais,0.6666666666666666,36.0,3.0,Aucun,Non,Nord_Ouest,Rural
1,1.0,0.0,25,Aucun,Mariee,Non,Jamais,Jamais,Jamais,0.0,40.0,15.0,Aucun,Non,Nord_Ouest,Rural
0,0.0,0.0,39,Aucun,Mariee,Non,Jamais,Au_moins_1x_sem,Jamais,0.6666666666666666,50.0,11.0,Aucun,Non,Nord_Ouest,Rural
0,0.0,0.0,21,Aucun,Mariee,Oui,Jamais,Jamais,Jamais,0.0,30.0,9.0,Aucun,Non,Nord_Ouest,Rural
1,1.0,1.0,28,Aucun,Union_libre,Non,Jamais,Jamais,Jamais,0.0,26.0,-2.0,Primaire,Oui,Nord_Ouest,Rural
1,1.0,0.0,20,Aucun,Mariee,Non,Jamais,Moins_1x_sem,Jamais,0.3333333333333333,27.0,7.0,Aucun,Non,Nord_Ouest,Rural
1,1.0,0.0,30,Superieur,Union_libre,Non,Jamais,Moins_1x_sem,Au_moins_1x_sem,1.0,37.0,7.0,Superieur,Oui,Est,Urbain
1,1.0,1.0,31,Secondaire,Separee,Non,Jamais,Jamais,Au_moins_1x_sem,0.6666666666666666,38.0,8.0,Superieur,Oui,Est,Urbain
1,1.0,0.0,49,Secondaire,Mariee,Non,Moins_1x_sem,Au_moins_1x_sem,Au_moins_1x_sem,1.6666666666666667,50.0,1.0,Superieur,Oui,Est,Urbain
0,0.0,0.0,36,Secondaire,Separee,Non,Jamais,Moins_1x_sem,Au_moins_1x_sem,1.0,38.0,8.0,Superieur,Oui,Est,Urbain
0,0.0,0.0,35,Secondaire,Separee,Non,Au_moins_1x_sem,Au_moins_1x_sem,Moins_1x_sem,1.6666666666666667,38.0,8.0,Superieur,Non,Est,Urbain
1,1.0,1.0,33,Secondaire,Mariee,Non,Au_moins_1x_sem,Au_moins_1x_sem,Au_moins_1x_sem,2.0,36.0,3.0,Superieur,Oui,Est,Urbain
0,0.0,0.0,25,Secondaire,Separee,Non,Jamais,Au_moins_1x_sem,Au_moins_1x_sem,1.3333333333333333,38.0,8.0,Superieur,Non,Est,Urbain
0,0.0,0.0,31,Superieur,Mariee,Non,Jamais,Jamais,Au_moins_1x_sem,0.6666666666666666,33.0,2.0,Superieur,Oui,Est,Urbain
1,1.0,0.0,35,Secondaire,Mariee,Non,Au_moins_1x_sem,Au_moins_1x_sem,Au_moins_1x_sem,2.0,45.0,10.0,Superieur,Oui,Est,Urbain
0,0.0,0.0,25,Secondaire,Union_libre,Non,Jamais,Moins_1x_sem,Au_moins_1x_sem,1.0,37.0,12.0,Superieur,Non,Est,Urbain
0,0.0,0.0,27,Secondaire,Union_libre,Non,Jamais,Jamais,Au_moins_1x_sem,0.6666666666666666,30.0,3.0,Superieur,Oui,Est,Urbain
1,1.0,0.0,28,Primaire,Mariee,Non,Jamais,Moins_1x_sem,Au_moins_1x_sem,1.0,38.0,10.0,Superieur,Non,Est,Urbain
0,0.0,0.0,38,Secondaire,Union_libre,Non,Jamais,Au_moins_1x_sem,Au_moins_1x_sem,1.3333333333333333,40.0,2.0,Superieur,Oui,Est,Urbain
1,1.0,0.0,25,Primaire,Mariee,Non,Moins_1x_sem,Moins_1x_sem,Moins_1x_sem,1.0,35.0,10.0,Superieur,Oui,Nord,Rural
0,0.0,0.0,38,Primaire,Mariee,Non,Jamais,Jamais,Jamais,0.0,54.0,16.0,Superieur,Non,Nord,Rural
0,0.0,0.0,38,Primaire,Mariee,Non,Moins_1x_sem,Moins_1x_sem,Au_moins_1x_sem,1.3333333333333333,42.0,4.0,Superieur,Non,Nord,Rural
0,0.0,0.0,44,Secondaire,Mariee,Non,Jamais,Moins_1x_sem,Moins_1x_sem,0.6666666666666666,48.0,4.0,Secondaire,Oui,Nord,Rural
0,0.0,0.0,20,Secondaire,Union_libre,Non,Jamais,Jamais,Au_moins_1x_sem,0.6666666666666666,33.0,13.0,Superieur,Non,Nord,Rural
0,0.0,0.0,24,Secondaire,Mariee,Non,Au_moins_1x_sem,Au_moins_1x_sem,Moins_1x_sem,1.6666666666666667,39.0,15.0,Superieur,Non,Nord,Rural
1,1.0,0.0,48,Primaire,Mariee,Non,Jamais,Jamais,Moins_1x_sem,0.3333333333333333,52.0,4.0,Superieur,Oui,Nord,Rural
0,0.0,0.0,45,Secondaire,Mariee,Non,Jamais,Jamais,Moins_1x_sem,0.3333333333333333,52.0,7.0,Superieur,Oui,Nord,Rural
0,0.0,0.0,26,Secondaire,Union_libre,Non,Jamais,Jamais,Au_moins_1x_sem,0.6666666666666666,27.0,1.0,Superieur,Non,Nord,Rural
1,1.0,0.0,26,Secondaire,Mariee,Non,Jamais,Jamais,Moins_1x_sem,0.3333333333333333,30.0,4.0,Secondaire,Oui,Nord,Rural
1,1.0,0.0,29,Primaire,Mariee,Non,Jamais,Jamais,Jamais,0.0,37.0,8.0,Secondaire,Non,Nord,Rural
0,0.0,0.0,31,Secondaire,Mariee,Oui,Moins_1x_sem,Au_moins_1x_sem,Moins_1x_sem,1.3333333333333333,46.0,15.0,Secondaire,Oui,Nord,Rural
0,0.0,0.0,48,Primaire,Mariee,Non,Jamais,Jamais,Jamais,0.0,53.0,5.0,Primaire,Oui,Nord,Rural
0,0.0,0.0,25,Secondaire,Mariee,Non,Moins_1x_sem,Au_moins_1x_sem,Au_moins_1x_sem,1.6666666666666667,36.0,11.0,Superieur,Non,Littoral,Urbain
1,1.0,1.0,30,Primaire,Divorcee,Non,Au_moins_1x_sem,Moins_1x_sem,Au_moins_1x_sem,1.6666666666666667,38.0,8.0,Superieur,Non,Littoral,Urbain
1,1.0,0.0,46,Superieur,Separee,Non,Moins_1x_sem,Moins_1x_sem,Au_moins_1x_sem,1.3333333333333333,38.0,8.0,Superieur,Oui,Littoral,Urbain
0,0.0,0.0,32,Secondaire,Mariee,Non,Au_moins_1x_sem,Au_moins_1x_sem,Au_moins_1x_sem,2.0,38.0,6.0,Superieur,Non,Littoral,Urbain
0,0.0,0.0,18,Secondaire,Mariee,Oui,Moins_1x_sem,Jamais,Au_moins_1x_sem,1.0,26.0,8.0,Superieur,Non,Littoral,Urbain
0,0.0,0.0,35,Superieur,Union_libre,Non,Au_moins_1x_sem,Au_moins_1x_sem,Au_moins_1x_sem,2.0,45.0,10.0,Superieur,Non,Littoral,Urbain
0,0.0,0.0,44,Primaire,Mariee,Non,Moins_1x_sem,Au_moins_1x_sem,Au_moins_1x_sem,1.6666666666666667,60.0,16.0,Superieur,Non,Littoral,Urbain
0,0.0,0.0,21,Aucun,Mariee,Non,Jamais,Jamais,Jamais,0.0,30.0,9.0,Primaire,Non,Littoral,Rural
0,0.0,0.0,30,Aucun,Mariee,Non,Jamais,Jamais,Jamais,0.0,34.0,4.0,Primaire,Non,Littoral,Rural
0,0.0,0.0,32,Aucun,Mariee,Non,Jamais,Jamais,Jamais,0.0,50.0,18.0,Secondaire,Oui,Littoral,Rural
0,0.0,0.0,20,Aucun,Mariee,Oui,Jamais,Jamais,Jamais,0.0,26.0,6.0,Secondaire,Non,Littoral,Rural
0,0.0,0.0,21,Primaire,Mariee,Non,Jamais,Jamais,Jamais,0.0,30.0,9.0,Superieur,Non,Littoral,Rural
0,0.0,0.0,28,Primaire,Mariee,Non,Jamais,Jamais,Jamais,0.0,32.0,4.0,Superieur,Non,Littoral,Rural
0,0.0,0.0,19,Aucun,Mariee,Non,Jamais,Jamais,Jamais,0.0,60.0,41.0,Aucun,Non,Littoral,Rural
0,0.0,0.0,21,Aucun,Mariee,Non,Jamais,Jamais,Jamais,0.0,26.0,5.0,Aucun,Non,Littoral,Rural
0,0.0,0.0,18,Aucun,Mariee,Oui,Jamais,Jamais,Jamais,0.0,30.0,12.0,Aucun,Non,Littoral,Rural
0,0.0,0.0,40,Aucun,Mariee,Non,Jamais,Jamais,Jamais,0.0,60.0,20.0,Aucun,Non,Littoral,Rural
0,0.0,0.0,22,Aucun,Mariee,Non,Jamais,Jamais,Jamais,0.0,29.0,7.0,Secondaire,Non,Littoral,Rural
0,0.0,0.0,30,Aucun,Mariee,Non,Jamais,Jamais,Jamais,0.0,63.0,33.0,Aucun,Non,Littoral,Rural
1,1.0,0.0,38,Primaire,Mariee,Non,Jamais,Jamais,Jamais,0.0,40.0,2.0,Secondaire,Non,Littoral,Rural
0,0.0,0.0,45,Aucun,Mariee,Non,Jamais,Jamais,Jamais,0.0,52.0,7.0,Aucun,Non,Littoral,Rural
1,1.0,1.0,32,Primaire,Union_libre,Non,Jamais,Jamais,Jamais,0.0,35.0,3.0,Secondaire,Oui,Extreme_Nord,Urbain
1,1.0,0.0,40,Secondaire,Union_libre,Non,Jamais,Jamais,Au_moins_1x_sem,0.6666666666666666,44.0,4.0,Superieur,Oui,Extreme_Nord,Urbain
1,1.0,0.0,18,Primaire,Union_libre,Non,Jamais,Jamais,Au_moins_1x_sem,0.6666666666666666,21.0,3.0,Secondaire,Oui,Extreme_Nord,Urbain
0,0.0,0.0,21,Secondaire,Mariee,Non,Au_moins_1x_sem,Au_moins_1x_sem,Au_moins_1x_sem,2.0,32.0,11.0,Superieur,Non,Extreme_Nord,Urbain
0,0.0,0.0,28,Primaire,Mariee,Oui,Au_moins_1x_sem,Au_moins_1x_sem,Au_moins_1x_sem,2.0,36.0,8.0,Secondaire,Non,Extreme_Nord,Urbain
1,1.0,0.0,22,Aucun,Mariee,Non,Jamais,Jamais,Jamais,0.0,41.0,19.0,Secondaire,Non,Extreme_Nord,Urbain
0,0.0,0.0,42,Aucun,Mariee,Non,Jamais,Jamais,Au_moins_1x_sem,0.6666666666666666,60.0,18.0,Aucun,Non,Extreme_Nord,Urbain
0,0.0,0.0,30,Secondaire,Mariee,Oui,Au_moins_1x_sem,Au_moins_1x_sem,Au_moins_1x_sem,2.0,32.0,2.0,Superieur,Non,Extreme_Nord,Urbain
0,0.0,0.0,19,Aucun,Union_libre,Oui,Jamais,Au_moins_1x_sem,Jamais,0.6666666666666666,28.0,9.0,Primaire,Non,Extreme_Nord,Urbain
0,0.0,0.0,18,Primaire,Mariee,Non,Moins_1x_sem,Moins_1x_sem,Au_moins_1x_sem,1.3333333333333333,35.0,17.0,Primaire,Non,Extreme_Nord,Urbain
1,1.0,1.0,25,Secondaire,Mariee,Non,Jamais,Au_moins_1x_sem,Jamais,0.6666666666666666,25.0,0.0,Primaire,Oui,Nord,Rural
0,0.0,0.0,23,Secondaire,Union_libre,Non,Jamais,Jamais,Jamais,0.0,28.0,5.0,Superieur,Oui,Nord,Rural
1,1.0,0.0,31,Primaire,Mariee,Non,Jamais,Jamais,Au_moins_1x_sem,0.6666666666666666,39.0,8.0,Secondaire,Oui,Nord,Rural
0,0.0,0.0,38,Primaire,Union_libre,Non,Jamais,Jamais,Jamais,0.0,44.0,6.0,Superieur,Oui,Nord,Rural
1,1.0,0.0,34,Primaire,Mariee,Non,Jamais,Jamais,Jamais,0.0,40.0,6.0,Secondaire,Oui,Nord,Rural
0,0.0,0.0,29,Primaire,Union_libre,Oui,Jamais,Jamais,Jamais,0.0,36.0,7.0,Secondaire,Oui,Nord,Rural
1,1.0,1.0,35,Primaire,Mariee,Non,Jamais,Jamais,Jamais,0.0,48.0,13.0,Superieur,Oui,Nord,Rural
0,0.0,0.0,34,Secondaire,Mariee,Non,Jamais,Jamais,Jamais,0.0,38.0,4.0,Secondaire,Non,Nord,Rural
1,1.0,0.0,29,Secondaire,Mariee,Oui,Jamais,Jamais,Jamais,0.0,36.0,7.0,Superieur,Oui,Nord,Rural
1,1.0,0.0,25,Secondaire,Union_libre,Non,Jamais,Au_moins_1x_sem,Au_moins_1x_sem,1.3333333333333333,32.0,7.0,Secondaire,Oui,Littoral,Urbain
0,0.0,0.0,38,Secondaire,Mariee,Non,Jamais,Au_moins_1x_sem,Au_moins_1x_sem,1.3333333333333333,38.0,0.0,Superieur,Non,Littoral,Urbain
0,0.0,0.0,32,Superieur,Union_libre,Non,Au_moins_1x_sem,Au_moins_1x_sem,Au_moins_1x_sem,2.0,38.0,6.0,Superieur,Oui,Littoral,Urbain
0,0.0,0.0,19,Superieur,Union_libre,Non,Moins_1x_sem,Moins_1x_sem,Au_moins_1x_sem,1.3333333333333333,26.0,7.0,Superieur,Oui,Littoral,Urbain
1,1.0,1.0,28,Primaire,Union_libre,Oui,Au_moins_1x_sem,Au_moins_1x_sem,Au_moins_1x_sem,2.0,38.0,10.0,Secondaire,Oui,Littoral,Urbain
1,1.0,1.0,32,Secondaire,Mariee,Non,Jamais,Au_moins_1x_sem,Au_moins_1x_sem,1.3333333333333333,34.0,2.0,Superieur,Non,Littoral,Urbain
0,0.0,0.0,29,Secondaire,Mariee,Non,Jamais,Au_moins_1x_sem,Au_moins_1x_sem,1.3333333333333333,38.0,9.0,Superieur,Non,Littoral,Urbain
1,1.0,0.0,25,Secondaire,Union_libre,Non,Jamais,Moins_1x_sem,Jamais,0.3333333333333333,29.0,4.0,Superieur,Oui,Littoral,Urbain
0,0.0,0.0,31,Primaire,Mariee,Non,Jamais,Jamais,Au_moins_1x_sem,0.6666666666666666,43.0,12.0,Superieur,Non,Littoral,Urbain
0,0.0,0.0,28,Superieur,Union_libre,Non,Au_moins_1x_sem,Au_moins_1x_sem,Au_moins_1x_sem,2.0,33.0,5.0,Superieur,Oui,Littoral,Urbain
0,0.0,0.0,26,Secondaire,Union_libre,Non,Au_moins_1x_sem,Au_moins_1x_sem,Au_moins_1x_sem,2.0,30.0,4.0,Superieur,Oui,Littoral,Urbain
0,0.0,0.0,23,Primaire,Mariee,Non,Jamais,Jamais,Jamais,0.0,30.0,7.0,Superieur,Non,Extreme_Nord,Rural
0,0.0,0.0,26,Primaire,Mariee,Oui,Jamais,Jamais,Jamais,0.0,28.0,2.0,Primaire,Non,Extreme_Nord,Rural
0,0.0,0.0,23,Aucun,Mariee,Non,Jamais,Jamais,Jamais,0.0,26.0,3.0,Aucun,Non,Extreme_Nord,Rural
0,0.0,0.0,37,Primaire,Mariee,Non,Jamais,Jamais,Jamais,0.0,38.0,1.0,Superieur,Non,Extreme_Nord,Rural
0,0.0,0.0,47,Secondaire,Mariee,Non,Jamais,Moins_1x_sem,Moins_1x_sem,0.6666666666666666,50.0,3.0,Superieur,Oui,Extreme_Nord,Rural
0,0.0,0.0,15,Aucun,Mariee,Non,Jamais,Jamais,Jamais,0.0,54.0,39.0,Aucun,Non,Extreme_Nord,Rural
0,0.0,0.0,22,Aucun,Separee,Non,Jamais,Jamais,Jamais,0.0,38.0,8.0,Superieur,Non,Extreme_Nord,Rural
1,1.0,1.0,22,Primaire,Mariee,Non,Jamais,Jamais,Moins_1x_sem,0.3333333333333333,26.0,4.0,Superieur,Oui,Extreme_Nord,Rural
0,0.0,0.0,22,Primaire,Mariee,Non,Jamais,Jamais,Jamais,0.0,26.0,4.0,Superieur,Non,Extreme_Nord,Rural
0,0.0,0.0,30,Aucun,Mariee,Non,Jamais,Jamais,Jamais,0.0,40.0,10.0,Aucun,Non,Extreme_Nord,Rural
0,0.0,0.0,45,Aucun,Mariee,Non,Jamais,Jamais,Jamais,0.0,39.0,-6.0,Aucun,Non,Extreme_Nord,Rural
1,1.0,0.0,23,Primaire,Mariee,Non,Jamais,Jamais,Jamais,0.0,31.0,8.0,Superieur,Oui,Extreme_Nord,Rural
0,0.0,0.0,15,Aucun,Mariee,Non,Jamais,Jamais,Jamais,0.0,40.0,25.0,Aucun,Non,Extreme_Nord,Rural
0,0.0,0.0,41,Secondaire,Mariee,Non,Moins_1x_sem,Au_moins_1x_sem,Au_moins_1x_sem,1.6666666666666667,49.0,8.0,Secondaire,Non,Nord,Rural
0,0.0,0.0,28,Secondaire,Mariee,Non,Jamais,Jamais,Au_moins_1x_sem,0.6666666666666666,38.0,10.0,Superieur,Non,Nord,Rural
1,1.0,0.0,45,Primaire,Mariee,Non,Jamais,Moins_1x_sem,Jamais,0.3333333333333333,54.0,9.0,Secondaire,Oui,Nord,Rural
0,0.0,0.0,22,Secondaire,Union_libre,Non,Jamais,Jamais,Au_moins_1x_sem,0.6666666666666666,34.0,12.0,Aucun,Oui,Nord,Rural
0,0.0,0.0,49,Primaire,Mariee,Non,Moins_1x_sem,Jamais,Jamais,0.3333333333333333,58.0,9.0,Primaire,Oui,Nord,Rural
1,1.0,0.0,40,Secondaire,Mariee,Non,Jamais,Jamais,Jamais,0.0,39.0,-1.0,Superieur,Oui,Nord,Rural
0,0.0,0.0,24,Primaire,Union_libre,Non,Jamais,Jamais,Jamais,0.0,29.0,5.0,Superieur,Non,Extreme_Nord,Rural
1,1.0,0.0,24,Secondaire,Union_libre,Oui,Jamais,Au_moins_1x_sem,Jamais,0.6666666666666666,29.0,5.0,Superieur,Oui,Extreme_Nord,Rural
1,1.0,0.0,34,Secondaire,Mariee,Non,Moins_1x_sem,Jamais,Jamais,0.3333333333333333,52.0,18.0,Superieur,Oui,Extreme_Nord,Rural
0,0.0,0.0,28,Secondaire,Mariee,Non,Moins_1x_sem,Moins_1x_sem,Au_moins_1x_sem,1.3333333333333333,28.0,0.0,Superieur,Non,Extreme_Nord,Rural
0,0.0,0.0,31,Primaire,Mariee,Non,Moins_1x_sem,Moins_1x_sem,Moins_1x_sem,1.0,34.0,3.0,Superieur,Oui,Extreme_Nord,Rural
1,1.0,0.0,41,Secondaire,Veuve,Non,Jamais,Jamais,Jamais,0.0,38.0,8.0,Superieur,Oui,Extreme_Nord,Rural
0,0.0,0.0,48,Secondaire,Mariee,Non,Jamais,Jamais,Jamais,0.0,51.0,3.0,Secondaire,Non,Extreme_Nord,Rural
1,1.0,0.0,25,Secondaire,Mariee,Non,Jamais,Jamais,Au_moins_1x_sem,0.6666666666666666,33.0,8.0,Superieur,Oui,Littoral,Urbain
0,0.0,0.0,35,Secondaire,Mariee,Non,Moins_1x_sem,Au_moins_1x_sem,Au_moins_1x_sem,1.6666666666666667,45.0,10.0,Superieur,Oui,Littoral,Urbain
0,0.0,0.0,32,Secondaire,Mariee,Non,Moins_1x_sem,Au_moins_1x_sem,Au_moins_1x_sem,1.6666666666666667,36.0,4.0,Superieur,Oui,Littoral,Urbain
0,0.0,0.0,26,Secondaire,Mariee,Non,Moins_1x_sem,Jamais,Au_moins_1x_sem,1.0,32.0,6.0,Secondaire,Oui,Littoral,Urbain
1,1.0,0.0,49,Secondaire,Mariee,Non,Au_moins_1x_sem,Au_moins_1x_sem,Au_moins_1x_sem,2.0,50.0,1.0,Superieur,Oui,Littoral,Urbain
1,1.0,0.0,34,Secondaire,Mariee,Non,Moins_1x_sem,Au_moins_1x_sem,Au_moins_1x_sem,1.6666666666666667,44.0,10.0,Superieur,Oui,Littoral,Urbain
1,1.0,0.0,30,Secondaire,Mariee,Non,Moins_1x_sem,Jamais,Au_moins_1x_sem,1.0,40.0,10.0,Superieur,Oui,Nord,Urbain
0,0.0,0.0,44,Superieur,Mariee,Non,Jamais,Jamais,Au_moins_1x_sem,0.6666666666666666,50.0,6.0,Superieur,Non,Nord,Urbain
0,0.0,0.0,22,Secondaire,Union_libre,Non,Jamais,Moins_1x_sem,Au_moins_1x_sem,1.0,27.0,5.0,Superieur,Non,Nord,Urbain
1,1.0,0.0,33,Secondaire,Mariee,Oui,Moins_1x_sem,Moins_1x_sem,Au_moins_1x_sem,1.3333333333333333,35.0,2.0,Superieur,Oui,Nord,Urbain
1,1.0,0.0,34,Secondaire,Mariee,Non,Au_moins_1x_sem,Jamais,Au_moins_1x_sem,1.3333333333333333,40.0,6.0,Secondaire,Oui,Nord,Urbain
1,1.0,0.0,28,Secondaire,Mariee,Non,Jamais,Jamais,Au_moins_1x_sem,0.6666666666666666,39.0,11.0,Superieur,Oui,Nord,Urbain
0,0.0,0.0,44,Secondaire,Mariee,Non,Jamais,Jamais,Au_moins_1x_sem,0.6666666666666666,44.0,0.0,Superieur,Non,Nord,Urbain
0,0.0,0.0,34,Primaire,Mariee,Non,Jamais,Au_moins_1x_sem,Au_moins_1x_sem,1.3333333333333333,49.0,15.0,Secondaire,Oui,Nord,Urbain
0,0.0,0.0,36,Superieur,Mariee,Non,Au_moins_1x_sem,Au_moins_1x_sem,Au_moins_1x_sem,2.0,41.0,5.0,Superieur,Non,Nord,Urbain
0,0.0,0.0,29,Secondaire,Mariee,Non,Moins_1x_sem,Jamais,Au_moins_1x_sem,1.0,35.0,6.0,Superieur,Non,Nord_Ouest,Urbain
0,0.0,0.0,24,Primaire,Mariee,Oui,Jamais,Moins_1x_sem,Au_moins_1x_sem,1.0,35.0,11.0,Superieur,Non,Nord_Ouest,Urbain
1,1.0,1.0,40,Aucun,Mariee,Non,Jamais,Jamais,Jamais,0.0,50.0,10.0,Aucun,Oui,Nord_Ouest,Urbain
1,1.0,0.0,32,Primaire,Mariee,Non,Jamais,Jamais,Moins_1x_sem,0.3333333333333333,43.0,11.0,Superieur,Non,Nord_Ouest,Urbain
1,1.0,1.0,46,Primaire,Mariee,Non,Jamais,Au_moins_1x_sem,Jamais,0.6666666666666666,54.0,8.0,Superieur,Non,Nord_Ouest,Urbain
1,1.0,1.0,30,Secondaire,Mariee,Non,Jamais,Jamais,Jamais,0.0,42.0,12.0,Superieur,Non,Nord_Ouest,Urbain
0,0.0,0.0,27,Primaire,Mariee,Non,Jamais,Jamais,Moins_1x_sem,0.3333333333333333,35.0,8.0,Primaire,Non,Nord_Ouest,Urbain
0,0.0,0.0,20,Secondaire,Mariee,Oui,Jamais,Jamais,Jamais,0.0,30.0,10.0,Superieur,Oui,Nord_Ouest,Urbain
0,0.0,0.0,29,Primaire,Mariee,Non,Jamais,Jamais,Jamais,0.0,33.0,4.0,Aucun,Non,Nord_Ouest,Urbain
0,0.0,0.0,19,Secondaire,Mariee,Non,Jamais,Moins_1x_sem,Moins_1x_sem,0.6666666666666666,42.0,23.0,Secondaire,Oui,Nord_Ouest,Urbain
0,0.0,0.0,21,Secondaire,Mariee,Non,Moins_1x_sem,Jamais,Au_moins_1x_sem,1.0,25.0,4.0,Superieur,Non,Nord_Ouest,Urbain
0,0.0,0.0,24,Secondaire,Mariee,Non,Jamais,Moins_1x_sem,Au_moins_1x_sem,1.0,34.0,10.0,Superieur,Non,Nord_Ouest,Urbain
0,0.0,0.0,17,Secondaire,Mariee,Non,Jamais,Au_moins_1x_sem,Moins_1x_sem,1.0,27.0,10.0,Superieur,Non,Nord_Ouest,Urbain
0,0.0,0.0,48,Aucun,Mariee,Non,Jamais,Moins_1x_sem,Moins_1x_sem,0.6666666666666666,55.0,7.0,Primaire,Non,Littoral,Urbain
0,0.0,0.0,39,Secondaire,Mariee,Non,Jamais,Moins_1x_sem,Au_moins_1x_sem,1.0,45.0,6.0,Superieur,Non,Littoral,Urbain
0,0.0,0.0,31,Primaire,Mariee,Non,Jamais,Jamais,Au_moins_1x_sem,0.6666666666666666,45.0,14.0,Primaire,Non,Littoral,Urbain
1,1.0,0.0,40,Secondaire,Mariee,Non,Jamais,Au_moins_1x_sem,Au_moins_1x_sem,1.3333333333333333,44.0,4.0,Superieur,Oui,Littoral,Urbain
0,0.0,0.0,27,Primaire,Mariee,Non,Moins_1x_sem,Moins_1x_sem,Moins_1x_sem,1.0,32.0,5.0,Superieur,Non,Littoral,Urbain
0,0.0,0.0,29,Aucun,Mariee,Oui,Jamais,Jamais,Jamais,0.0,46.0,17.0,Superieur,Non,Littoral,Urbain
0,0.0,0.0,24,Secondaire,Mariee,Oui,Jamais,Jamais,Au_moins_1x_sem,0.6666666666666666,34.0,10.0,Aucun,Oui,Littoral,Urbain
0,0.0,0.0,30,Aucun,Union_libre,Non,Jamais,Jamais,Moins_1x_sem,0.3333333333333333,40.0,10.0,Aucun,Non,Littoral,Urbain
0,0.0,0.0,30,Aucun,Mariee,Non,Jamais,Jamais,Moins_1x_sem,0.3333333333333333,44.0,14.0,Superieur,Non,Littoral,Urbain
0,0.0,0.0,25,Primaire,Mariee,Non,Jamais,Jamais,Au_moins_1x_sem,0.6666666666666666,43.0,18.0,Superieur,Oui,Littoral,Urbain
0,0.0,0.0,26,Primaire,Mariee,Non,Jamais,Jamais,Jamais,0.0,35.0,9.0,Primaire,Non,Littoral,Urbain
0,0.0,0.0,23,Secondaire,Mariee,Non,Jamais,Jamais,Au_moins_1x_sem,0.6666666666666666,32.0,9.0,Superieur,Non,Littoral,Urbain
0,0.0,0.0,17,Primaire,Mariee,Oui,Jamais,Moins_1x_sem,Au_moins_1x_sem,1.0,31.0,14.0,Superieur,Non,Littoral,Urbain
0,0.0,0.0,20,Aucun,Mariee,Non,Jamais,Jamais,Au_moins_1x_sem,0.6666666666666666,27.0,7.0,Primaire,Non,Littoral,Urbain
0,0.0,0.0,36,Primaire,Mariee,Non,Jamais,Jamais,Au_moins_1x_sem,0.6666666666666666,40.0,4.0,Superieur,Non,Sud,Rural
0,0.0,0.0,29,Aucun,Mariee,Non,Jamais,Jamais,Jamais,0.0,34.0,5.0,Aucun,Non,Sud,Rural
0,0.0,0.0,36,Secondaire,Mariee,Non,Moins_1x_sem,Moins_1x_sem,Au_moins_1x_sem,1.3333333333333333,44.0,8.0,Superieur,Non,Sud,Rural
0,0.0,0.0,27,Secondaire,Mariee,Non,Jamais,Jamais,Au_moins_1x_sem,0.6666666666666666,33.0,6.0,Secondaire,Oui,Sud,Rural
0,0.0,0.0,42,Secondaire,Mariee,Non,Jamais,Jamais,Au_moins_1x_sem,0.6666666666666666,50.0,8.0,Superieur,Non,Sud,Rural
0,0.0,0.0,40,Primaire,Mariee,Non,Jamais,Jamais,Moins_1x_sem,0.3333333333333333,71.0,31.0,Secondaire,Oui,Sud,Rural
0,0.0,0.0,34,Secondaire,Mariee,Non,Jamais,Jamais,Jamais,0.0,38.0,4.0,Primaire,Oui,Sud,Rural
0,0.0,0.0,20,Secondaire,Separee,Non,Jamais,Moins_1x_sem,Moins_1x_sem,0.6666666666666666,38.0,8.0,Superieur,Oui,Sud,Rural
1,1.0,0.0,27,Primaire,Mariee,Non,Jamais,Moins_1x_sem,Moins_1x_sem,0.6666666666666666,30.0,3.0,Superieur,Oui,Adamaoua,Urbain
0,0.0,0.0,22,Secondaire,Mariee,Oui,Moins_1x_sem,Jamais,Au_moins_1x_sem,1.0,29.0,7.0,Secondaire,Non,Adamaoua,Urbain
1,1.0,0.0,30,Aucun,Mariee,Non,Jamais,Jamais,Jamais,0.0,38.0,8.0,Aucun,Non,Adamaoua,Urbain
0,0.0,0.0,27,Aucun,Mariee,Non,Jamais,Moins_1x_sem,Moins_1x_sem,0.6666666666666666,29.0,2.0,Primaire,Non,Adamaoua,Urbain
0,0.0,0.0,32,Primaire,Mariee,Oui,Jamais,Jamais,Au_moins_1x_sem,0.6666666666666666,36.0,4.0,Primaire,Non,Adamaoua,Urbain
0,0.0,0.0,25,Aucun,Mariee,Non,Jamais,Au_moins_1x_sem,Au_moins_1x_sem,1.3333333333333333,32.0,7.0,Primaire,Non,Adamaoua,Urbain
0,0.0,0.0,20,Primaire,Union_libre,Non,Jamais,Jamais,Jamais,0.0,27.0,7.0,Primaire,Non,Adamaoua,Urbain
0,0.0,0.0,29,Secondaire,Mariee,Non,Jamais,Jamais,Moins_1x_sem,0.3333333333333333,32.0,3.0,Secondaire,Oui,Adamaoua,Urbain
0,0.0,0.0,30,Aucun,Union_libre,Non,Jamais,Jamais,Au_moins_1x_sem,0.6666666666666666,50.0,20.0,Superieur,Oui,Adamaoua,Urbain
0,0.0,0.0,37,Primaire,Mariee,Non,Jamais,Jamais,Jamais,0.0,50.0,13.0,Primaire,Non,Adamaoua,Urbain
0,0.0,0.0,48,Aucun,Mariee,Non,Jamais,Jamais,Au_moins_1x_sem,0.6666666666666666,58.0,10.0,Secondaire,Non,Adamaoua,Urbain
0,0.0,0.0,19,Primaire,Mariee,Oui,Jamais,Moins_1x_sem,Au_moins_1x_sem,1.0,39.0,20.0,Primaire,Non,Adamaoua,Urbain
0,0.0,0.0,44,Primaire,Mariee,Non,Jamais,Moins_1x_sem,Au_moins_1x_sem,1.0,64.0,20.0,Aucun,Non,Adamaoua,Urbain
1,1.0,1.0,37,Primaire,Separee,Non,Jamais,Jamais,Jamais,0.0,38.0,8.0,Superieur,Oui,Extreme_Nord,Rural
1,1.0,0.0,37,Primaire,Union_libre,Oui,Jamais,Jamais,Jamais,0.0,41.0,4.0,Secondaire,Oui,Extreme_Nord,Rural
0,0.0,0.0,49,Primaire,Mariee,Non,Jamais,Moins_1x_sem,Moins_1x_sem,0.6666666666666666,52.0,3.0,Superieur,Oui,Extreme_Nord,Rural
1,1.0,0.0,44,Primaire,Union_libre,Non,Jamais,Jamais,Jamais,0.0,47.0,3.0,Secondaire,Oui,Extreme_Nord,Rural
1,1.0,0.0,26,Primaire,Union_libre,Oui,Jamais,Jamais,Jamais,0.0,36.0,10.0,Primaire,Oui,Extreme_Nord,Rural
0,0.0,0.0,48,Primaire,Mariee,Non,Moins_1x_sem,Moins_1x_sem,Moins_1x_sem,1.0,57.0,9.0,Superieur,Non,Extreme_Nord,Rural
1,1.0,0.0,22,Primaire,Mariee,Oui,Jamais,Jamais,Jamais,0.0,24.0,2.0,Primaire,Oui,Extreme_Nord,Rural
0,0.0,0.0,35,Secondaire,Mariee,Non,Jamais,Jamais,Jamais,0.0,61.0,26.0,Superieur,Oui,Extreme_Nord,Rural
1,1.0,0.0,41,Primaire,Union_libre,Non,Jamais,Jamais,Jamais,0.0,40.0,-1.0,Primaire,Oui,Extreme_Nord,Rural
1,1.0,0.0,36,Primaire,Mariee,Non,Jamais,Jamais,Jamais,0.0,48.0,12.0,Secondaire,Oui,Extreme_Nord,Rural
0,0.0,0.0,19,Primaire,Union_libre,Non,Jamais,Jamais,Jamais,0.0,23.0,4.0,Superieur,Oui,Extreme_Nord,Rural
0,0.0,0.0,45,Secondaire,Mariee,Non,Moins_1x_sem,Au_moins_1x_sem,Jamais,1.0,65.0,20.0,Secondaire,Non,Extreme_Nord,Rural
1,1.0,0.0,26,Primaire,Union_libre,Non,Jamais,Jamais,Jamais,0.0,28.0,2.0,Secondaire,Oui,Extreme_Nord,Rural
1,1.0,0.0,41,Primaire,Union_libre,Non,Jamais,Moins_1x_sem,Moins_1x_sem,0.6666666666666666,40.0,-1.0,Primaire,Oui,Extreme_Nord,Rural
0,0.0,0.0,26,Aucun,Union_libre,Non,Jamais,Jamais,Jamais,0.0,32.0,6.0,Primaire,Oui,Extreme_Nord,Rural
1,1.0,0.0,19,Primaire,Union_libre,Oui,Jamais,Jamais,Jamais,0.0,27.0,8.0,Primaire,Oui,Extreme_Nord,Rural
0,0.0,0.0,22,Aucun,Union_libre,Non,Jamais,Jamais,Jamais,0.0,30.0,8.0,Primaire,Non,Extreme_Nord,Rural
0,0.0,0.0,24,Secondaire,Union_libre,Non,Jamais,Jamais,Jamais,0.0,25.0,1.0,Superieur,Oui,Extreme_Nord,Rural
0,0.0,0.0,44,Secondaire,Mariee,Non,Jamais,Au_moins_1x_sem,Moins_1x_sem,1.0,51.0,7.0,Superieur,Oui,Extreme_Nord,Rural
0,0.0,0.0,29,Primaire,Mariee,Oui,Jamais,Jamais,Jamais,0.0,36.0,7.0,Primaire,Non,Littoral,Rural
0,0.0,0.0,27,Aucun,Mariee,Non,Jamais,Jamais,Jamais,0.0,31.0,4.0,Aucun,Non,Littoral,Rural
0,0.0,0.0,36,Aucun,Mariee,Non,Jamais,Jamais,Jamais,0.0,51.0,15.0,Aucun,Non,Littoral,Rural
0,0.0,0.0,36,Aucun,Mariee,Non,Jamais,Jamais,Jamais,0.0,53.0,17.0,Aucun,Non,Littoral,Rural
0,0.0,0.0,30,Aucun,Mariee,Non,Jamais,Jamais,Jamais,0.0,38.0,8.0,Aucun,Non,Littoral,Rural
0,0.0,0.0,25,Aucun,Mariee,Non,Jamais,Jamais,Jamais,0.0,30.0,5.0,Primaire,Non,Littoral,Rural
0,0.0,0.0,35,Aucun,Mariee,Non,Jamais,Jamais,Jamais,0.0,45.0,10.0,Aucun,Non,Littoral,Rural
0,0.0,0.0,20,Aucun,Mariee,Non,Jamais,Jamais,Jamais,0.0,54.0,34.0,Aucun,Non,Littoral,Rural
0,0.0,0.0,34,Aucun,Mariee,Non,Jamais,Jamais,Jamais,0.0,44.0,10.0,Aucun,Non,Littoral,Rural
0,0.0,0.0,24,Primaire,Mariee,Non,Jamais,Jamais,Jamais,0.0,38.0,14.0,Aucun,Non,Littoral,Rural
0,0.0,0.0,23,Primaire,Mariee,Non,Jamais,Jamais,Jamais,0.0,30.0,7.0,Primaire,Non,Littoral,Rural
0,0.0,0.0,36,Aucun,Mariee,Non,Jamais,Jamais,Jamais,0.0,50.0,14.0,Aucun,Non,Littoral,Rural
0,0.0,0.0,21,Primaire,Mariee,Non,Jamais,Jamais,Jamais,0.0,30.0,9.0,Aucun,Non,Littoral,Rural
0,0.0,0.0,25,Aucun,Mariee,Non,Jamais,Jamais,Jamais,0.0,35.0,10.0,Aucun,Non,Littoral,Rural
0,0.0,0.0,18,Aucun,Mariee,Non,Jamais,Jamais,Jamais,0.0,28.0,10.0,Aucun,Non,Littoral,Rural
0,0.0,0.0,22,Aucun,Mariee,Oui,Jamais,Jamais,Jamais,0.0,31.0,9.0,Primaire,Non,Littoral,Rural
0,0.0,0.0,40,Secondaire,Veuve,Non,Jamais,Jamais,Jamais,0.0,38.0,8.0,Superieur,Non,Sud_Ouest,Rural
1,1.0,1.0,45,Primaire,Mariee,Non,Jamais,Moins_1x_sem,Jamais,0.3333333333333333,67.0,22.0,Secondaire,Oui,Sud_Ouest,Rural
1,1.0,1.0,35,Secondaire,Union_libre,Non,Jamais,Jamais,Jamais,0.0,42.0,7.0,Secondaire,Oui,Sud_Ouest,Rural
1,1.0,0.0,15,Secondaire,Union_libre,Oui,Moins_1x_sem,Jamais,Au_moins_1x_sem,1.0,22.0,7.0,Superieur,Oui,Sud_Ouest,Rural
1,1.0,0.0,43,Primaire,Mariee,Non,Jamais,Jamais,Jamais,0.0,46.0,3.0,Superieur,Oui,Sud_Ouest,Rural
1,1.0,1.0,31,Primaire,Union_libre,Non,Jamais,Jamais,Jamais,0.0,24.0,-7.0,Superieur,Oui,Sud_Ouest,Rural
1,1.0,1.0,33,Primaire,Mariee,Oui,Jamais,Jamais,Jamais,0.0,39.0,6.0,Superieur,Oui,Sud_Ouest,Rural
1,1.0,0.0,45,Aucun,Separee,Non,Jamais,Jamais,Jamais,0.0,38.0,8.0,Superieur,Oui,Sud_Ouest,Rural
1,1.0,0.0,20,Aucun,Union_libre,Non,Jamais,Jamais,Jamais,0.0,29.0,9.0,Primaire,Oui,Sud_Ouest,Rural
0,0.0,0.0,33,Secondaire,Mariee,Non,Jamais,Au_moins_1x_sem,Au_moins_1x_sem,1.3333333333333333,38.0,5.0,Superieur,Oui,Sud,Rural
0,0.0,0.0,47,Primaire,Mariee,Non,Jamais,Au_moins_1x_sem,Au_moins_1x_sem,1.3333333333333333,70.0,23.0,Secondaire,Oui,Sud,Rural
0,0.0,0.0,18,Secondaire,Union_libre,Non,Jamais,Au_moins_1x_sem,Au_moins_1x_sem,1.3333333333333333,25.0,7.0,Superieur,Oui,Sud,Rural
0,0.0,0.0,21,Primaire,Union_libre,Non,Jamais,Jamais,Jamais,0.0,32.0,11.0,Primaire,Oui,Sud,Rural
0,0.0,0.0,25,Secondaire,Mariee,Non,Moins_1x_sem,Au_moins_1x_sem,Au_moins_1x_sem,1.6666666666666667,47.0,22.0,Superieur,Non,Sud,Rural
0,0.0,0.0,21,Secondaire,Union_libre,Non,Jamais,Jamais,Jamais,0.0,27.0,6.0,Superieur,Oui,Sud,Rural
0,0.0,0.0,31,Primaire,Mariee,Non,Jamais,Au_moins_1x_sem,Jamais,0.6666666666666666,40.0,9.0,Secondaire,Oui,Sud,Rural
1,1.0,1.0,27,Secondaire,Separee,Non,Jamais,Au_moins_1x_sem,Jamais,0.6666666666666666,38.0,8.0,Superieur,Oui,Sud,Rural
0,0.0,0.0,33,Primaire,Mariee,Non,Jamais,Au_moins_1x_sem,Au_moins_1x_sem,1.3333333333333333,63.0,30.0,Superieur,Oui,Sud,Rural
0,0.0,0.0,46,Primaire,Veuve,Non,Jamais,Jamais,Jamais,0.0,38.0,8.0,Superieur,Oui,Sud,Rural
0,0.0,0.0,34,Primaire,Mariee,Non,Jamais,Au_moins_1x_sem,Moins_1x_sem,1.0,68.0,34.0,Secondaire,Oui,Sud,Rural
1,1.0,0.0,39,Primaire,Separee,Non,Jamais,Au_moins_1x_sem,Jamais,0.6666666666666666,38.0,8.0,Superieur,Oui,Sud,Rural
0,0.0,0.0,40,Secondaire,Union_libre,Non,Jamais,Jamais,Jamais,0.0,38.0,-2.0,Superieur,Oui,Centre,Rural
1,1.0,1.0,23,Primaire,Mariee,Non,Jamais,Moins_1x_sem,Au_moins_1x_sem,1.0,24.0,1.0,Secondaire,Oui,Centre,Rural
1,1.0,0.0,34,Secondaire,Separee,Non,Jamais,Jamais,Jamais,0.0,38.0,8.0,Superieur,Oui,Centre,Rural
0,0.0,0.0,37,Aucun,Union_libre,Oui,Jamais,Jamais,Jamais,0.0,40.0,3.0,Aucun,Oui,Centre,Rural
0,0.0,0.0,28,Aucun,Mariee,Oui,Jamais,Jamais,Jamais,0.0,38.0,10.0,Primaire,Non,Centre,Rural
1,1.0,0.0,29,Primaire,Union_libre,Non,Jamais,Jamais,Au_moins_1x_sem,0.6666666666666666,35.0,6.0,Superieur,Non,Centre,Rural
0,0.0,0.0,30,Primaire,Union_libre,Non,Jamais,Moins_1x_sem,Au_moins_1x_sem,1.0,33.0,3.0,Superieur,Oui,Centre,Rural
0,0.0,0.0,25,Secondaire,Union_libre,Oui,Jamais,Jamais,Au_moins_1x_sem,0.6666666666666666,28.0,3.0,Secondaire,Non,Centre,Rural
0,0.0,0.0,37,Primaire,Mariee,Non,Jamais,Jamais,Jamais,0.0,39.0,2.0,Superieur,Oui,Centre,Rural
1,1.0,0.0,40,Primaire,Union_libre,Non,Jamais,Jamais,Jamais,0.0,45.0,5.0,Primaire,Oui,Centre,Rural
0,0.0,0.0,37,Secondaire,Union_libre,Non,Jamais,Jamais,Jamais,0.0,45.0,8.0,Primaire,Non,Centre,Rural
0,0.0,0.0,45,Primaire,Union_libre,Non,Jamais,Jamais,Jamais,0.0,45.0,0.0,Secondaire,Oui,Centre,Rural
1,1.0,0.0,42,Secondaire,Mariee,Non,Jamais,Moins_1x_sem,Au_moins_1x_sem,1.0,62.0,20.0,Superieur,Oui,Centre,Rural
1,1.0,1.0,29,Primaire,Union_libre,Non,Jamais,Jamais,Au_moins_1x_sem,0.6666666666666666,41.0,12.0,Secondaire,Oui,Centre,Rural
1,1.0,1.0,47,Primaire,Mariee,Non,Jamais,Jamais,Jamais,0.0,61.0,14.0,Secondaire,Oui,Centre,Rural
0,0.0,0.0,36,Aucun,Union_libre,Non,Jamais,Jamais,Jamais,0.0,62.0,26.0,Aucun,Non,Centre,Rural
0,0.0,0.0,43,Secondaire,Veuve,Non,Jamais,Jamais,Jamais,0.0,38.0,8.0,Superieur,Non,Centre,Rural
0,0.0,0.0,47,Aucun,Mariee,Non,Jamais,Jamais,Jamais,0.0,43.0,-4.0,Aucun,Non,Adamaoua,Rural
1,1.0,0.0,25,Aucun,Mariee,Non,Jamais,Jamais,Jamais,0.0,32.0,7.0,Primaire,Non,Adamaoua,Rural
0,0.0,0.0,28,Aucun,Mariee,Non,Jamais,Jamais,Jamais,0.0,36.0,8.0,Aucun,Non,Adamaoua,Rural
1,1.0,0.0,34,Aucun,Mariee,Non,Jamais,Jamais,Au_moins_1x_sem,0.6666666666666666,36.0,2.0,Aucun,Non,Adamaoua,Rural
0,0.0,0.0,26,Aucun,Mariee,Non,Jamais,Jamais,Jamais,0.0,56.0,30.0,Aucun,Non,Adamaoua,Rural
0,0.0,0.0,17,Primaire,Mariee,Non,Jamais,Au_moins_1x_sem,Au_moins_1x_sem,1.3333333333333333,35.0,18.0,Aucun,Oui,Adamaoua,Rural
1,1.0,0.0,16,Aucun,Mariee,Non,Jamais,Au_moins_1x_sem,Au_moins_1x_sem,1.3333333333333333,24.0,8.0,Aucun,Non,Adamaoua,Rural
1,1.0,0.0,36,Aucun,Mariee,Non,Jamais,Jamais,Jamais,0.0,45.0,9.0,Primaire,Oui,Adamaoua,Rural
0,0.0,0.0,39,Aucun,Mariee,Non,Jamais,Au_moins_1x_sem,Jamais,0.6666666666666666,52.0,13.0,Secondaire,Non,Adamaoua,Rural
0,0.0,0.0,30,Aucun,Mariee,Non,Jamais,Jamais,Jamais,0.0,47.0,17.0,Aucun,Non,Adamaoua,Rural
0,0.0,0.0,20,Secondaire,Mariee,Non,Jamais,Moins_1x_sem,Au_moins_1x_sem,1.0,40.0,20.0,Superieur,Non,Est,Urbain
1,1.0,0.0,25,Secondaire,Mariee,Non,Jamais,Moins_1x_sem,Au_moins_1x_sem,1.0,37.0,12.0,Superieur,Non,Est,Urbain
0,0.0,0.0,42,Superieur,Mariee,Non,Au_moins_1x_sem,Moins_1x_sem,Au_moins_1x_sem,1.6666666666666667,65.0,23.0,Superieur,Non,Est,Urbain
1,1.0,0.0,28,Primaire,Union_libre,Oui,Moins_1x_sem,Moins_1x_sem,Au_moins_1x_sem,1.3333333333333333,33.0,5.0,Secondaire,Non,Est,Urbain
0,0.0,0.0,25,Superieur,Mariee,Non,Jamais,Jamais,Au_moins_1x_sem,0.6666666666666666,32.0,7.0,Superieur,Non,Est,Urbain
0,0.0,0.0,33,Secondaire,Mariee,Non,Jamais,Jamais,Au_moins_1x_sem,0.6666666666666666,32.0,-1.0,Aucun,Non,Est,Urbain
1,1.0,0.0,29,Superieur,Union_libre,Oui,Moins_1x_sem,Jamais,Au_moins_1x_sem,1.0,34.0,5.0,Superieur,Oui,Est,Urbain
0,0.0,0.0,44,Superieur,Mariee,Non,Au_moins_1x_sem,Jamais,Au_moins_1x_sem,1.3333333333333333,53.0,9.0,Superieur,Non,Est,Urbain
0,0.0,0.0,44,Primaire,Mariee,Non,Jamais,Jamais,Jamais,0.0,61.0,17.0,Primaire,Non,Adamaoua,Rural
0,0.0,0.0,22,Primaire,Mariee,Non,Jamais,Jamais,Jamais,0.0,30.0,8.0,Secondaire,Non,Adamaoua,Rural
1,1.0,0.0,40,Primaire,Mariee,Non,Jamais,Jamais,Jamais,0.0,48.0,8.0,Superieur,Non,Adamaoua,Rural
0,0.0,0.0,35,Aucun,Mariee,Oui,Jamais,Moins_1x_sem,Moins_1x_sem,0.6666666666666666,43.0,8.0,Superieur,Non,Adamaoua,Rural
0,0.0,0.0,26,Primaire,Mariee,Non,Jamais,Moins_1x_sem,Moins_1x_sem,0.6666666666666666,32.0,6.0,Superieur,Oui,Adamaoua,Rural
1,1.0,1.0,25,Aucun,Mariee,Non,Jamais,Jamais,Jamais,0.0,35.0,10.0,Secondaire,Oui,Adamaoua,Rural
1,1.0,1.0,34,Primaire,Mariee,Non,Moins_1x_sem,Moins_1x_sem,Moins_1x_sem,1.0,30.0,-4.0,Superieur,Oui,Adamaoua,Rural
1,1.0,0.0,33,Primaire,Mariee,Non,Moins_1x_sem,Moins_1x_sem,Moins_1x_sem,1.0,40.0,7.0,Superieur,Oui,Adamaoua,Rural
0,0.0,0.0,39,Aucun,Mariee,Non,Jamais,Jamais,Jamais,0.0,22.0,-17.0,Superieur,Non,Adamaoua,Rural
1,1.0,0.0,30,Secondaire,Mariee,Non,Jamais,Jamais,Jamais,0.0,36.0,6.0,Superieur,Oui,Adamaoua,Rural
1,1.0,0.0,39,Aucun,Mariee,Non,Jamais,Moins_1x_sem,Au_moins_1x_sem,1.0,68.0,29.0,Superieur,Oui,Adamaoua,Rural
0,0.0,0.0,31,Primaire,Mariee,Non,Jamais,Moins_1x_sem,Au_moins_1x_sem,1.0,40.0,9.0,Superieur,Oui,Est,Urbain
0,0.0,0.0,27,Secondaire,Union_libre,Non,Jamais,Moins_1x_sem,Au_moins_1x_sem,1.0,29.0,2.0,Superieur,Oui,Est,Urbain
0,0.0,0.0,49,Secondaire,Veuve,Non,Jamais,Moins_1x_sem,Au_moins_1x_sem,1.0,38.0,8.0,Superieur,Oui,Est,Urbain
0,0.0,0.0,42,Secondaire,Mariee,Non,Moins_1x_sem,Moins_1x_sem,Au_moins_1x_sem,1.3333333333333333,46.0,4.0,Superieur,Non,Est,Urbain
0,0.0,0.0,47,Primaire,Veuve,Non,Jamais,Jamais,Au_moins_1x_sem,0.6666666666666666,38.0,8.0,Superieur,Non,Est,Urbain
0,0.0,0.0,29,Secondaire,Mariee,Non,Jamais,Moins_1x_sem,Moins_1x_sem,0.6666666666666666,38.0,9.0,Superieur,Non,Est,Urbain
0,0.0,0.0,28,Primaire,Union_libre,Non,Jamais,Moins_1x_sem,Au_moins_1x_sem,1.0,28.0,0.0,Secondaire,Oui,Est,Urbain
0,0.0,0.0,26,Superieur,Union_libre,Non,Jamais,Jamais,Au_moins_1x_sem,0.6666666666666666,37.0,11.0,Superieur,Oui,Est,Urbain
0,0.0,0.0,32,Aucun,Mariee,Non,Jamais,Jamais,Moins_1x_sem,0.3333333333333333,41.0,9.0,Superieur,Non,Est,Urbain
1,1.0,0.0,35,Primaire,Mariee,Non,Jamais,Au_moins_1x_sem,Au_moins_1x_sem,1.3333333333333333,39.0,4.0,Secondaire,Oui,Est,Urbain
0,0.0,0.0,27,Secondaire,Mariee,Non,Jamais,Jamais,Moins_1x_sem,0.3333333333333333,32.0,5.0,Superieur,Non,Est,Urbain
1,1.0,0.0,24,Primaire,Mariee,Non,Jamais,Jamais,Moins_1x_sem,0.3333333333333333,34.0,10.0,Superieur,Non,Ouest,Rural
1,1.0,0.0,43,Secondaire,Mariee,Non,Jamais,Jamais,Au_moins_1x_sem,0.6666666666666666,59.0,16.0,Secondaire,Oui,Ouest,Rural
0,0.0,0.0,40,Primaire,Mariee,Non,Jamais,Jamais,Jamais,0.0,53.0,13.0,Secondaire,Non,Ouest,Rural
0,0.0,0.0,32,Primaire,Mariee,Non,Jamais,Au_moins_1x_sem,Au_moins_1x_sem,1.3333333333333333,38.0,6.0,Primaire,Oui,Ouest,Rural
0,0.0,0.0,45,Secondaire,Veuve,Non,Jamais,Jamais,Jamais,0.0,38.0,8.0,Superieur,Oui,Ouest,Rural
1,1.0,0.0,42,Primaire,Mariee,Non,Jamais,Moins_1x_sem,Moins_1x_sem,0.6666666666666666,47.0,5.0,Primaire,Non,Ouest,Rural
0,0.0,0.0,28,Secondaire,Mariee,Non,Moins_1x_sem,Moins_1x_sem,Au_moins_1x_sem,1.3333333333333333,43.0,15.0,Superieur,Oui,Ouest,Rural
0,0.0,0.0,38,Primaire,Mariee,Non,Jamais,Au_moins_1x_sem,Au_moins_1x_sem,1.3333333333333333,42.0,4.0,Secondaire,Oui,Ouest,Rural
0,0.0,0.0,35,Primaire,Mariee,Non,Jamais,Jamais,Au_moins_1x_sem,0.6666666666666666,40.0,5.0,Secondaire,Oui,Ouest,Rural
0,0.0,0.0,37,Primaire,Mariee,Oui,Jamais,Jamais,Jamais,0.0,43.0,6.0,Secondaire,Non,Ouest,Rural
0,0.0,0.0,28,Secondaire,Union_libre,Non,Moins_1x_sem,Moins_1x_sem,Au_moins_1x_sem,1.3333333333333333,36.0,8.0,Superieur,Oui,Nord,Urbain
1,1.0,0.0,37,Secondaire,Divorcee,Non,Jamais,Moins_1x_sem,Au_moins_1x_sem,1.0,38.0,8.0,Superieur,Oui,Nord,Urbain
0,0.0,0.0,29,Secondaire,Union_libre,Non,Moins_1x_sem,Moins_1x_sem,Au_moins_1x_sem,1.3333333333333333,32.0,3.0,Secondaire,Non,Nord,Urbain
1,1.0,0.0,23,Superieur,Union_libre,Non,Moins_1x_sem,Jamais,Au_moins_1x_sem,1.0,31.0,8.0,Superieur,Non,Nord,Urbain
0,0.0,0.0,39,Superieur,Separee,Non,Moins_1x_sem,Jamais,Au_moins_1x_sem,1.0,38.0,8.0,Superieur,Oui,Nord,Urbain
0,0.0,0.0,38,Primaire,Union_libre,Non,Jamais,Jamais,Jamais,0.0,50.0,12.0,Primaire,Non,Nord,Urbain
0,0.0,0.0,46,Primaire,Mariee,Non,Jamais,Jamais,Jamais,0.0,50.0,4.0,Superieur,Oui,Sud_Ouest,Rural
0,0.0,0.0,36,Primaire,Mariee,Non,Jamais,Moins_1x_sem,Jamais,0.3333333333333333,48.0,12.0,Superieur,Oui,Sud_Ouest,Rural
0,0.0,0.0,35,Secondaire,Mariee,Non,Moins_1x_sem,Moins_1x_sem,Moins_1x_sem,1.0,33.0,-2.0,Secondaire,Oui,Sud_Ouest,Rural
0,0.0,0.0,18,Secondaire,Union_libre,Non,Moins_1x_sem,Moins_1x_sem,Au_moins_1x_sem,1.3333333333333333,23.0,5.0,Superieur,Non,Sud_Ouest,Rural
0,0.0,0.0,18,Secondaire,Mariee,Non,Moins_1x_sem,Jamais,Jamais,0.3333333333333333,27.0,9.0,Superieur,Oui,Sud_Ouest,Rural
1,1.0,1.0,38,Secondaire,Divorcee,Non,Jamais,Moins_1x_sem,Jamais,0.3333333333333333,38.0,8.0,Superieur,Oui,Sud_Ouest,Rural
0,0.0,0.0,25,Primaire,Union_libre,Oui,Jamais,Moins_1x_sem,Moins_1x_sem,0.6666666666666666,30.0,5.0,Secondaire,Non,Sud_Ouest,Rural
1,1.0,1.0,46,Primaire,Mariee,Non,Jamais,Moins_1x_sem,Moins_1x_sem,0.6666666666666666,66.0,20.0,Superieur,Oui,Sud,Rural
0,0.0,0.0,35,Aucun,Mariee,Non,Moins_1x_sem,Moins_1x_sem,Moins_1x_sem,1.0,69.0,34.0,Aucun,Non,Sud,Rural
0,0.0,0.0,39,Secondaire,Mariee,Non,Jamais,Moins_1x_sem,Moins_1x_sem,0.6666666666666666,59.0,20.0,Primaire,Oui,Sud,Rural
0,0.0,0.0,28,Secondaire,Mariee,Non,Moins_1x_sem,Moins_1x_sem,Moins_1x_sem,1.0,45.0,17.0,Secondaire,Oui,Sud,Rural
0,0.0,0.0,48,Secondaire,Mariee,Non,Au_moins_1x_sem,Au_moins_1x_sem,Moins_1x_sem,1.6666666666666667,53.0,5.0,Superieur,Non,Sud,Rural
0,0.0,0.0,40,Secondaire,Divorcee,Non,Jamais,Moins_1x_sem,Moins_1x_sem,0.6666666666666666,38.0,8.0,Superieur,Oui,Sud,Rural
0,0.0,0.0,26,Primaire,Union_libre,Oui,Jamais,Jamais,Moins_1x_sem,0.3333333333333333,45.0,19.0,Aucun,Oui,Sud,Rural
0,0.0,0.0,33,Secondaire,Mariee,Non,Moins_1x_sem,Au_moins_1x_sem,Au_moins_1x_sem,1.6666666666666667,36.0,3.0,Superieur,Non,Nord_Ouest,Rural
0,0.0,0.0,25,Aucun,Mariee,Non,Jamais,Jamais,Jamais,0.0,55.0,30.0,Aucun,Non,Nord_Ouest,Rural
0,0.0,0.0,25,Primaire,Mariee,Non,Jamais,Jamais,Jamais,0.0,30.0,5.0,Aucun,Non,Nord_Ouest,Rural
0,0.0,0.0,30,Aucun,Mariee,Non,Jamais,Jamais,Jamais,0.0,37.0,7.0,Aucun,Non,Nord_Ouest,Rural
0,0.0,0.0,27,Aucun,Mariee,Oui,Jamais,Jamais,Jamais,0.0,40.0,13.0,Primaire,Non,Nord_Ouest,Rural
0,0.0,0.0,18,Aucun,Mariee,Oui,Jamais,Jamais,Jamais,0.0,30.0,12.0,Primaire,Non,Nord_Ouest,Rural
0,0.0,0.0,35,Aucun,Mariee,Non,Jamais,Jamais,Jamais,0.0,45.0,10.0,Primaire,Non,Nord_Ouest,Rural
1,1.0,0.0,31,Secondaire,Mariee,Non,Jamais,Jamais,Jamais,0.0,47.0,16.0,Superieur,Non,Nord_Ouest,Rural
0,0.0,0.0,25,Primaire,Mariee,Non,Jamais,Jamais,Jamais,0.0,38.0,13.0,Aucun,Non,Nord_Ouest,Rural
0,0.0,0.0,27,Primaire,Mariee,Non,Jamais,Jamais,Jamais,0.0,37.0,10.0,Superieur,Non,Nord_Ouest,Rural
0,0.0,0.0,33,Aucun,Mariee,Non,Jamais,Jamais,Jamais,0.0,51.0,18.0,Superieur,Non,Nord_Ouest,Rural
0,0.0,0.0,30,Primaire,Mariee,Non,Jamais,Jamais,Jamais,0.0,40.0,10.0,Aucun,Non,Nord_Ouest,Rural
0,0.0,0.0,31,Secondaire,Mariee,Oui,Jamais,Jamais,Jamais,0.0,35.0,4.0,Superieur,Non,Nord_Ouest,Rural
1,1.0,0.0,29,Aucun,Mariee,Non,Jamais,Jamais,Jamais,0.0,30.0,1.0,Aucun,Non,Nord_Ouest,Rural
1,1.0,0.0,30,Secondaire,Separee,Non,Jamais,Jamais,Jamais,0.0,38.0,8.0,Superieur,Non,Nord_Ouest,Urbain
0,0.0,0.0,38,Primaire,Veuve,Non,Jamais,Jamais,Au_moins_1x_sem,0.6666666666666666,38.0,8.0,Superieur,Non,Nord_Ouest,Urbain
1,1.0,0.0,33,Superieur,Mariee,Non,Moins_1x_sem,Moins_1x_sem,Au_moins_1x_sem,1.3333333333333333,40.0,7.0,Superieur,Oui,Nord_Ouest,Urbain
0,0.0,0.0,37,Aucun,Mariee,Non,Jamais,Jamais,Jamais,0.0,43.0,6.0,Aucun,Non,Nord_Ouest,Urbain
0,0.0,0.0,34,Aucun,Mariee,Non,Jamais,Jamais,Jamais,0.0,39.0,5.0,Aucun,Non,Nord_Ouest,Urbain
0,0.0,0.0,28,Primaire,Veuve,Non,Jamais,Jamais,Au_moins_1x_sem,0.6666666666666666,38.0,8.0,Superieur,Non,Nord_Ouest,Urbain
0,0.0,0.0,18,Aucun,Mariee,Oui,Jamais,Jamais,Jamais,0.0,28.0,10.0,Primaire,Non,Nord_Ouest,Urbain
1,1.0,0.0,27,Secondaire,Mariee,Non,Jamais,Jamais,Au_moins_1x_sem,0.6666666666666666,38.0,11.0,Superieur,Non,Nord_Ouest,Urbain
0,0.0,0.0,35,Primaire,Mariee,Non,Jamais,Au_moins_1x_sem,Au_moins_1x_sem,1.3333333333333333,40.0,5.0,Superieur,Non,Nord_Ouest,Urbain
0,0.0,0.0,41,Aucun,Mariee,Non,Jamais,Jamais,Au_moins_1x_sem,0.6666666666666666,50.0,9.0,Aucun,Non,Nord_Ouest,Urbain
1,1.0,1.0,36,Secondaire,Mariee,Oui,Jamais,Moins_1x_sem,Moins_1x_sem,0.6666666666666666,38.0,2.0,Superieur,Oui,Extreme_Nord,Urbain
0,0.0,0.0,26,Secondaire,Mariee,Non,Jamais,Jamais,Moins_1x_sem,0.3333333333333333,30.0,4.0,Superieur,Non,Extreme_Nord,Urbain
1,1.0,1.0,20,Primaire,Mariee,Non,Jamais,Jamais,Jamais,0.0,26.0,6.0,Superieur,Oui,Extreme_Nord,Urbain
0,0.0,0.0,18,Secondaire,Union_libre,Non,Jamais,Jamais,Au_moins_1x_sem,0.6666666666666666,21.0,3.0,Superieur,Non,Extreme_Nord,Urbain
1,1.0,1.0,25,Secondaire,Union_libre,Non,Moins_1x_sem,Jamais,Au_moins_1x_sem,1.0,27.0,2.0,Superieur,Oui,Extreme_Nord,Urbain
0,0.0,0.0,33,Secondaire,Mariee,Non,Jamais,Jamais,Moins_1x_sem,0.3333333333333333,39.0,6.0,Superieur,Oui,Extreme_Nord,Urbain
0,0.0,0.0,48,Secondaire,Veuve,Non,Au_moins_1x_sem,Au_moins_1x_sem,Au_moins_1x_sem,2.0,38.0,8.0,Superieur,Non,Extreme_Nord,Urbain
1,1.0,0.0,49,Primaire,Mariee,Non,Jamais,Jamais,Moins_1x_sem,0.3333333333333333,53.0,4.0,Superieur,Oui,Extreme_Nord,Urbain
0,0.0,0.0,24,Secondaire,Union_libre,Non,Jamais,Jamais,Jamais,0.0,26.0,2.0,Superieur,Non,Extreme_Nord,Urbain
1,1.0,0.0,26,Secondaire,Mariee,Non,Jamais,Jamais,Moins_1x_sem,0.3333333333333333,35.0,9.0,Superieur,Oui,Extreme_Nord,Urbain
0,0.0,0.0,45,Secondaire,Union_libre,Non,Jamais,Moins_1x_sem,Moins_1x_sem,0.6666666666666666,47.0,2.0,Superieur,Oui,Extreme_Nord,Urbain
0,0.0,0.0,33,Secondaire,Union_libre,Non,Jamais,Au_moins_1x_sem,Au_moins_1x_sem,1.3333333333333333,41.0,8.0,Superieur,Non,Centre,Rural
0,0.0,0.0,22,Primaire,Separee,Non,Jamais,Moins_1x_sem,Au_moins_1x_sem,1.0,38.0,8.0,Superieur,Oui,Centre,Rural
1,1.0,1.0,39,Secondaire,Union_libre,Non,Moins_1x_sem,Moins_1x_sem,Au_moins_1x_sem,1.3333333333333333,59.0,20.0,Superieur,Oui,Centre,Rural
1,1.0,1.0,46,Primaire,Mariee,Non,Jamais,Jamais,Jamais,0.0,54.0,8.0,Secondaire,Oui,Centre,Rural
1,1.0,0.0,45,Primaire,Separee,Non,Jamais,Jamais,Jamais,0.0,38.0,8.0,Superieur,Oui,Centre,Rural
0,0.0,0.0,48,Primaire,Veuve,Non,Jamais,Jamais,Jamais,0.0,38.0,8.0,Superieur,Non,Centre,Rural
1,1.0,1.0,30,Primaire,Mariee,Non,Jamais,Moins_1x_sem,Moins_1x_sem,0.6666666666666666,33.0,3.0,Secondaire,Oui,Centre,Rural
1,1.0,0.0,49,Primaire,Mariee,Non,Jamais,Moins_1x_sem,Moins_1x_sem,0.6666666666666666,60.0,11.0,Secondaire,Non,Centre,Rural
0,0.0,0.0,19,Aucun,Union_libre,Non,Jamais,Jamais,Jamais,0.0,20.0,1.0,Secondaire,Non,Centre,Rural
1,1.0,0.0,31,Primaire,Union_libre,Oui,Moins_1x_sem,Au_moins_1x_sem,Jamais,1.0,48.0,17.0,Superieur,Oui,Centre,Rural
0,0.0,0.0,30,Primaire,Mariee,Oui,Moins_1x_sem,Moins_1x_sem,Moins_1x_sem,1.0,52.0,22.0,Primaire,Oui,Centre,Rural
0,0.0,0.0,20,Secondaire,Union_libre,Non,Jamais,Jamais,Moins_1x_sem,0.3333333333333333,26.0,6.0,Superieur,Oui,Centre,Rural
0,0.0,0.0,30,Secondaire,Mariee,Non,Jamais,Au_moins_1x_sem,Au_moins_1x_sem,1.3333333333333333,31.0,1.0,Superieur,Oui,Sud,Rural
0,0.0,0.0,39,Primaire,Mariee,Non,Jamais,Jamais,Moins_1x_sem,0.3333333333333333,74.0,35.0,Primaire,Oui,Sud,Rural
0,0.0,0.0,36,Primaire,Mariee,Non,Jamais,Au_moins_1x_sem,Jamais,0.6666666666666666,42.0,6.0,Secondaire,Oui,Sud,Rural
0,0.0,0.0,27,Secondaire,Union_libre,Non,Moins_1x_sem,Au_moins_1x_sem,Au_moins_1x_sem,1.6666666666666667,31.0,4.0,Superieur,Oui,Sud,Rural
1,1.0,0.0,44,Primaire,Veuve,Non,Jamais,Jamais,Jamais,0.0,38.0,8.0,Superieur,Oui,Sud,Rural
0,0.0,0.0,30,Primaire,Veuve,Non,Jamais,Jamais,Jamais,0.0,38.0,8.0,Superieur,Oui,Sud,Rural
1,1.0,0.0,34,Primaire,Mariee,Non,Jamais,Au_moins_1x_sem,Au_moins_1x_sem,1.3333333333333333,36.0,2.0,Secondaire,Oui,Sud,Rural
0,0.0,0.0,25,Secondaire,Mariee,Non,Moins_1x_sem,Au_moins_1x_sem,Au_moins_1x_sem,1.6666666666666667,36.0,11.0,Superieur,Oui,Sud,Rural
1,1.0,1.0,36,Secondaire,Mariee,Non,Jamais,Au_moins_1x_sem,Au_moins_1x_sem,1.3333333333333333,43.0,7.0,Secondaire,Oui,Sud,Rural
0,0.0,0.0,47,Secondaire,Mariee,Non,Jamais,Au_moins_1x_sem,Au_moins_1x_sem,1.3333333333333333,67.0,20.0,Superieur,Oui,Sud,Rural
0,0.0,0.0,47,Aucun,Veuve,Non,Jamais,Jamais,Jamais,0.0,38.0,8.0,Superieur,Non,Littoral,Urbain
0,0.0,0.0,29,Secondaire,Divorcee,Non,Jamais,Au_moins_1x_sem,Au_moins_1x_sem,1.3333333333333333,38.0,8.0,Superieur,Non,Littoral,Urbain
0,0.0,0.0,23,Secondaire,Mariee,Non,Au_moins_1x_sem,Au_moins_1x_sem,Au_moins_1x_sem,2.0,25.0,2.0,Superieur,Non,Littoral,Urbain
1,1.0,0.0,36,Primaire,Mariee,Non,Jamais,Jamais,Jamais,0.0,40.0,4.0,Aucun,Oui,Littoral,Urbain
0,0.0,0.0,45,Aucun,Divorcee,Non,Jamais,Jamais,Jamais,0.0,38.0,8.0,Superieur,Non,Littoral,Urbain
0,0.0,0.0,24,Secondaire,Mariee,Non,Jamais,Jamais,Jamais,0.0,33.0,9.0,Superieur,Non,Littoral,Urbain
0,0.0,0.0,49,Aucun,Mariee,Non,Jamais,Jamais,Jamais,0.0,58.0,9.0,Aucun,Non,Littoral,Urbain
1,1.0,0.0,17,Secondaire,Mariee,Non,Jamais,Jamais,Au_moins_1x_sem,0.6666666666666666,29.0,12.0,Superieur,Non,Littoral,Urbain
1,1.0,1.0,31,Primaire,Mariee,Non,Jamais,Jamais,Jamais,0.0,36.0,5.0,Primaire,Oui,Littoral,Urbain
0,0.0,0.0,29,Aucun,Mariee,Non,Jamais,Jamais,Jamais,0.0,35.0,6.0,Aucun,Non,Littoral,Urbain
0,0.0,0.0,24,Primaire,Mariee,Oui,Jamais,Jamais,Au_moins_1x_sem,0.6666666666666666,33.0,9.0,Secondaire,Non,Littoral,Urbain
0,0.0,0.0,35,Secondaire,Mariee,Non,Jamais,Jamais,Au_moins_1x_sem,0.6666666666666666,39.0,4.0,Superieur,Non,Littoral,Urbain
0,0.0,0.0,41,Primaire,Veuve,Non,Jamais,Jamais,Jamais,0.0,38.0,8.0,Superieur,Non,Littoral,Urbain
0,0.0,0.0,26,Secondaire,Mariee,Non,Jamais,Jamais,Au_moins_1x_sem,0.6666666666666666,33.0,7.0,Aucun,Non,Littoral,Urbain
0,0.0,0.0,26,Secondaire,Mariee,Non,Jamais,Jamais,Au_moins_1x_sem,0.6666666666666666,32.0,6.0,Secondaire,Oui,Littoral,Urbain
0,0.0,0.0,48,Aucun,Veuve,Non,Jamais,Jamais,Jamais,0.0,38.0,8.0,Superieur,Non,Littoral,Urbain
0,0.0,0.0,32,Secondaire,Mariee,Non,Jamais,Moins_1x_sem,Au_moins_1x_sem,1.0,40.0,8.0,Superieur,Oui,Littoral,Urbain
1,1.0,0.0,30,Secondaire,Separee,Oui,Au_moins_1x_sem,Moins_1x_sem,Au_moins_1x_sem,1.6666666666666667,38.0,8.0,Superieur,Oui,Littoral,Urbain
1,1.0,0.0,29,Secondaire,Mariee,Non,Jamais,Moins_1x_sem,Au_moins_1x_sem,1.0,29.0,0.0,Superieur,Oui,Littoral,Urbain
0,0.0,0.0,24,Secondaire,Separee,Non,Jamais,Au_moins_1x_sem,Au_moins_1x_sem,1.3333333333333333,38.0,8.0,Superieur,Oui,Littoral,Urbain
0,0.0,0.0,36,Secondaire,Mariee,Non,Jamais,Jamais,Au_moins_1x_sem,0.6666666666666666,40.0,4.0,Superieur,Oui,Littoral,Urbain
0,0.0,0.0,38,Secondaire,Mariee,Non,Moins_1x_sem,Moins_1x_sem,Au_moins_1x_sem,1.3333333333333333,48.0,10.0,Superieur,Oui,Littoral,Urbain
0,0.0,0.0,48,Secondaire,Mariee,Non,Jamais,Moins_1x_sem,Au_moins_1x_sem,1.0,62.0,14.0,Superieur,Oui,Littoral,Urbain
1,1.0,0.0,20,Primaire,Mariee,Non,Jamais,Jamais,Au_moins_1x_sem,0.6666666666666666,30.0,10.0,Superieur,Oui,Littoral,Urbain
0,0.0,0.0,22,Secondaire,Union_libre,Non,Moins_1x_sem,Moins_1x_sem,Au_moins_1x_sem,1.3333333333333333,28.0,6.0,Superieur,Non,Littoral,Urbain
1,1.0,0.0,32,Secondaire,Union_libre,Non,Jamais,Jamais,Au_moins_1x_sem,0.6666666666666666,31.0,-1.0,Superieur,Non,Littoral,Urbain
0,0.0,0.0,30,Aucun,Mariee,Non,Jamais,Jamais,Jamais,0.0,30.0,0.0,Aucun,Non,Adamaoua,Rural
0,0.0,0.0,30,Aucun,Mariee,Non,Jamais,Jamais,Jamais,0.0,48.0,18.0,Aucun,Non,Adamaoua,Rural
0,0.0,0.0,46,Primaire,Mariee,Non,Jamais,Jamais,Jamais,0.0,52.0,6.0,Primaire,Non,Adamaoua,Rural
0,0.0,0.0,20,Aucun,Mariee,Non,Jamais,Jamais,Jamais,0.0,47.0,27.0,Aucun,Non,Adamaoua,Rural
0,0.0,0.0,25,Primaire,Mariee,Non,Jamais,Jamais,Jamais,0.0,45.0,20.0,Secondaire,Non,Adamaoua,Rural
1,1.0,0.0,20,Secondaire,Separee,Non,Jamais,Au_moins_1x_sem,Au_moins_1x_sem,1.3333333333333333,38.0,8.0,Superieur,Oui,Adamaoua,Rural
0,0.0,0.0,23,Aucun,Mariee,Non,Jamais,Jamais,Jamais,0.0,34.0,11.0,Aucun,Non,Adamaoua,Rural
0,0.0,0.0,49,Aucun,Mariee,Non,Jamais,Jamais,Jamais,0.0,54.0,5.0,Aucun,Oui,Adamaoua,Rural
1,1.0,1.0,42,Secondaire,Mariee,Non,Jamais,Moins_1x_sem,Jamais,0.3333333333333333,50.0,8.0,Secondaire,Oui,Sud_Ouest,Rural
0,0.0,0.0,22,Secondaire,Mariee,Non,Jamais,Jamais,Moins_1x_sem,0.3333333333333333,35.0,13.0,Superieur,Oui,Sud_Ouest,Rural
1,1.0,0.0,25,Secondaire,Union_libre,Non,Jamais,Moins_1x_sem,Moins_1x_sem,0.6666666666666666,30.0,5.0,Superieur,Oui,Sud_Ouest,Rural
0,0.0,0.0,42,Secondaire,Veuve,Non,Jamais,Au_moins_1x_sem,Au_moins_1x_sem,1.3333333333333333,38.0,8.0,Superieur,Oui,Sud_Ouest,Rural
0,0.0,0.0,20,Secondaire,Union_libre,Non,Jamais,Jamais,Jamais,0.0,23.0,3.0,Superieur,Non,Sud_Ouest,Rural
1,1.0,1.0,46,Primaire,Mariee,Non,Jamais,Au_moins_1x_sem,Moins_1x_sem,1.0,54.0,8.0,Secondaire,Oui,Sud_Ouest,Rural
0,0.0,0.0,47,Secondaire,Mariee,Non,Jamais,Moins_1x_sem,Jamais,0.3333333333333333,64.0,17.0,Superieur,Oui,Sud_Ouest,Rural
0,0.0,0.0,40,Secondaire,Mariee,Non,Jamais,Jamais,Moins_1x_sem,0.3333333333333333,54.0,14.0,Superieur,Oui,Sud_Ouest,Rural
0,0.0,0.0,45,Primaire,Mariee,Non,Jamais,Jamais,Jamais,0.0,50.0,5.0,Superieur,Oui,Sud_Ouest,Rural
1,1.0,1.0,25,Primaire,Union_libre,Non,Jamais,Moins_1x_sem,Jamais,0.3333333333333333,32.0,7.0,Secondaire,Oui,Sud_Ouest,Rural
0,0.0,0.0,36,Primaire,Union_libre,Non,Jamais,Au_moins_1x_sem,Moins_1x_sem,1.0,38.0,2.0,Secondaire,Non,Sud_Ouest,Rural
0,0.0,0.0,34,Primaire,Mariee,Non,Jamais,Moins_1x_sem,Moins_1x_sem,0.6666666666666666,67.0,33.0,Primaire,Non,Nord_Ouest,Urbain
0,0.0,0.0,37,Aucun,Mariee,Non,Jamais,Jamais,Au_moins_1x_sem,0.6666666666666666,37.0,0.0,Superieur,Non,Nord_Ouest,Urbain
0,0.0,0.0,40,Primaire,Veuve,Non,Jamais,Jamais,Au_moins_1x_sem,0.6666666666666666,38.0,8.0,Superieur,Non,Nord_Ouest,Urbain
0,0.0,0.0,45,Aucun,Mariee,Non,Jamais,Jamais,Au_moins_1x_sem,0.6666666666666666,66.0,21.0,Primaire,Non,Nord_Ouest,Urbain
0,0.0,0.0,49,Aucun,Mariee,Non,Jamais,Jamais,Jamais,0.0,60.0,11.0,Secondaire,Non,Nord_Ouest,Urbain
0,0.0,0.0,18,Primaire,Separee,Non,Jamais,Jamais,Jamais,0.0,38.0,8.0,Superieur,Non,Nord_Ouest,Urbain
0,0.0,0.0,18,Aucun,Mariee,Non,Jamais,Jamais,Jamais,0.0,32.0,14.0,Superieur,Non,Nord_Ouest,Urbain
0,0.0,0.0,20,Secondaire,Mariee,Non,Jamais,Jamais,Au_moins_1x_sem,0.6666666666666666,48.0,28.0,Primaire,Non,Nord_Ouest,Urbain
0,0.0,0.0,35,Aucun,Mariee,Non,Jamais,Jamais,Jamais,0.0,47.0,12.0,Aucun,Non,Nord_Ouest,Urbain
1,1.0,1.0,41,Primaire,Mariee,Non,Jamais,Moins_1x_sem,Jamais,0.3333333333333333,48.0,7.0,Primaire,Non,Nord_Ouest,Urbain
0,0.0,0.0,22,Primaire,Separee,Non,Jamais,Jamais,Moins_1x_sem,0.3333333333333333,38.0,8.0,Superieur,Non,Nord_Ouest,Urbain
0,0.0,0.0,28,Secondaire,Separee,Non,Jamais,Moins_1x_sem,Au_moins_1x_sem,1.0,38.0,8.0,Superieur,Non,Nord_Ouest,Urbain
0,0.0,0.0,49,Secondaire,Veuve,Non,Jamais,Jamais,Moins_1x_sem,0.3333333333333333,38.0,8.0,Superieur,Non,Nord_Ouest,Urbain
0,0.0,0.0,25,Primaire,Mariee,Non,Jamais,Au_moins_1x_sem,Au_moins_1x_sem,1.3333333333333333,34.0,9.0,Superieur,Non,Littoral,Urbain
0,0.0,0.0,29,Secondaire,Union_libre,Oui,Jamais,Jamais,Au_moins_1x_sem,0.6666666666666666,34.0,5.0,Superieur,Oui,Littoral,Urbain
0,0.0,0.0,40,Primaire,Mariee,Non,Jamais,Jamais,Jamais,0.0,50.0,10.0,Secondaire,Non,Littoral,Urbain
0,0.0,0.0,24,Secondaire,Mariee,Non,Moins_1x_sem,Jamais,Au_moins_1x_sem,1.0,30.0,6.0,Superieur,Non,Littoral,Urbain
0,0.0,0.0,22,Primaire,Mariee,Non,Moins_1x_sem,Au_moins_1x_sem,Au_moins_1x_sem,1.6666666666666667,30.0,8.0,Secondaire,Non,Littoral,Urbain
1,1.0,0.0,25,Secondaire,Mariee,Non,Jamais,Jamais,Au_moins_1x_sem,0.6666666666666666,38.0,13.0,Superieur,Oui,Littoral,Urbain
0,0.0,0.0,26,Secondaire,Mariee,Non,Jamais,Au_moins_1x_sem,Au_moins_1x_sem,1.3333333333333333,29.0,3.0,Superieur,Non,Littoral,Urbain
0,0.0,0.0,40,Secondaire,Mariee,Non,Moins_1x_sem,Au_moins_1x_sem,Au_moins_1x_sem,1.6666666666666667,50.0,10.0,Superieur,Non,Littoral,Urbain
1,1.0,0.0,30,Secondaire,Mariee,Oui,Moins_1x_sem,Moins_1x_sem,Moins_1x_sem,1.0,42.0,12.0,Superieur,Oui,Littoral,Urbain
1,1.0,0.0,40,Primaire,Mariee,Non,Jamais,Jamais,Jamais,0.0,43.0,3.0,Secondaire,Non,Littoral,Urbain
1,1.0,1.0,30,Secondaire,Mariee,Non,Jamais,Jamais,Au_moins_1x_sem,0.6666666666666666,40.0,10.0,Secondaire,Non,Littoral,Urbain
1,1.0,1.0,45,Secondaire,Mariee,Non,Jamais,Au_moins_1x_sem,Moins_1x_sem,1.0,70.0,25.0,Secondaire,Oui,Littoral,Urbain
1,1.0,0.0,23,Primaire,Union_libre,Non,Jamais,Moins_1x_sem,Au_moins_1x_sem,1.0,30.0,7.0,Superieur,Oui,Est,Urbain
0,0.0,0.0,37,Secondaire,Union_libre,Non,Moins_1x_sem,Au_moins_1x_sem,Au_moins_1x_sem,1.6666666666666667,45.0,8.0,Superieur,Oui,Est,Urbain
0,0.0,0.0,26,Secondaire,Mariee,Non,Jamais,Au_moins_1x_sem,Au_moins_1x_sem,1.3333333333333333,35.0,9.0,Secondaire,Oui,Est,Urbain
0,0.0,0.0,33,Secondaire,Union_libre,Non,Jamais,Jamais,Au_moins_1x_sem,0.6666666666666666,47.0,14.0,Secondaire,Oui,Est,Urbain
0,0.0,0.0,24,Secondaire,Union_libre,Non,Jamais,Jamais,Au_moins_1x_sem,0.6666666666666666,31.0,7.0,Secondaire,Oui,Est,Urbain
0,0.0,0.0,40,Secondaire,Separee,Non,Jamais,Jamais,Au_moins_1x_sem,0.6666666666666666,38.0,8.0,Superieur,Oui,Est,Urbain
0,0.0,0.0,24,Secondaire,Mariee,Non,Jamais,Au_moins_1x_sem,Au_moins_1x_sem,1.3333333333333333,27.0,3.0,Superieur,Non,Est,Urbain
1,1.0,0.0,40,Secondaire,Mariee,Non,Moins_1x_sem,Jamais,Au_moins_1x_sem,1.0,43.0,3.0,Superieur,Oui,Est,Urbain
1,1.0,0.0,29,Secondaire,Mariee,Non,Jamais,Jamais,Au_moins_1x_sem,0.6666666666666666,43.0,14.0,Secondaire,Oui,Est,Urbain
0,0.0,0.0,32,Secondaire,Mariee,Oui,Jamais,Au_moins_1x_sem,Au_moins_1x_sem,1.3333333333333333,62.0,30.0,Superieur,Oui,Est,Urbain
1,1.0,0.0,39,Secondaire,Mariee,Non,Jamais,Jamais,Au_moins_1x_sem,0.6666666666666666,49.0,10.0,Superieur,Oui,Est,Urbain
1,1.0,0.0,24,Superieur,Union_libre,Non,Jamais,Jamais,Au_moins_1x_sem,0.6666666666666666,32.0,8.0,Superieur,Oui,Est,Urbain
1,1.0,0.0,28,Primaire,Union_libre,Non,Jamais,Jamais,Jamais,0.0,42.0,14.0,Superieur,Oui,Est,Urbain
0,0.0,0.0,43,Secondaire,Mariee,Non,Jamais,Moins_1x_sem,Jamais,0.3333333333333333,50.0,7.0,Secondaire,Oui,Sud,Rural
0,0.0,0.0,36,Primaire,Mariee,Non,Jamais,Au_moins_1x_sem,Au_moins_1x_sem,1.3333333333333333,47.0,11.0,Primaire,Oui,Sud,Rural
0,0.0,0.0,49,Superieur,Mariee,Non,Jamais,Au_moins_1x_sem,Au_moins_1x_sem,1.3333333333333333,54.0,5.0,Superieur,Oui,Sud,Rural
0,0.0,0.0,25,Secondaire,Union_libre,Non,Jamais,Au_moins_1x_sem,Au_moins_1x_sem,1.3333333333333333,27.0,2.0,Primaire,Oui,Sud,Rural
0,0.0,0.0,46,Primaire,Mariee,Non,Jamais,Au_moins_1x_sem,Au_moins_1x_sem,1.3333333333333333,49.0,3.0,Superieur,Oui,Sud,Rural
1,1.0,0.0,30,Primaire,Separee,Non,Jamais,Au_moins_1x_sem,Au_moins_1x_sem,1.3333333333333333,38.0,8.0,Superieur,Non,Sud,Rural
0,0.0,0.0,47,Secondaire,Mariee,Non,Jamais,Au_moins_1x_sem,Au_moins_1x_sem,1.3333333333333333,93.0,46.0,Aucun,Oui,Sud,Rural
0,0.0,0.0,37,Primaire,Union_libre,Non,Jamais,Moins_1x_sem,Jamais,0.3333333333333333,45.0,8.0,Superieur,Oui,Sud,Rural
1,1.0,0.0,39,Primaire,Mariee,Non,Jamais,Au_moins_1x_sem,Au_moins_1x_sem,1.3333333333333333,41.0,2.0,Primaire,Oui,Sud,Rural
0,0.0,0.0,41,Secondaire,Union_libre,Non,Moins_1x_sem,Au_moins_1x_sem,Au_moins_1x_sem,1.6666666666666667,50.0,9.0,Superieur,Oui,Sud,Rural
0,0.0,0.0,17,Secondaire,Mariee,Non,Jamais,Moins_1x_sem,Jamais,0.3333333333333333,24.0,7.0,Superieur,Non,Ouest,Rural
0,0.0,0.0,40,Primaire,Separee,Non,Moins_1x_sem,Moins_1x_sem,Jamais,0.6666666666666666,38.0,8.0,Superieur,Oui,Ouest,Rural
0,0.0,0.0,32,Primaire,Mariee,Oui,Jamais,Moins_1x_sem,Moins_1x_sem,0.6666666666666666,42.0,10.0,Secondaire,Oui,Ouest,Rural
0,0.0,0.0,16,Secondaire,Mariee,Non,Jamais,Jamais,Jamais,0.0,28.0,12.0,Superieur,Oui,Ouest,Rural
0,0.0,0.0,28,Primaire,Mariee,Non,Jamais,Au_moins_1x_sem,Jamais,0.6666666666666666,40.0,12.0,Secondaire,Oui,Ouest,Rural
0,0.0,0.0,40,Primaire,Mariee,Non,Jamais,Jamais,Jamais,0.0,57.0,17.0,Secondaire,Non,Ouest,Rural
0,0.0,0.0,40,Secondaire,Mariee,Non,Jamais,Au_moins_1x_sem,Jamais,0.6666666666666666,48.0,8.0,Superieur,Oui,Ouest,Rural
0,0.0,0.0,31,Primaire,Mariee,Non,Jamais,Moins_1x_sem,Au_moins_1x_sem,1.0,45.0,14.0,Secondaire,Non,Ouest,Rural
1,1.0,0.0,21,Secondaire,Mariee,Non,Jamais,Jamais,Jamais,0.0,30.0,9.0,Secondaire,Oui,Ouest,Rural
0,0.0,0.0,40,Primaire,Veuve,Non,Jamais,Moins_1x_sem,Jamais,0.3333333333333333,38.0,8.0,Superieur,Oui,Ouest,Rural
0,0.0,0.0,21,Secondaire,Mariee,Non,Jamais,Moins_1x_sem,Au_moins_1x_sem,1.0,28.0,7.0,Superieur,Oui,Ouest,Rural
0,0.0,0.0,29,Primaire,Mariee,Non,Jamais,Jamais,Jamais,0.0,32.0,3.0,Secondaire,Oui,Ouest,Rural
0,0.0,0.0,43,Primaire,Mariee,Non,Jamais,Moins_1x_sem,Au_moins_1x_sem,1.0,48.0,5.0,Secondaire,Oui,Ouest,Rural
0,0.0,0.0,41,Secondaire,Veuve,Non,Jamais,Jamais,Jamais,0.0,38.0,8.0,Superieur,Oui,Ouest,Rural
0,0.0,0.0,44,Primaire,Union_libre,Non,Moins_1x_sem,Moins_1x_sem,Moins_1x_sem,1.0,50.0,6.0,Superieur,Non,Ouest,Rural
0,0.0,0.0,24,Primaire,Mariee,Non,Jamais,Jamais,Au_moins_1x_sem,0.6666666666666666,26.0,2.0,Secondaire,Non,Ouest,Rural
0,0.0,0.0,39,Secondaire,Mariee,Non,Jamais,Jamais,Jamais,0.0,64.0,25.0,Aucun,Non,Ouest,Rural
1,1.0,0.0,46,Primaire,Veuve,Non,Jamais,Moins_1x_sem,Moins_1x_sem,0.6666666666666666,38.0,8.0,Superieur,Oui,Ouest,Rural
1,1.0,1.0,41,Primaire,Veuve,Non,Jamais,Jamais,Jamais,0.0,38.0,8.0,Superieur,Non,Ouest,Rural
0,0.0,0.0,24,Superieur,Union_libre,Non,Jamais,Jamais,Au_moins_1x_sem,0.6666666666666666,31.0,7.0,Superieur,Oui,Ouest,Rural
0,0.0,0.0,28,Secondaire,Mariee,Non,Moins_1x_sem,Moins_1x_sem,Au_moins_1x_sem,1.3333333333333333,38.0,10.0,Superieur,Non,Ouest,Rural
0,0.0,0.0,20,Secondaire,Mariee,Oui,Jamais,Moins_1x_sem,Moins_1x_sem,0.6666666666666666,26.0,6.0,Superieur,Non,Sud,Urbain
0,0.0,0.0,20,Primaire,Mariee,Non,Jamais,Jamais,Au_moins_1x_sem,0.6666666666666666,27.0,7.0,Superieur,Non,Sud,Urbain
0,0.0,0.0,48,Primaire,Mariee,Non,Jamais,Jamais,Au_moins_1x_sem,0.6666666666666666,50.0,2.0,Superieur,Non,Sud,Urbain
0,0.0,0.0,30,Superieur,Mariee,Non,Jamais,Jamais,Au_moins_1x_sem,0.6666666666666666,33.0,3.0,Superieur,Non,Sud,Urbain
0,0.0,0.0,26,Secondaire,Mariee,Oui,Jamais,Jamais,Au_moins_1x_sem,0.6666666666666666,37.0,11.0,Primaire,Non,Sud,Urbain
0,0.0,0.0,38,Primaire,Veuve,Non,Jamais,Jamais,Au_moins_1x_sem,0.6666666666666666,38.0,8.0,Superieur,Non,Sud,Urbain
1,1.0,0.0,48,Primaire,Mariee,Non,Jamais,Jamais,Au_moins_1x_sem,0.6666666666666666,48.0,0.0,Primaire,Oui,Sud,Urbain
0,0.0,0.0,26,Primaire,Mariee,Non,Jamais,Jamais,Au_moins_1x_sem,0.6666666666666666,29.0,3.0,Primaire,Non,Sud,Urbain
1,1.0,0.0,24,Secondaire,Union_libre,Non,Jamais,Moins_1x_sem,Moins_1x_sem,0.6666666666666666,35.0,11.0,Superieur,Oui,Sud,Urbain
1,1.0,1.0,38,Primaire,Mariee,Oui,Moins_1x_sem,Jamais,Au_moins_1x_sem,1.0,50.0,12.0,Primaire,Non,Sud,Urbain
0,0.0,0.0,28,Secondaire,Mariee,Non,Jamais,Au_moins_1x_sem,Au_moins_1x_sem,1.3333333333333333,30.0,2.0,Superieur,Non,Sud,Urbain
1,1.0,0.0,26,Secondaire,Mariee,Non,Jamais,Jamais,Au_moins_1x_sem,0.6666666666666666,34.0,8.0,Superieur,Oui,Sud,Urbain
1,1.0,0.0,44,Secondaire,Mariee,Non,Jamais,Moins_1x_sem,Au_moins_1x_sem,1.0,53.0,9.0,Superieur,Oui,Sud,Urbain
0,0.0,0.0,33,Primaire,Mariee,Oui,Moins_1x_sem,Moins_1x_sem,Moins_1x_sem,1.0,40.0,7.0,Superieur,Non,Littoral,Urbain
1,1.0,0.0,22,Aucun,Separee,Non,Jamais,Jamais,Au_moins_1x_sem,0.6666666666666666,38.0,8.0,Superieur,Non,Littoral,Urbain
0,0.0,0.0,40,Primaire,Mariee,Non,Moins_1x_sem,Moins_1x_sem,Au_moins_1x_sem,1.3333333333333333,45.0,5.0,Secondaire,Non,Littoral,Urbain
0,0.0,0.0,31,Superieur,Union_libre,Non,Jamais,Moins_1x_sem,Moins_1x_sem,0.6666666666666666,43.0,12.0,Superieur,Oui,Littoral,Urbain
1,1.0,0.0,18,Secondaire,Mariee,Non,Jamais,Jamais,Moins_1x_sem,0.3333333333333333,33.0,15.0,Secondaire,Non,Littoral,Urbain
0,0.0,0.0,40,Secondaire,Divorcee,Non,Jamais,Moins_1x_sem,Au_moins_1x_sem,1.0,38.0,8.0,Superieur,Non,Littoral,Urbain
0,0.0,0.0,37,Secondaire,Mariee,Non,Au_moins_1x_sem,Moins_1x_sem,Au_moins_1x_sem,1.6666666666666667,57.0,20.0,Superieur,Non,Littoral,Urbain
0,0.0,0.0,45,Aucun,Mariee,Non,Jamais,Moins_1x_sem,Jamais,0.3333333333333333,65.0,20.0,Aucun,Non,Littoral,Urbain
0,0.0,0.0,17,Primaire,Mariee,Non,Moins_1x_sem,Moins_1x_sem,Moins_1x_sem,1.0,30.0,13.0,Secondaire,Non,Littoral,Urbain
0,0.0,0.0,31,Aucun,Mariee,Non,Jamais,Moins_1x_sem,Au_moins_1x_sem,1.0,37.0,6.0,Superieur,Non,Littoral,Urbain
1,1.0,1.0,30,Aucun,Separee,Non,Jamais,Jamais,Jamais,0.0,38.0,8.0,Superieur,Non,Littoral,Urbain
1,1.0,0.0,45,Aucun,Veuve,Non,Jamais,Jamais,Jamais,0.0,38.0,8.0,Superieur,Non,Littoral,Urbain
0,0.0,0.0,29,Primaire,Mariee,Non,Jamais,Au_moins_1x_sem,Jamais,0.6666666666666666,42.0,13.0,Secondaire,Oui,Sud_Ouest,Rural
0,0.0,0.0,18,Secondaire,Separee,Oui,Jamais,Jamais,Jamais,0.0,38.0,8.0,Superieur,Oui,Sud_Ouest,Rural
0,0.0,0.0,42,Secondaire,Mariee,Non,Jamais,Jamais,Jamais,0.0,50.0,8.0,Superieur,Oui,Sud_Ouest,Rural
0,0.0,0.0,31,Secondaire,Union_libre,Non,Jamais,Jamais,Jamais,0.0,34.0,3.0,Aucun,Oui,Sud_Ouest,Rural
1,1.0,0.0,38,Secondaire,Mariee,Non,Jamais,Jamais,Jamais,0.0,45.0,7.0,Superieur,Oui,Sud_Ouest,Rural
0,0.0,0.0,27,Superieur,Union_libre,Non,Moins_1x_sem,Moins_1x_sem,Moins_1x_sem,1.0,31.0,4.0,Superieur,Oui,Sud_Ouest,Rural
0,0.0,0.0,25,Secondaire,Mariee,Non,Jamais,Au_moins_1x_sem,Au_moins_1x_sem,1.3333333333333333,28.0,3.0,Superieur,Non,Sud_Ouest,Rural
1,1.0,0.0,24,Secondaire,Union_libre,Non,Jamais,Au_moins_1x_sem,Jamais,0.6666666666666666,32.0,8.0,Superieur,Oui,Sud_Ouest,Rural
0,0.0,0.0,36,Primaire,Mariee,Non,Jamais,Jamais,Au_moins_1x_sem,0.6666666666666666,42.0,6.0,Superieur,Non,Sud_Ouest,Rural
1,1.0,0.0,37,Secondaire,Union_libre,Non,Jamais,Moins_1x_sem,Au_moins_1x_sem,1.0,42.0,5.0,Superieur,Oui,Littoral,Urbain
1,1.0,0.0,40,Primaire,Separee,Non,Jamais,Jamais,Au_moins_1x_sem,0.6666666666666666,38.0,8.0,Superieur,Oui,Littoral,Urbain
0,0.0,0.0,19,Aucun,Mariee,Non,Jamais,Moins_1x_sem,Au_moins_1x_sem,1.0,25.0,6.0,Superieur,Non,Littoral,Urbain
1,1.0,0.0,38,Secondaire,Veuve,Non,Jamais,Jamais,Moins_1x_sem,0.3333333333333333,38.0,8.0,Superieur,Oui,Littoral,Urbain
0,0.0,0.0,22,Secondaire,Union_libre,Oui,Au_moins_1x_sem,Moins_1x_sem,Moins_1x_sem,1.3333333333333333,28.0,6.0,Superieur,Non,Littoral,Urbain
1,1.0,1.0,27,Primaire,Mariee,Non,Jamais,Au_moins_1x_sem,Moins_1x_sem,1.0,30.0,3.0,Aucun,Oui,Littoral,Urbain
0,0.0,0.0,32,Secondaire,Union_libre,Non,Moins_1x_sem,Moins_1x_sem,Au_moins_1x_sem,1.3333333333333333,36.0,4.0,Superieur,Oui,Littoral,Urbain
0,0.0,0.0,33,Secondaire,Separee,Non,Jamais,Jamais,Au_moins_1x_sem,0.6666666666666666,38.0,8.0,Superieur,Oui,Littoral,Urbain
0,0.0,0.0,29,Secondaire,Mariee,Non,Jamais,Moins_1x_sem,Au_moins_1x_sem,1.0,38.0,9.0,Superieur,Oui,Littoral,Urbain
0,0.0,0.0,40,Secondaire,Mariee,Non,Jamais,Jamais,Au_moins_1x_sem,0.6666666666666666,52.0,12.0,Superieur,Oui,Littoral,Urbain
0,0.0,0.0,47,Secondaire,Mariee,Non,Jamais,Au_moins_1x_sem,Au_moins_1x_sem,1.3333333333333333,53.0,6.0,Superieur,Non,Littoral,Urbain
0,0.0,0.0,20,Primaire,Mariee,Non,Jamais,Moins_1x_sem,Moins_1x_sem,0.6666666666666666,31.0,11.0,Superieur,Oui,Adamaoua,Rural
0,0.0,0.0,25,Aucun,Union_libre,Non,Jamais,Jamais,Jamais,0.0,30.0,5.0,Superieur,Oui,Nord_Ouest,Rural
0,0.0,0.0,16,Primaire,Mariee,Oui,Jamais,Jamais,Jamais,0.0,24.0,8.0,Superieur,Oui,Nord_Ouest,Rural
1,1.0,1.0,28,Primaire,Mariee,Non,Jamais,Jamais,Jamais,0.0,40.0,12.0,Aucun,Non,Nord_Ouest,Rural
0,0.0,0.0,43,Aucun,Veuve,Non,Jamais,Jamais,Jamais,0.0,38.0,8.0,Superieur,Non,Nord_Ouest,Rural
0,0.0,0.0,42,Aucun,Mariee,Non,Jamais,Moins_1x_sem,Jamais,0.3333333333333333,53.0,11.0,Primaire,Oui,Nord_Ouest,Rural
0,0.0,0.0,36,Aucun,Union_libre,Non,Jamais,Jamais,Jamais,0.0,67.0,31.0,Primaire,Oui,Nord_Ouest,Rural
1,1.0,1.0,28,Primaire,Mariee,Non,Jamais,Moins_1x_sem,Moins_1x_sem,0.6666666666666666,40.0,12.0,Aucun,Oui,Nord_Ouest,Rural
1,1.0,1.0,24,Primaire,Mariee,Non,Jamais,Jamais,Jamais,0.0,33.0,9.0,Secondaire,Oui,Nord_Ouest,Rural
1,1.0,1.0,42,Aucun,Mariee,Non,Jamais,Jamais,Jamais,0.0,57.0,15.0,Secondaire,Oui,Nord_Ouest,Rural
0,0.0,0.0,18,Primaire,Mariee,Oui,Jamais,Jamais,Jamais,0.0,45.0,27.0,Aucun,Non,Nord_Ouest,Rural
0,0.0,0.0,37,Aucun,Veuve,Non,Jamais,Jamais,Jamais,0.0,38.0,8.0,Superieur,Oui,Nord_Ouest,Rural
0,0.0,0.0,35,Primaire,Mariee,Non,Jamais,Jamais,Jamais,0.0,53.0,18.0,Secondaire,Oui,Nord_Ouest,Rural
1,1.0,1.0,28,Aucun,Mariee,Non,Jamais,Jamais,Jamais,0.0,55.0,27.0,Aucun,Oui,Nord_Ouest,Rural
0,0.0,0.0,38,Secondaire,Mariee,Oui,Jamais,Jamais,Au_moins_1x_sem,0.6666666666666666,40.0,2.0,Superieur,Oui,Littoral,Urbain
0,0.0,0.0,24,Secondaire,Union_libre,Non,Jamais,Jamais,Au_moins_1x_sem,0.6666666666666666,30.0,6.0,Superieur,Oui,Centre,Rural
1,1.0,1.0,27,Secondaire,Union_libre,Non,Jamais,Jamais,Jamais,0.0,43.0,16.0,Primaire,Oui,Centre,Rural
1,1.0,1.0,22,Secondaire,Union_libre,Non,Jamais,Moins_1x_sem,Au_moins_1x_sem,1.0,34.0,12.0,Superieur,Oui,Centre,Rural
1,1.0,1.0,43,Secondaire,Mariee,Non,Jamais,Jamais,Au_moins_1x_sem,0.6666666666666666,50.0,7.0,Superieur,Oui,Centre,Rural
0,0.0,0.0,42,Primaire,Mariee,Non,Jamais,Jamais,Jamais,0.0,42.0,0.0,Secondaire,Oui,Centre,Rural
0,0.0,0.0,18,Secondaire,Union_libre,Non,Moins_1x_sem,Moins_1x_sem,Moins_1x_sem,1.0,19.0,1.0,Superieur,Oui,Centre,Rural
1,1.0,1.0,28,Secondaire,Mariee,Non,Jamais,Au_moins_1x_sem,Au_moins_1x_sem,1.3333333333333333,33.0,5.0,Superieur,Non,Centre,Rural
1,1.0,0.0,38,Primaire,Mariee,Non,Jamais,Au_moins_1x_sem,Au_moins_1x_sem,1.3333333333333333,53.0,15.0,Secondaire,Oui,Centre,Rural
0,0.0,0.0,23,Secondaire,Union_libre,Non,Jamais,Moins_1x_sem,Au_moins_1x_sem,1.0,25.0,2.0,Superieur,Oui,Centre,Rural
1,1.0,1.0,47,Secondaire,Divorcee,Non,Jamais,Au_moins_1x_sem,Au_moins_1x_sem,1.3333333333333333,38.0,8.0,Superieur,Non,Sud_Ouest,Urbain
0,0.0,0.0,28,Secondaire,Union_libre,Oui,Moins_1x_sem,Jamais,Au_moins_1x_sem,1.0,32.0,4.0,Superieur,Oui,Sud_Ouest,Urbain
1,0.0,1.0,34,Secondaire,Mariee,Non,Moins_1x_sem,Moins_1x_sem,Au_moins_1x_sem,1.3333333333333333,47.0,13.0,Superieur,Oui,Sud_Ouest,Urbain
0,0.0,0.0,49,Secondaire,Mariee,Non,Jamais,Au_moins_1x_sem,Au_moins_1x_sem,1.3333333333333333,55.0,6.0,Superieur,Non,Sud_Ouest,Urbain
1,1.0,0.0,25,Secondaire,Union_libre,Non,Moins_1x_sem,Moins_1x_sem,Moins_1x_sem,1.0,32.0,7.0,Superieur,Oui,Sud_Ouest,Urbain
1,1.0,0.0,27,Secondaire,Union_libre,Non,Jamais,Jamais,Au_moins_1x_sem,0.6666666666666666,32.0,5.0,Superieur,Oui,Sud_Ouest,Urbain
1,1.0,0.0,37,Secondaire,Mariee,Non,Jamais,Au_moins_1x_sem,Au_moins_1x_sem,1.3333333333333333,41.0,4.0,Primaire,Non,Sud_Ouest,Urbain
0,0.0,0.0,23,Secondaire,Union_libre,Non,Jamais,Moins_1x_sem,Au_moins_1x_sem,1.0,32.0,9.0,Superieur,Oui,Sud_Ouest,Urbain
1,1.0,0.0,32,Secondaire,Mariee,Non,Moins_1x_sem,Moins_1x_sem,Au_moins_1x_sem,1.3333333333333333,42.0,10.0,Superieur,Oui,Sud_Ouest,Urbain
0,0.0,0.0,23,Secondaire,Separee,Oui,Jamais,Jamais,Au_moins_1x_sem,0.6666666666666666,38.0,8.0,Superieur,Non,Sud_Ouest,Urbain
1,1.0,1.0,36,Secondaire,Separee,Non,Jamais,Jamais,Au_moins_1x_sem,0.6666666666666666,38.0,8.0,Superieur,Oui,Sud_Ouest,Urbain
0,0.0,0.0,28,Secondaire,Mariee,Oui,Au_moins_1x_sem,Au_moins_1x_sem,Au_moins_1x_sem,2.0,35.0,7.0,Superieur,Non,Sud_Ouest,Urbain
0,0.0,0.0,23,Secondaire,Union_libre,Non,Moins_1x_sem,Jamais,Au_moins_1x_sem,1.0,30.0,7.0,Superieur,Oui,Sud_Ouest,Urbain
0,0.0,0.0,32,Superieur,Mariee,Non,Jamais,Jamais,Au_moins_1x_sem,0.6666666666666666,32.0,0.0,Superieur,Oui,Littoral,Urbain
1,1.0,1.0,20,Secondaire,Mariee,Non,Jamais,Jamais,Au_moins_1x_sem,0.6666666666666666,23.0,3.0,Superieur,Non,Littoral,Urbain
1,1.0,1.0,32,Primaire,Mariee,Non,Jamais,Jamais,Au_moins_1x_sem,0.6666666666666666,37.0,5.0,Superieur,Oui,Littoral,Urbain
0,0.0,0.0,21,Primaire,Mariee,Non,Jamais,Moins_1x_sem,Au_moins_1x_sem,1.0,35.0,14.0,Superieur,Non,Littoral,Urbain
0,0.0,0.0,27,Secondaire,Mariee,Non,Jamais,Au_moins_1x_sem,Jamais,0.6666666666666666,42.0,15.0,Superieur,Oui,Littoral,Urbain
0,0.0,0.0,19,Secondaire,Union_libre,Non,Moins_1x_sem,Jamais,Jamais,0.3333333333333333,33.0,14.0,Superieur,Non,Littoral,Urbain
0,0.0,0.0,23,Secondaire,Mariee,Oui,Jamais,Jamais,Au_moins_1x_sem,0.6666666666666666,30.0,7.0,Secondaire,Non,Littoral,Urbain
0,0.0,0.0,35,Secondaire,Separee,Non,Jamais,Jamais,Au_moins_1x_sem,0.6666666666666666,38.0,8.0,Superieur,Oui,Littoral,Urbain
0,0.0,0.0,29,Superieur,Mariee,Non,Au_moins_1x_sem,Moins_1x_sem,Moins_1x_sem,1.3333333333333333,39.0,10.0,Superieur,Non,Littoral,Urbain
0,0.0,0.0,26,Superieur,Mariee,Oui,Jamais,Au_moins_1x_sem,Au_moins_1x_sem,1.3333333333333333,34.0,8.0,Superieur,Oui,Littoral,Urbain
1,1.0,0.0,38,Aucun,Mariee,Oui,Jamais,Jamais,Jamais,0.0,49.0,11.0,Primaire,Non,Nord_Ouest,Rural
0,0.0,0.0,24,Primaire,Union_libre,Oui,Jamais,Jamais,Jamais,0.0,22.0,-2.0,Superieur,Oui,Nord_Ouest,Rural
0,0.0,0.0,22,Primaire,Mariee,Non,Jamais,Jamais,Jamais,0.0,38.0,16.0,Primaire,Non,Nord_Ouest,Rural
0,0.0,0.0,32,Primaire,Veuve,Non,Jamais,Jamais,Jamais,0.0,38.0,8.0,Superieur,Non,Nord_Ouest,Rural
0,0.0,0.0,27,Secondaire,Mariee,Oui,Jamais,Moins_1x_sem,Jamais,0.3333333333333333,45.0,18.0,Superieur,Non,Nord_Ouest,Rural
0,0.0,0.0,19,Secondaire,Mariee,Non,Jamais,Moins_1x_sem,Jamais,0.3333333333333333,31.0,12.0,Secondaire,Non,Nord_Ouest,Rural
1,1.0,0.0,30,Primaire,Mariee,Non,Jamais,Jamais,Jamais,0.0,64.0,34.0,Aucun,Non,Nord_Ouest,Rural
0,0.0,0.0,37,Primaire,Mariee,Non,Jamais,Jamais,Jamais,0.0,46.0,9.0,Primaire,Oui,Nord_Ouest,Rural
0,0.0,0.0,42,Primaire,Veuve,Non,Jamais,Jamais,Jamais,0.0,38.0,8.0,Superieur,Non,Nord_Ouest,Rural
1,1.0,1.0,37,Primaire,Mariee,Oui,Jamais,Jamais,Jamais,0.0,43.0,6.0,Superieur,Non,Nord_Ouest,Rural
0,0.0,0.0,19,Secondaire,Mariee,Non,Jamais,Jamais,Au_moins_1x_sem,0.6666666666666666,32.0,13.0,Superieur,Non,Sud_Ouest,Urbain
0,0.0,0.0,36,Primaire,Mariee,Non,Moins_1x_sem,Jamais,Au_moins_1x_sem,1.0,45.0,9.0,Secondaire,Non,Sud_Ouest,Urbain
0,0.0,0.0,26,Primaire,Mariee,Non,Jamais,Jamais,Au_moins_1x_sem,0.6666666666666666,30.0,4.0,Secondaire,Oui,Sud_Ouest,Urbain
0,0.0,0.0,38,Primaire,Mariee,Non,Jamais,Jamais,Jamais,0.0,38.0,0.0,Superieur,Non,Sud_Ouest,Urbain
1,1.0,1.0,21,Secondaire,Mariee,Non,Moins_1x_sem,Jamais,Au_moins_1x_sem,1.0,30.0,9.0,Superieur,Oui,Sud_Ouest,Urbain
1,1.0,1.0,33,Primaire,Mariee,Oui,Jamais,Moins_1x_sem,Moins_1x_sem,0.6666666666666666,45.0,12.0,Superieur,Oui,Sud_Ouest,Urbain
0,0.0,0.0,34,Primaire,Mariee,Non,Jamais,Jamais,Au_moins_1x_sem,0.6666666666666666,43.0,9.0,Superieur,Non,Est,Urbain
0,0.0,0.0,31,Primaire,Mariee,Non,Jamais,Moins_1x_sem,Au_moins_1x_sem,1.0,38.0,7.0,Superieur,Non,Est,Urbain
0,0.0,0.0,44,Secondaire,Mariee,Non,Jamais,Moins_1x_sem,Au_moins_1x_sem,1.0,55.0,11.0,Superieur,Non,Est,Urbain
0,0.0,0.0,36,Primaire,Mariee,Non,Jamais,Jamais,Moins_1x_sem,0.3333333333333333,47.0,11.0,Superieur,Non,Est,Urbain
0,0.0,0.0,26,Aucun,Mariee,Non,Jamais,Jamais,Au_moins_1x_sem,0.6666666666666666,38.0,12.0,Aucun,Non,Est,Urbain
0,0.0,0.0,41,Primaire,Mariee,Non,Jamais,Moins_1x_sem,Au_moins_1x_sem,1.0,46.0,5.0,Superieur,Non,Est,Urbain
1,1.0,1.0,45,Primaire,Separee,Non,Jamais,Moins_1x_sem,Au_moins_1x_sem,1.0,38.0,8.0,Superieur,Oui,Est,Urbain
0,0.0,0.0,29,Secondaire,Mariee,Oui,Jamais,Jamais,Au_moins_1x_sem,0.6666666666666666,33.0,4.0,Superieur,Non,Sud,Urbain
0,0.0,0.0,28,Primaire,Union_libre,Non,Jamais,Jamais,Jamais,0.0,32.0,4.0,Secondaire,Oui,Sud,Urbain
0,0.0,0.0,30,Primaire,Mariee,Oui,Jamais,Au_moins_1x_sem,Au_moins_1x_sem,1.3333333333333333,34.0,4.0,Superieur,Oui,Sud,Urbain
0,0.0,0.0,47,Secondaire,Mariee,Non,Jamais,Au_moins_1x_sem,Au_moins_1x_sem,1.3333333333333333,55.0,8.0,Superieur,Oui,Sud,Urbain
0,0.0,0.0,35,Secondaire,Mariee,Non,Jamais,Moins_1x_sem,Moins_1x_sem,0.6666666666666666,48.0,13.0,Superieur,Oui,Sud,Urbain
0,0.0,0.0,33,Primaire,Union_libre,Non,Moins_1x_sem,Au_moins_1x_sem,Au_moins_1x_sem,1.6666666666666667,33.0,0.0,Primaire,Oui,Sud,Urbain
0,0.0,0.0,30,Secondaire,Mariee,Non,Jamais,Au_moins_1x_sem,Au_moins_1x_sem,1.3333333333333333,30.0,0.0,Secondaire,Non,Sud,Urbain
0,0.0,0.0,31,Secondaire,Union_libre,Non,Jamais,Moins_1x_sem,Au_moins_1x_sem,1.0,35.0,4.0,Superieur,Non,Sud,Urbain
0,0.0,0.0,27,Secondaire,Mariee,Non,Jamais,Moins_1x_sem,Au_moins_1x_sem,1.0,33.0,6.0,Superieur,Non,Sud,Urbain
0,0.0,0.0,22,Primaire,Union_libre,Oui,Jamais,Moins_1x_sem,Au_moins_1x_sem,1.0,26.0,4.0,Superieur,Non,Sud,Urbain
0,0.0,0.0,39,Primaire,Union_libre,Non,Jamais,Au_moins_1x_sem,Moins_1x_sem,1.0,34.0,-5.0,Secondaire,Non,Sud,Urbain
0,0.0,0.0,24,Primaire,Mariee,Non,Jamais,Jamais,Jamais,0.0,30.0,6.0,Superieur,Non,Sud,Urbain
0,0.0,0.0,26,Primaire,Union_libre,Non,Jamais,Jamais,Moins_1x_sem,0.3333333333333333,52.0,26.0,Secondaire,Non,Sud,Urbain
1,1.0,0.0,30,Primaire,Veuve,Non,Jamais,Jamais,Jamais,0.0,38.0,8.0,Superieur,Non,Sud,Urbain
1,1.0,0.0,16,Secondaire,Mariee,Non,Jamais,Jamais,Jamais,0.0,21.0,5.0,Superieur,Non,Sud,Urbain
0,0.0,0.0,22,Secondaire,Mariee,Oui,Jamais,Moins_1x_sem,Moins_1x_sem,0.6666666666666666,42.0,20.0,Secondaire,Non,Sud,Urbain
0,0.0,0.0,42,Primaire,Mariee,Non,Jamais,Jamais,Moins_1x_sem,0.3333333333333333,67.0,25.0,Superieur,Non,Sud,Urbain
1,1.0,0.0,48,Primaire,Mariee,Non,Jamais,Jamais,Moins_1x_sem,0.3333333333333333,65.0,17.0,Superieur,Non,Sud,Urbain
1,1.0,0.0,28,Primaire,Mariee,Oui,Jamais,Jamais,Jamais,0.0,35.0,7.0,Secondaire,Non,Sud,Urbain
0,0.0,0.0,49,Aucun,Mariee,Non,Jamais,Jamais,Jamais,0.0,55.0,6.0,Superieur,Oui,Sud,Urbain
1,1.0,1.0,37,Secondaire,Mariee,Non,Jamais,Jamais,Moins_1x_sem,0.3333333333333333,50.0,13.0,Superieur,Non,Sud,Urbain
1,1.0,0.0,22,Primaire,Union_libre,Non,Moins_1x_sem,Jamais,Au_moins_1x_sem,1.0,30.0,8.0,Aucun,Non,Sud,Urbain
1,1.0,0.0,21,Secondaire,Mariee,Non,Jamais,Moins_1x_sem,Au_moins_1x_sem,1.0,36.0,15.0,Superieur,Non,Sud,Urbain
1,1.0,0.0,23,Secondaire,Mariee,Non,Jamais,Jamais,Moins_1x_sem,0.3333333333333333,27.0,4.0,Superieur,Non,Sud,Urbain
0,0.0,0.0,40,Primaire,Mariee,Non,Jamais,Moins_1x_sem,Au_moins_1x_sem,1.0,40.0,0.0,Superieur,Non,Sud,Urbain
1,1.0,0.0,22,Secondaire,Union_libre,Non,Jamais,Moins_1x_sem,Moins_1x_sem,0.6666666666666666,29.0,7.0,Superieur,Non,Sud,Urbain
0,0.0,0.0,21,Primaire,Union_libre,Non,Jamais,Moins_1x_sem,Au_moins_1x_sem,1.0,26.0,5.0,Superieur,Non,Sud,Urbain
1,1.0,0.0,25,Secondaire,Mariee,Non,Moins_1x_sem,Jamais,Au_moins_1x_sem,1.0,39.0,14.0,Superieur,Oui,Littoral,Urbain
0,0.0,0.0,19,Primaire,Union_libre,Non,Jamais,Jamais,Au_moins_1x_sem,0.6666666666666666,38.0,19.0,Primaire,Oui,Littoral,Urbain
1,1.0,0.0,20,Primaire,Mariee,Non,Jamais,Jamais,Au_moins_1x_sem,0.6666666666666666,38.0,18.0,Superieur,Non,Littoral,Urbain
0,0.0,0.0,22,Secondaire,Mariee,Non,Jamais,Jamais,Au_moins_1x_sem,0.6666666666666666,29.0,7.0,Superieur,Non,Littoral,Urbain
1,1.0,0.0,26,Secondaire,Union_libre,Non,Jamais,Au_moins_1x_sem,Au_moins_1x_sem,1.3333333333333333,29.0,3.0,Superieur,Oui,Littoral,Urbain
0,0.0,0.0,28,Secondaire,Union_libre,Non,Jamais,Moins_1x_sem,Au_moins_1x_sem,1.0,36.0,8.0,Superieur,Non,Littoral,Urbain
0,0.0,0.0,24,Primaire,Mariee,Non,Jamais,Au_moins_1x_sem,Au_moins_1x_sem,1.3333333333333333,31.0,7.0,Superieur,Oui,Ouest,Urbain
0,0.0,0.0,47,Primaire,Mariee,Non,Jamais,Au_moins_1x_sem,Au_moins_1x_sem,1.3333333333333333,42.0,-5.0,Secondaire,Non,Ouest,Urbain
0,0.0,0.0,28,Secondaire,Separee,Non,Jamais,Au_moins_1x_sem,Au_moins_1x_sem,1.3333333333333333,38.0,8.0,Superieur,Oui,Ouest,Urbain
0,0.0,0.0,27,Secondaire,Mariee,Non,Jamais,Au_moins_1x_sem,Au_moins_1x_sem,1.3333333333333333,34.0,7.0,Superieur,Oui,Ouest,Urbain
0,0.0,0.0,18,Primaire,Separee,Non,Moins_1x_sem,Moins_1x_sem,Au_moins_1x_sem,1.3333333333333333,38.0,8.0,Superieur,Oui,Ouest,Urbain
0,0.0,0.0,40,Primaire,Mariee,Non,Jamais,Au_moins_1x_sem,Au_moins_1x_sem,1.3333333333333333,46.0,6.0,Superieur,Non,Ouest,Urbain
0,0.0,0.0,38,Secondaire,Divorcee,Oui,Jamais,Moins_1x_sem,Au_moins_1x_sem,1.0,38.0,8.0,Superieur,Oui,Ouest,Urbain
1,1.0,1.0,40,Secondaire,Divorcee,Non,Au_moins_1x_sem,Au_moins_1x_sem,Au_moins_1x_sem,2.0,38.0,8.0,Superieur,Oui,Ouest,Urbain
1,1.0,0.0,30,Secondaire,Union_libre,Non,Moins_1x_sem,Moins_1x_sem,Moins_1x_sem,1.0,34.0,4.0,Secondaire,Oui,Ouest,Urbain
0,0.0,0.0,28,Secondaire,Mariee,Non,Jamais,Moins_1x_sem,Au_moins_1x_sem,1.0,32.0,4.0,Superieur,Oui,Ouest,Urbain
1,1.0,1.0,44,Secondaire,Veuve,Non,Moins_1x_sem,Moins_1x_sem,Moins_1x_sem,1.0,38.0,8.0,Superieur,Oui,Ouest,Urbain
1,1.0,1.0,28,Primaire,Union_libre,Non,Jamais,Moins_1x_sem,Moins_1x_sem,0.6666666666666666,45.0,17.0,Secondaire,Oui,Ouest,Urbain
1,1.0,1.0,37,Primaire,Mariee,Non,Jamais,Au_moins_1x_sem,Au_moins_1x_sem,1.3333333333333333,43.0,6.0,Superieur,Oui,Ouest,Urbain
0,0.0,0.0,28,Primaire,Mariee,Non,Jamais,Au_moins_1x_sem,Au_moins_1x_sem,1.3333333333333333,28.0,0.0,Secondaire,Oui,Ouest,Urbain
0,0.0,0.0,40,Secondaire,Mariee,Non,Jamais,Jamais,Jamais,0.0,42.0,2.0,Secondaire,Non,Ouest,Urbain
0,0.0,0.0,28,Secondaire,Mariee,Non,Jamais,Jamais,Moins_1x_sem,0.3333333333333333,32.0,4.0,Secondaire,Oui,Ouest,Urbain
0,0.0,0.0,29,Primaire,Mariee,Non,Jamais,Moins_1x_sem,Au_moins_1x_sem,1.0,40.0,11.0,Superieur,Oui,Nord,Urbain
0,0.0,0.0,43,Primaire,Mariee,Non,Jamais,Moins_1x_sem,Au_moins_1x_sem,1.0,48.0,5.0,Superieur,Oui,Nord,Urbain
1,1.0,0.0,23,Secondaire,Union_libre,Non,Jamais,Jamais,Au_moins_1x_sem,0.6666666666666666,31.0,8.0,Secondaire,Oui,Nord,Urbain
0,0.0,0.0,48,Primaire,Mariee,Non,Jamais,Au_moins_1x_sem,Jamais,0.6666666666666666,62.0,14.0,Secondaire,Non,Nord,Urbain
0,0.0,0.0,48,Secondaire,Mariee,Non,Jamais,Moins_1x_sem,Au_moins_1x_sem,1.0,49.0,1.0,Secondaire,Oui,Nord,Urbain
0,0.0,0.0,47,Secondaire,Mariee,Non,Jamais,Jamais,Jamais,0.0,50.0,3.0,Superieur,Oui,Nord,Urbain
0,0.0,0.0,22,Secondaire,Mariee,Non,Jamais,Jamais,Au_moins_1x_sem,0.6666666666666666,31.0,9.0,Superieur,Non,Nord,Urbain
0,0.0,0.0,35,Aucun,Mariee,Oui,Jamais,Jamais,Jamais,0.0,56.0,21.0,Superieur,Non,Nord,Urbain
1,1.0,0.0,32,Secondaire,Separee,Non,Jamais,Jamais,Jamais,0.0,38.0,8.0,Superieur,Oui,Nord,Urbain
1,1.0,0.0,30,Secondaire,Union_libre,Non,Jamais,Au_moins_1x_sem,Au_moins_1x_sem,1.3333333333333333,28.0,-2.0,Superieur,Non,Nord,Urbain
1,1.0,0.0,34,Primaire,Union_libre,Non,Jamais,Jamais,Au_moins_1x_sem,0.6666666666666666,36.0,2.0,Superieur,Oui,Centre,Urbain
0,0.0,0.0,26,Secondaire,Mariee,Non,Jamais,Jamais,Au_moins_1x_sem,0.6666666666666666,40.0,14.0,Superieur,Non,Centre,Urbain
0,0.0,0.0,36,Secondaire,Separee,Non,Jamais,Jamais,Au_moins_1x_sem,0.6666666666666666,38.0,8.0,Superieur,Non,Centre,Urbain
1,1.0,0.0,30,Secondaire,Union_libre,Non,Au_moins_1x_sem,Jamais,Au_moins_1x_sem,1.3333333333333333,34.0,4.0,Superieur,Oui,Centre,Urbain
1,1.0,0.0,31,Primaire,Union_libre,Non,Jamais,Jamais,Au_moins_1x_sem,0.6666666666666666,34.0,3.0,Primaire,Oui,Centre,Urbain
0,0.0,0.0,49,Primaire,Mariee,Non,Jamais,Jamais,Jamais,0.0,60.0,11.0,Secondaire,Oui,Centre,Urbain
0,0.0,0.0,41,Secondaire,Mariee,Oui,Jamais,Jamais,Jamais,0.0,44.0,3.0,Superieur,Oui,Centre,Urbain
1,1.0,0.0,30,Primaire,Mariee,Non,Jamais,Jamais,Jamais,0.0,34.0,4.0,Superieur,Oui,Centre,Urbain
1,1.0,0.0,43,Secondaire,Mariee,Non,Jamais,Jamais,Jamais,0.0,50.0,7.0,Superieur,Non,Centre,Urbain
1,1.0,1.0,27,Primaire,Mariee,Non,Jamais,Jamais,Jamais,0.0,42.0,15.0,Superieur,Oui,Centre,Urbain
0,0.0,0.0,27,Aucun,Mariee,Non,Jamais,Jamais,Jamais,0.0,35.0,8.0,Aucun,Non,Adamaoua,Urbain
0,0.0,0.0,25,Primaire,Mariee,Non,Jamais,Jamais,Jamais,0.0,35.0,10.0,Primaire,Non,Adamaoua,Urbain
0,0.0,0.0,30,Aucun,Mariee,Non,Jamais,Jamais,Moins_1x_sem,0.3333333333333333,40.0,10.0,Secondaire,Non,Adamaoua,Urbain
0,0.0,0.0,29,Aucun,Mariee,Non,Jamais,Jamais,Jamais,0.0,44.0,15.0,Aucun,Non,Adamaoua,Urbain
0,0.0,0.0,44,Aucun,Mariee,Non,Jamais,Jamais,Jamais,0.0,84.0,40.0,Aucun,Non,Adamaoua,Urbain
1,1.0,0.0,30,Aucun,Mariee,Non,Jamais,Jamais,Jamais,0.0,46.0,16.0,Primaire,Non,Adamaoua,Urbain
0,0.0,0.0,42,Aucun,Mariee,Non,Jamais,Moins_1x_sem,Moins_1x_sem,0.6666666666666666,55.0,13.0,Aucun,Non,Adamaoua,Urbain
0,0.0,0.0,40,Aucun,Mariee,Non,Jamais,Moins_1x_sem,Jamais,0.3333333333333333,63.0,23.0,Aucun,Non,Adamaoua,Urbain
0,0.0,0.0,29,Secondaire,Mariee,Non,Moins_1x_sem,Moins_1x_sem,Jamais,0.6666666666666666,50.0,21.0,Superieur,Non,Adamaoua,Urbain
0,0.0,0.0,32,Aucun,Mariee,Non,Jamais,Jamais,Jamais,0.0,50.0,18.0,Secondaire,Non,Adamaoua,Urbain
0,0.0,0.0,22,Aucun,Mariee,Non,Jamais,Jamais,Jamais,0.0,60.0,38.0,Superieur,Non,Adamaoua,Urbain
0,0.0,0.0,30,Primaire,Mariee,Non,Jamais,Jamais,Jamais,0.0,40.0,10.0,Secondaire,Non,Adamaoua,Urbain
1,1.0,0.0,47,Primaire,Mariee,Non,Jamais,Jamais,Moins_1x_sem,0.3333333333333333,50.0,3.0,Superieur,Oui,Centre,Urbain
0,0.0,0.0,25,Secondaire,Mariee,Non,Jamais,Jamais,Au_moins_1x_sem,0.6666666666666666,30.0,5.0,Superieur,Non,Centre,Urbain
1,1.0,0.0,23,Primaire,Mariee,Non,Jamais,Jamais,Au_moins_1x_sem,0.6666666666666666,33.0,10.0,Secondaire,Oui,Centre,Urbain
1,1.0,1.0,29,Primaire,Union_libre,Non,Jamais,Jamais,Moins_1x_sem,0.3333333333333333,38.0,9.0,Superieur,Non,Centre,Urbain
0,0.0,0.0,26,Secondaire,Union_libre,Non,Jamais,Jamais,Au_moins_1x_sem,0.6666666666666666,34.0,8.0,Secondaire,Non,Centre,Urbain
0,0.0,0.0,34,Secondaire,Mariee,Non,Moins_1x_sem,Jamais,Au_moins_1x_sem,1.0,50.0,16.0,Superieur,Oui,Centre,Urbain
1,1.0,0.0,35,Primaire,Union_libre,Non,Moins_1x_sem,Moins_1x_sem,Au_moins_1x_sem,1.3333333333333333,38.0,3.0,Superieur,Non,Centre,Urbain
0,0.0,0.0,42,Secondaire,Union_libre,Non,Jamais,Moins_1x_sem,Au_moins_1x_sem,1.0,41.0,-1.0,Superieur,Oui,Centre,Urbain
0,0.0,0.0,25,Aucun,Mariee,Oui,Jamais,Jamais,Jamais,0.0,39.0,14.0,Primaire,Oui,Littoral,Rural
1,1.0,0.0,31,Secondaire,Mariee,Non,Jamais,Jamais,Jamais,0.0,44.0,13.0,Primaire,Oui,Littoral,Rural
1,1.0,0.0,30,Primaire,Mariee,Non,Jamais,Jamais,Jamais,0.0,38.0,8.0,Superieur,Oui,Littoral,Rural
0,0.0,0.0,23,Secondaire,Mariee,Oui,Moins_1x_sem,Au_moins_1x_sem,Moins_1x_sem,1.3333333333333333,26.0,3.0,Superieur,Oui,Littoral,Rural
0,0.0,0.0,33,Aucun,Mariee,Non,Jamais,Jamais,Jamais,0.0,28.0,-5.0,Superieur,Oui,Littoral,Rural
1,1.0,0.0,37,Aucun,Mariee,Non,Jamais,Jamais,Jamais,0.0,55.0,18.0,Aucun,Non,Littoral,Rural
0,0.0,0.0,30,Primaire,Mariee,Non,Jamais,Jamais,Jamais,0.0,45.0,15.0,Superieur,Non,Littoral,Rural
1,1.0,1.0,33,Aucun,Mariee,Non,Jamais,Jamais,Jamais,0.0,41.0,8.0,Primaire,Oui,Littoral,Rural
0,0.0,0.0,29,Secondaire,Mariee,Non,Jamais,Jamais,Jamais,0.0,60.0,31.0,Aucun,Oui,Littoral,Rural
0,0.0,0.0,41,Aucun,Mariee,Non,Jamais,Jamais,Jamais,0.0,85.0,44.0,Aucun,Oui,Littoral,Rural
0,0.0,0.0,26,Primaire,Mariee,Non,Jamais,Jamais,Jamais,0.0,34.0,8.0,Primaire,Oui,Littoral,Rural
1,1.0,0.0,30,Aucun,Mariee,Non,Jamais,Jamais,Jamais,0.0,63.0,33.0,Secondaire,Oui,Littoral,Rural
0,0.0,0.0,26,Secondaire,Mariee,Non,Moins_1x_sem,Au_moins_1x_sem,Au_moins_1x_sem,1.6666666666666667,36.0,10.0,Superieur,Non,Littoral,Urbain
1,1.0,0.0,24,Secondaire,Union_libre,Non,Jamais,Moins_1x_sem,Au_moins_1x_sem,1.0,25.0,1.0,Superieur,Non,Littoral,Urbain
1,1.0,0.0,28,Secondaire,Union_libre,Oui,Jamais,Jamais,Moins_1x_sem,0.3333333333333333,40.0,12.0,Superieur,Oui,Littoral,Urbain
1,1.0,0.0,33,Secondaire,Separee,Non,Moins_1x_sem,Jamais,Au_moins_1x_sem,1.0,38.0,8.0,Superieur,Oui,Littoral,Urbain
0,0.0,0.0,49,Secondaire,Mariee,Non,Jamais,Moins_1x_sem,Moins_1x_sem,0.6666666666666666,52.0,3.0,Secondaire,Non,Littoral,Urbain
0,0.0,0.0,32,Secondaire,Union_libre,Non,Moins_1x_sem,Jamais,Au_moins_1x_sem,1.0,35.0,3.0,Superieur,Oui,Littoral,Urbain
1,1.0,1.0,39,Primaire,Union_libre,Non,Moins_1x_sem,Moins_1x_sem,Au_moins_1x_sem,1.3333333333333333,42.0,3.0,Superieur,Non,Littoral,Urbain
0,0.0,0.0,19,Secondaire,Separee,Non,Moins_1x_sem,Au_moins_1x_sem,Moins_1x_sem,1.3333333333333333,38.0,8.0,Superieur,Non,Littoral,Urbain
0,0.0,0.0,30,Secondaire,Mariee,Non,Jamais,Au_moins_1x_sem,Au_moins_1x_sem,1.3333333333333333,32.0,2.0,Secondaire,Non,Littoral,Urbain
1,1.0,0.0,19,Secondaire,Union_libre,Non,Jamais,Jamais,Au_moins_1x_sem,0.6666666666666666,31.0,12.0,Superieur,Non,Littoral,Urbain
0,0.0,0.0,37,Secondaire,Divorcee,Non,Jamais,Jamais,Jamais,0.0,38.0,8.0,Superieur,Non,Littoral,Urbain
0,0.0,0.0,49,Aucun,Veuve,Non,Jamais,Jamais,Jamais,0.0,38.0,8.0,Superieur,Non,Littoral,Urbain
1,1.0,0.0,21,Superieur,Union_libre,Non,Moins_1x_sem,Jamais,Au_moins_1x_sem,1.0,25.0,4.0,Superieur,Oui,Littoral,Urbain
0,0.0,0.0,24,Superieur,Mariee,Non,Jamais,Au_moins_1x_sem,Au_moins_1x_sem,1.3333333333333333,36.0,12.0,Superieur,Oui,Littoral,Urbain
1,1.0,1.0,34,Primaire,Mariee,Non,Moins_1x_sem,Moins_1x_sem,Au_moins_1x_sem,1.3333333333333333,31.0,-3.0,Superieur,Oui,Littoral,Urbain
0,0.0,0.0,41,Primaire,Mariee,Non,Jamais,Jamais,Au_moins_1x_sem,0.6666666666666666,52.0,11.0,Primaire,Non,Littoral,Urbain
0,0.0,0.0,28,Primaire,Mariee,Non,Jamais,Moins_1x_sem,Au_moins_1x_sem,1.0,45.0,17.0,Superieur,Non,Littoral,Urbain
1,1.0,0.0,28,Secondaire,Mariee,Oui,Jamais,Au_moins_1x_sem,Au_moins_1x_sem,1.3333333333333333,32.0,4.0,Superieur,Oui,Littoral,Urbain
0,0.0,0.0,36,Secondaire,Mariee,Non,Au_moins_1x_sem,Au_moins_1x_sem,Au_moins_1x_sem,2.0,39.0,3.0,Superieur,Non,Littoral,Urbain
1,1.0,0.0,29,Superieur,Union_libre,Non,Au_moins_1x_sem,Au_moins_1x_sem,Au_moins_1x_sem,2.0,38.0,9.0,Superieur,Oui,Extreme_Nord,Urbain
0,0.0,0.0,22,Secondaire,Union_libre,Non,Jamais,Jamais,Au_moins_1x_sem,0.6666666666666666,28.0,6.0,Superieur,Non,Extreme_Nord,Urbain
0,0.0,0.0,28,Secondaire,Union_libre,Oui,Au_moins_1x_sem,Au_moins_1x_sem,Au_moins_1x_sem,2.0,32.0,4.0,Superieur,Oui,Extreme_Nord,Urbain
1,1.0,0.0,43,Superieur,Mariee,Non,Au_moins_1x_sem,Au_moins_1x_sem,Au_moins_1x_sem,2.0,49.0,6.0,Superieur,Oui,Extreme_Nord,Urbain
1,1.0,0.0,23,Secondaire,Mariee,Oui,Jamais,Jamais,Moins_1x_sem,0.3333333333333333,32.0,9.0,Secondaire,Non,Extreme_Nord,Urbain
1,1.0,1.0,21,Secondaire,Mariee,Non,Jamais,Moins_1x_sem,Moins_1x_sem,0.6666666666666666,25.0,4.0,Superieur,Non,Extreme_Nord,Urbain
0,0.0,0.0,20,Secondaire,Mariee,Non,Jamais,Jamais,Au_moins_1x_sem,0.6666666666666666,25.0,5.0,Superieur,Non,Extreme_Nord,Urbain
0,0.0,0.0,39,Aucun,Separee,Non,Jamais,Jamais,Jamais,0.0,38.0,8.0,Superieur,Oui,Extreme_Nord,Urbain
0,0.0,0.0,28,Secondaire,Mariee,Non,Jamais,Au_moins_1x_sem,Au_moins_1x_sem,1.3333333333333333,38.0,10.0,Superieur,Oui,Extreme_Nord,Urbain
0,0.0,0.0,33,Secondaire,Union_libre,Non,Au_moins_1x_sem,Au_moins_1x_sem,Au_moins_1x_sem,2.0,46.0,13.0,Superieur,Oui,Extreme_Nord,Urbain
0,0.0,0.0,33,Secondaire,Mariee,Non,Jamais,Au_moins_1x_sem,Au_moins_1x_sem,1.3333333333333333,38.0,5.0,Superieur,Non,Extreme_Nord,Urbain
0,0.0,0.0,30,Secondaire,Union_libre,Oui,Au_moins_1x_sem,Au_moins_1x_sem,Au_moins_1x_sem,2.0,34.0,4.0,Superieur,Oui,Extreme_Nord,Urbain
0,0.0,0.0,38,Secondaire,Union_libre,Non,Au_moins_1x_sem,Au_moins_1x_sem,Au_moins_1x_sem,2.0,38.0,0.0,Superieur,Oui,Centre,Rural
1,1.0,0.0,31,Primaire,Union_libre,Non,Jamais,Jamais,Au_moins_1x_sem,0.6666666666666666,38.0,7.0,Superieur,Oui,Centre,Rural
0,0.0,0.0,21,Secondaire,Union_libre,Non,Au_moins_1x_sem,Jamais,Au_moins_1x_sem,1.3333333333333333,31.0,10.0,Superieur,Oui,Centre,Rural
1,1.0,0.0,23,Primaire,Separee,Non,Jamais,Jamais,Au_moins_1x_sem,0.6666666666666666,38.0,8.0,Superieur,Oui,Centre,Rural
1,1.0,0.0,30,Primaire,Mariee,Non,Jamais,Moins_1x_sem,Au_moins_1x_sem,1.0,51.0,21.0,Secondaire,Non,Centre,Rural
1,1.0,1.0,45,Primaire,Separee,Non,Jamais,Moins_1x_sem,Moins_1x_sem,0.6666666666666666,38.0,8.0,Superieur,Oui,Centre,Rural
0,0.0,0.0,20,Primaire,Veuve,Non,Jamais,Jamais,Moins_1x_sem,0.3333333333333333,38.0,8.0,Superieur,Non,Centre,Rural
1,1.0,0.0,25,Secondaire,Separee,Non,Jamais,Moins_1x_sem,Au_moins_1x_sem,1.0,38.0,8.0,Superieur,Oui,Centre,Rural
1,1.0,0.0,40,Primaire,Mariee,Non,Jamais,Au_moins_1x_sem,Au_moins_1x_sem,1.3333333333333333,51.0,11.0,Secondaire,Oui,Centre,Rural
0,0.0,0.0,47,Primaire,Mariee,Non,Au_moins_1x_sem,Moins_1x_sem,Au_moins_1x_sem,1.6666666666666667,47.0,0.0,Secondaire,Non,Centre,Rural
0,0.0,0.0,39,Secondaire,Union_libre,Non,Moins_1x_sem,Moins_1x_sem,Au_moins_1x_sem,1.3333333333333333,40.0,1.0,Superieur,Oui,Centre,Rural
1,1.0,0.0,18,Secondaire,Union_libre,Oui,Jamais,Au_moins_1x_sem,Au_moins_1x_sem,1.3333333333333333,20.0,2.0,Superieur,Non,Centre,Rural
0,0.0,0.0,49,Primaire,Union_libre,Non,Jamais,Jamais,Moins_1x_sem,0.3333333333333333,55.0,6.0,Superieur,Oui,Centre,Rural
0,0.0,0.0,22,Secondaire,Union_libre,Non,Jamais,Jamais,Au_moins_1x_sem,0.6666666666666666,30.0,8.0,Superieur,Non,Centre,Rural
1,1.0,0.0,26,Primaire,Separee,Non,Moins_1x_sem,Jamais,Au_moins_1x_sem,1.0,38.0,8.0,Superieur,Oui,Centre,Rural
0,0.0,0.0,35,Primaire,Separee,Non,Jamais,Jamais,Au_moins_1x_sem,0.6666666666666666,38.0,8.0,Superieur,Non,Centre,Rural
0,0.0,0.0,16,Secondaire,Mariee,Non,Au_moins_1x_sem,Jamais,Au_moins_1x_sem,1.3333333333333333,28.0,12.0,Secondaire,Non,Centre,Rural
0,0.0,0.0,49,Primaire,Veuve,Non,Jamais,Jamais,Au_moins_1x_sem,0.6666666666666666,38.0,8.0,Superieur,Oui,Centre,Rural
1,1.0,0.0,20,Primaire,Mariee,Non,Jamais,Jamais,Jamais,0.0,33.0,13.0,Superieur,Oui,Nord_Ouest,Rural
1,1.0,1.0,35,Primaire,Separee,Non,Jamais,Jamais,Jamais,0.0,38.0,8.0,Superieur,Non,Nord_Ouest,Rural
0,0.0,0.0,25,Aucun,Mariee,Non,Jamais,Jamais,Jamais,0.0,38.0,13.0,Aucun,Non,Nord_Ouest,Rural
1,1.0,0.0,30,Aucun,Mariee,Non,Jamais,Jamais,Jamais,0.0,70.0,40.0,Aucun,Oui,Nord_Ouest,Rural
0,0.0,0.0,24,Aucun,Mariee,Oui,Jamais,Jamais,Jamais,0.0,30.0,6.0,Aucun,Non,Nord_Ouest,Rural
1,1.0,1.0,42,Aucun,Mariee,Non,Jamais,Jamais,Jamais,0.0,61.0,19.0,Aucun,Non,Nord_Ouest,Rural
1,1.0,1.0,44,Primaire,Mariee,Non,Jamais,Jamais,Jamais,0.0,42.0,-2.0,Superieur,Non,Nord_Ouest,Rural
0,0.0,0.0,35,Primaire,Mariee,Non,Jamais,Jamais,Jamais,0.0,49.0,14.0,Superieur,Non,Nord_Ouest,Rural
1,1.0,1.0,20,Aucun,Mariee,Non,Jamais,Jamais,Jamais,0.0,40.0,20.0,Aucun,Oui,Nord_Ouest,Rural
1,1.0,0.0,25,Primaire,Union_libre,Non,Jamais,Jamais,Jamais,0.0,28.0,3.0,Primaire,Oui,Nord_Ouest,Rural
0,0.0,0.0,19,Aucun,Union_libre,Non,Jamais,Jamais,Jamais,0.0,31.0,12.0,Aucun,Non,Nord_Ouest,Rural
0,0.0,0.0,28,Aucun,Mariee,Non,Jamais,Jamais,Jamais,0.0,29.0,1.0,Primaire,Non,Nord_Ouest,Rural
0,0.0,0.0,16,Aucun,Union_libre,Non,Jamais,Jamais,Jamais,0.0,22.0,6.0,Aucun,Non,Nord_Ouest,Rural
1,1.0,0.0,20,Aucun,Mariee,Non,Jamais,Jamais,Jamais,0.0,38.0,18.0,Primaire,Oui,Nord_Ouest,Rural
1,1.0,0.0,26,Superieur,Mariee,Non,Jamais,Jamais,Au_moins_1x_sem,0.6666666666666666,39.0,13.0,Superieur,Oui,Est,Urbain
0,0.0,0.0,30,Superieur,Mariee,Non,Jamais,Au_moins_1x_sem,Au_moins_1x_sem,1.3333333333333333,34.0,4.0,Superieur,Oui,Est,Urbain
1,1.0,1.0,30,Secondaire,Separee,Non,Jamais,Jamais,Au_moins_1x_sem,0.6666666666666666,38.0,8.0,Superieur,Oui,Est,Urbain
0,0.0,0.0,46,Secondaire,Mariee,Non,Jamais,Jamais,Au_moins_1x_sem,0.6666666666666666,65.0,19.0,Superieur,Oui,Est,Urbain
1,1.0,0.0,33,Secondaire,Mariee,Non,Au_moins_1x_sem,Au_moins_1x_sem,Au_moins_1x_sem,2.0,40.0,7.0,Superieur,Oui,Est,Urbain
0,0.0,0.0,27,Primaire,Union_libre,Oui,Jamais,Jamais,Au_moins_1x_sem,0.6666666666666666,32.0,5.0,Aucun,Oui,Est,Urbain
0,0.0,0.0,25,Secondaire,Mariee,Non,Au_moins_1x_sem,Au_moins_1x_sem,Au_moins_1x_sem,2.0,41.0,16.0,Superieur,Non,Est,Urbain
1,1.0,0.0,35,Primaire,Mariee,Non,Jamais,Jamais,Au_moins_1x_sem,0.6666666666666666,33.0,-2.0,Superieur,Oui,Sud_Ouest,Rural
0,0.0,0.0,20,Secondaire,Union_libre,Non,Jamais,Jamais,Au_moins_1x_sem,0.6666666666666666,26.0,6.0,Superieur,Non,Sud_Ouest,Rural
0,0.0,0.0,20,Secondaire,Mariee,Oui,Jamais,Jamais,Au_moins_1x_sem,0.6666666666666666,28.0,8.0,Superieur,Non,Sud_Ouest,Rural
0,0.0,0.0,34,Primaire,Mariee,Non,Jamais,Jamais,Au_moins_1x_sem,0.6666666666666666,47.0,13.0,Superieur,Oui,Sud_Ouest,Rural
0,0.0,0.0,27,Secondaire,Mariee,Oui,Jamais,Jamais,Au_moins_1x_sem,0.6666666666666666,30.0,3.0,Superieur,Non,Sud_Ouest,Rural
1,1.0,1.0,25,Secondaire,Mariee,Oui,Jamais,Jamais,Jamais,0.0,33.0,8.0,Superieur,Oui,Sud_Ouest,Rural
1,1.0,1.0,26,Secondaire,Mariee,Non,Au_moins_1x_sem,Au_moins_1x_sem,Au_moins_1x_sem,2.0,33.0,7.0,Superieur,Non,Sud_Ouest,Rural
0,0.0,0.0,38,Secondaire,Mariee,Non,Jamais,Moins_1x_sem,Au_moins_1x_sem,1.0,50.0,12.0,Superieur,Non,Sud_Ouest,Rural
1,1.0,0.0,23,Secondaire,Mariee,Non,Jamais,Moins_1x_sem,Au_moins_1x_sem,1.0,37.0,14.0,Superieur,Non,Sud_Ouest,Rural
1,1.0,1.0,38,Secondaire,Mariee,Non,Jamais,Jamais,Moins_1x_sem,0.3333333333333333,46.0,8.0,Secondaire,Non,Sud_Ouest,Rural
0,0.0,0.0,19,Primaire,Mariee,Non,Jamais,Jamais,Jamais,0.0,30.0,11.0,Secondaire,Non,Sud_Ouest,Rural
1,1.0,0.0,46,Aucun,Union_libre,Non,Jamais,Jamais,Jamais,0.0,58.0,12.0,Primaire,Oui,Sud_Ouest,Rural
0,0.0,0.0,28,Primaire,Mariee,Non,Jamais,Au_moins_1x_sem,Au_moins_1x_sem,1.3333333333333333,38.0,10.0,Superieur,Non,Sud_Ouest,Rural
0,0.0,0.0,30,Secondaire,Mariee,Oui,Jamais,Moins_1x_sem,Au_moins_1x_sem,1.0,38.0,8.0,Superieur,Non,Sud_Ouest,Rural
1,1.0,1.0,27,Secondaire,Union_libre,Non,Jamais,Moins_1x_sem,Moins_1x_sem,0.6666666666666666,29.0,2.0,Primaire,Oui,Centre,Rural
1,1.0,0.0,43,Primaire,Divorcee,Non,Moins_1x_sem,Moins_1x_sem,Au_moins_1x_sem,1.3333333333333333,38.0,8.0,Superieur,Oui,Centre,Rural
0,0.0,0.0,25,Secondaire,Union_libre,Non,Jamais,Jamais,Jamais,0.0,29.0,4.0,Secondaire,Non,Centre,Rural
1,1.0,1.0,49,Primaire,Mariee,Non,Jamais,Jamais,Au_moins_1x_sem,0.6666666666666666,45.0,-4.0,Secondaire,Oui,Centre,Rural
1,1.0,1.0,29,Secondaire,Union_libre,Non,Moins_1x_sem,Moins_1x_sem,Au_moins_1x_sem,1.3333333333333333,35.0,6.0,Primaire,Oui,Centre,Rural
0,0.0,0.0,42,Primaire,Union_libre,Non,Moins_1x_sem,Jamais,Jamais,0.3333333333333333,42.0,0.0,Secondaire,Non,Centre,Rural
0,0.0,0.0,19,Aucun,Mariee,Non,Jamais,Jamais,Au_moins_1x_sem,0.6666666666666666,31.0,12.0,Superieur,Non,Adamaoua,Urbain
1,1.0,0.0,28,Secondaire,Mariee,Non,Moins_1x_sem,Moins_1x_sem,Au_moins_1x_sem,1.3333333333333333,30.0,2.0,Superieur,Non,Adamaoua,Urbain
0,0.0,0.0,24,Secondaire,Union_libre,Non,Au_moins_1x_sem,Moins_1x_sem,Au_moins_1x_sem,1.6666666666666667,45.0,21.0,Superieur,Non,Adamaoua,Urbain
0,0.0,0.0,32,Secondaire,Mariee,Non,Au_moins_1x_sem,Au_moins_1x_sem,Au_moins_1x_sem,2.0,42.0,10.0,Superieur,Non,Adamaoua,Urbain
0,0.0,0.0,27,Secondaire,Mariee,Non,Jamais,Jamais,Au_moins_1x_sem,0.6666666666666666,40.0,13.0,Superieur,Non,Adamaoua,Urbain
0,0.0,0.0,34,Aucun,Mariee,Non,Jamais,Jamais,Jamais,0.0,47.0,13.0,Aucun,Non,Adamaoua,Urbain
0,0.0,0.0,28,Aucun,Mariee,Non,Jamais,Jamais,Jamais,0.0,35.0,7.0,Superieur,Non,Adamaoua,Urbain
0,0.0,0.0,24,Secondaire,Divorcee,Non,Jamais,Au_moins_1x_sem,Au_moins_1x_sem,1.3333333333333333,38.0,8.0,Superieur,Non,Adamaoua,Urbain
0,0.0,0.0,21,Primaire,Mariee,Non,Moins_1x_sem,Moins_1x_sem,Au_moins_1x_sem,1.3333333333333333,35.0,14.0,Superieur,Non,Adamaoua,Urbain
0,0.0,0.0,36,Primaire,Mariee,Non,Jamais,Au_moins_1x_sem,Au_moins_1x_sem,1.3333333333333333,41.0,5.0,Superieur,Non,Adamaoua,Urbain
1,1.0,0.0,34,Primaire,Mariee,Non,Au_moins_1x_sem,Au_moins_1x_sem,Au_moins_1x_sem,2.0,43.0,9.0,Superieur,Non,Adamaoua,Urbain
0,0.0,0.0,30,Primaire,Mariee,Non,Jamais,Jamais,Au_moins_1x_sem,0.6666666666666666,45.0,15.0,Secondaire,Non,Adamaoua,Urbain
0,0.0,0.0,30,Primaire,Mariee,Non,Jamais,Jamais,Jamais,0.0,33.0,3.0,Primaire,Non,Adamaoua,Urbain
0,0.0,0.0,33,Primaire,Separee,Non,Jamais,Jamais,Jamais,0.0,38.0,8.0,Superieur,Non,Nord_Ouest,Urbain
0,0.0,0.0,24,Secondaire,Mariee,Non,Jamais,Jamais,Au_moins_1x_sem,0.6666666666666666,33.0,9.0,Superieur,Non,Nord_Ouest,Urbain
0,0.0,0.0,24,Secondaire,Mariee,Non,Moins_1x_sem,Jamais,Au_moins_1x_sem,1.0,30.0,6.0,Superieur,Non,Nord_Ouest,Urbain
0,0.0,0.0,24,Secondaire,Mariee,Non,Jamais,Jamais,Au_moins_1x_sem,0.6666666666666666,40.0,16.0,Superieur,Non,Nord_Ouest,Urbain
0,0.0,0.0,24,Superieur,Mariee,Non,Au_moins_1x_sem,Jamais,Jamais,0.6666666666666666,28.0,4.0,Superieur,Non,Nord_Ouest,Urbain
0,0.0,0.0,48,Aucun,Mariee,Non,Jamais,Jamais,Jamais,0.0,50.0,2.0,Superieur,Non,Nord_Ouest,Urbain
0,0.0,0.0,35,Secondaire,Mariee,Non,Jamais,Au_moins_1x_sem,Jamais,0.6666666666666666,43.0,8.0,Superieur,Non,Nord_Ouest,Urbain
1,1.0,0.0,48,Primaire,Mariee,Non,Jamais,Jamais,Au_moins_1x_sem,0.6666666666666666,60.0,12.0,Superieur,Oui,Nord_Ouest,Urbain
0,0.0,0.0,25,Aucun,Mariee,Non,Jamais,Moins_1x_sem,Au_moins_1x_sem,1.0,34.0,9.0,Superieur,Non,Nord_Ouest,Urbain
0,0.0,0.0,25,Secondaire,Mariee,Oui,Jamais,Jamais,Au_moins_1x_sem,0.6666666666666666,34.0,9.0,Superieur,Non,Nord_Ouest,Urbain
0,0.0,0.0,35,Secondaire,Union_libre,Non,Jamais,Au_moins_1x_sem,Au_moins_1x_sem,1.3333333333333333,40.0,5.0,Superieur,Non,Nord_Ouest,Urbain
1,1.0,0.0,25,Primaire,Union_libre,Non,Jamais,Jamais,Jamais,0.0,30.0,5.0,Secondaire,Oui,Extreme_Nord,Urbain
0,0.0,0.0,28,Secondaire,Veuve,Non,Jamais,Jamais,Au_moins_1x_sem,0.6666666666666666,38.0,8.0,Superieur,Non,Extreme_Nord,Urbain
0,0.0,0.0,24,Secondaire,Union_libre,Non,Jamais,Jamais,Jamais,0.0,30.0,6.0,Superieur,Non,Extreme_Nord,Urbain
1,1.0,1.0,38,Primaire,Union_libre,Non,Moins_1x_sem,Jamais,Jamais,0.3333333333333333,45.0,7.0,Superieur,Oui,Extreme_Nord,Urbain
0,0.0,0.0,19,Secondaire,Union_libre,Oui,Jamais,Jamais,Jamais,0.0,26.0,7.0,Superieur,Oui,Extreme_Nord,Urbain
0,0.0,0.0,42,Primaire,Separee,Non,Jamais,Jamais,Jamais,0.0,38.0,8.0,Superieur,Oui,Extreme_Nord,Urbain
0,0.0,0.0,36,Secondaire,Mariee,Non,Moins_1x_sem,Moins_1x_sem,Au_moins_1x_sem,1.3333333333333333,38.0,2.0,Superieur,Oui,Extreme_Nord,Urbain
1,1.0,0.0,48,Primaire,Mariee,Non,Jamais,Jamais,Jamais,0.0,52.0,4.0,Superieur,Oui,Extreme_Nord,Urbain
0,0.0,0.0,32,Superieur,Union_libre,Non,Jamais,Jamais,Au_moins_1x_sem,0.6666666666666666,52.0,20.0,Superieur,Oui,Est,Urbain
1,1.0,0.0,30,Superieur,Separee,Non,Jamais,Jamais,Jamais,0.0,38.0,8.0,Superieur,Oui,Est,Urbain
0,0.0,0.0,33,Superieur,Mariee,Non,Jamais,Jamais,Moins_1x_sem,0.3333333333333333,38.0,5.0,Superieur,Non,Est,Urbain
0,0.0,0.0,24,Superieur,Union_libre,Non,Jamais,Jamais,Au_moins_1x_sem,0.6666666666666666,38.0,14.0,Superieur,Oui,Est,Urbain
0,0.0,0.0,32,Superieur,Mariee,Non,Moins_1x_sem,Au_moins_1x_sem,Au_moins_1x_sem,1.6666666666666667,34.0,2.0,Superieur,Oui,Est,Urbain
0,0.0,0.0,34,Superieur,Mariee,Non,Jamais,Au_moins_1x_sem,Au_moins_1x_sem,1.3333333333333333,40.0,6.0,Superieur,Non,Est,Urbain
0,0.0,0.0,37,Superieur,Mariee,Non,Au_moins_1x_sem,Jamais,Au_moins_1x_sem,1.3333333333333333,45.0,8.0,Superieur,Non,Ouest,Urbain
1,1.0,1.0,34,Secondaire,Mariee,Non,Jamais,Jamais,Au_moins_1x_sem,0.6666666666666666,47.0,13.0,Secondaire,Oui,Ouest,Urbain
0,0.0,0.0,27,Secondaire,Mariee,Non,Moins_1x_sem,Moins_1x_sem,Au_moins_1x_sem,1.3333333333333333,35.0,8.0,Secondaire,Oui,Ouest,Urbain
0,0.0,0.0,29,Superieur,Mariee,Non,Au_moins_1x_sem,Au_moins_1x_sem,Moins_1x_sem,1.6666666666666667,34.0,5.0,Superieur,Oui,Ouest,Urbain
0,0.0,0.0,32,Secondaire,Mariee,Non,Au_moins_1x_sem,Moins_1x_sem,Moins_1x_sem,1.3333333333333333,37.0,5.0,Superieur,Oui,Ouest,Urbain
0,0.0,0.0,21,Secondaire,Mariee,Non,Jamais,Au_moins_1x_sem,Au_moins_1x_sem,1.3333333333333333,25.0,4.0,Secondaire,Non,Ouest,Urbain
1,1.0,0.0,29,Secondaire,Mariee,Non,Jamais,Au_moins_1x_sem,Au_moins_1x_sem,1.3333333333333333,35.0,6.0,Superieur,Oui,Ouest,Urbain
1,1.0,1.0,43,Primaire,Separee,Non,Au_moins_1x_sem,Jamais,Au_moins_1x_sem,1.3333333333333333,38.0,8.0,Superieur,Oui,Ouest,Urbain
0,0.0,0.0,38,Secondaire,Union_libre,Non,Moins_1x_sem,Au_moins_1x_sem,Au_moins_1x_sem,1.6666666666666667,56.0,18.0,Superieur,Non,Nord,Rural
0,0.0,0.0,25,Primaire,Mariee,Non,Jamais,Jamais,Moins_1x_sem,0.3333333333333333,43.0,18.0,Secondaire,Oui,Nord,Rural
0,0.0,0.0,45,Secondaire,Separee,Non,Jamais,Jamais,Au_moins_1x_sem,0.6666666666666666,38.0,8.0,Superieur,Non,Nord,Rural
0,0.0,0.0,17,Secondaire,Union_libre,Non,Moins_1x_sem,Moins_1x_sem,Moins_1x_sem,1.0,36.0,19.0,Superieur,Oui,Nord,Rural
0,0.0,0.0,26,Secondaire,Union_libre,Non,Jamais,Jamais,Jamais,0.0,40.0,14.0,Superieur,Non,Nord,Rural
0,0.0,0.0,23,Secondaire,Mariee,Non,Jamais,Jamais,Moins_1x_sem,0.3333333333333333,29.0,6.0,Superieur,Non,Nord,Rural
0,0.0,0.0,32,Secondaire,Union_libre,Non,Jamais,Jamais,Au_moins_1x_sem,0.6666666666666666,33.0,1.0,Superieur,Non,Nord,Rural
1,1.0,0.0,22,Secondaire,Union_libre,Non,Jamais,Jamais,Jamais,0.0,38.0,16.0,Secondaire,Oui,Extreme_Nord,Rural
1,1.0,0.0,17,Secondaire,Union_libre,Non,Jamais,Jamais,Jamais,0.0,25.0,8.0,Superieur,Oui,Extreme_Nord,Rural
1,1.0,1.0,36,Primaire,Union_libre,Oui,Jamais,Jamais,Jamais,0.0,45.0,9.0,Secondaire,Oui,Extreme_Nord,Rural
0,0.0,0.0,48,Primaire,Union_libre,Non,Moins_1x_sem,Jamais,Jamais,0.3333333333333333,58.0,10.0,Secondaire,Oui,Extreme_Nord,Rural
1,1.0,1.0,48,Secondaire,Union_libre,Non,Jamais,Moins_1x_sem,Jamais,0.3333333333333333,46.0,-2.0,Superieur,Oui,Extreme_Nord,Rural
1,1.0,0.0,38,Primaire,Union_libre,Non,Jamais,Jamais,Jamais,0.0,40.0,2.0,Superieur,Oui,Extreme_Nord,Rural
1,1.0,0.0,37,Primaire,Mariee,Non,Jamais,Moins_1x_sem,Jamais,0.3333333333333333,31.0,-6.0,Secondaire,Oui,Extreme_Nord,Rural
1,1.0,0.0,23,Secondaire,Mariee,Non,Jamais,Jamais,Jamais,0.0,30.0,7.0,Superieur,Oui,Extreme_Nord,Rural
1,1.0,0.0,18,Secondaire,Union_libre,Non,Moins_1x_sem,Jamais,Jamais,0.3333333333333333,27.0,9.0,Superieur,Oui,Extreme_Nord,Rural
1,1.0,1.0,26,Primaire,Union_libre,Non,Moins_1x_sem,Jamais,Jamais,0.3333333333333333,27.0,1.0,Superieur,Oui,Extreme_Nord,Rural
1,1.0,1.0,46,Primaire,Mariee,Non,Jamais,Jamais,Jamais,0.0,51.0,5.0,Primaire,Oui,Extreme_Nord,Rural
0,0.0,0.0,30,Superieur,Mariee,Non,Jamais,Au_moins_1x_sem,Au_moins_1x_sem,1.3333333333333333,32.0,2.0,Secondaire,Oui,Ouest,Urbain
0,0.0,0.0,28,Secondaire,Separee,Non,Moins_1x_sem,Au_moins_1x_sem,Au_moins_1x_sem,1.6666666666666667,38.0,8.0,Superieur,Oui,Ouest,Urbain
0,0.0,0.0,25,Secondaire,Mariee,Non,Jamais,Au_moins_1x_sem,Au_moins_1x_sem,1.3333333333333333,40.0,15.0,Superieur,Oui,Ouest,Urbain
0,0.0,0.0,38,Primaire,Veuve,Non,Jamais,Moins_1x_sem,Au_moins_1x_sem,1.0,38.0,8.0,Superieur,Oui,Ouest,Urbain
0,0.0,0.0,39,Secondaire,Mariee,Non,Au_moins_1x_sem,Au_moins_1x_sem,Moins_1x_sem,1.6666666666666667,45.0,6.0,Superieur,Non,Ouest,Urbain
0,0.0,0.0,41,Secondaire,Mariee,Non,Au_moins_1x_sem,Jamais,Au_moins_1x_sem,1.3333333333333333,47.0,6.0,Secondaire,Oui,Ouest,Urbain
0,0.0,0.0,30,Superieur,Mariee,Non,Au_moins_1x_sem,Au_moins_1x_sem,Au_moins_1x_sem,2.0,35.0,5.0,Superieur,Non,Ouest,Urbain
0,0.0,0.0,35,Superieur,Mariee,Non,Au_moins_1x_sem,Au_moins_1x_sem,Au_moins_1x_sem,2.0,40.0,5.0,Superieur,Non,Ouest,Urbain
0,0.0,0.0,38,Aucun,Mariee,Non,Jamais,Jamais,Jamais,0.0,41.0,3.0,Primaire,Non,Adamaoua,Rural
0,0.0,0.0,35,Aucun,Mariee,Non,Jamais,Jamais,Jamais,0.0,33.0,-2.0,Aucun,Non,Adamaoua,Rural
0,0.0,0.0,29,Aucun,Mariee,Non,Jamais,Jamais,Jamais,0.0,50.0,21.0,Aucun,Non,Adamaoua,Rural
0,0.0,0.0,20,Aucun,Mariee,Non,Jamais,Jamais,Jamais,0.0,27.0,7.0,Primaire,Non,Adamaoua,Rural
0,0.0,0.0,46,Aucun,Veuve,Non,Jamais,Jamais,Jamais,0.0,38.0,8.0,Superieur,Non,Adamaoua,Rural
0,0.0,0.0,29,Aucun,Mariee,Non,Jamais,Jamais,Jamais,0.0,33.0,4.0,Aucun,Non,Adamaoua,Rural
0,0.0,0.0,35,Aucun,Mariee,Oui,Jamais,Jamais,Jamais,0.0,45.0,10.0,Aucun,Non,Adamaoua,Rural
0,0.0,0.0,29,Aucun,Mariee,Non,Jamais,Jamais,Jamais,0.0,37.0,8.0,Primaire,Non,Adamaoua,Rural
0,0.0,0.0,25,Aucun,Mariee,Non,Jamais,Jamais,Jamais,0.0,42.0,17.0,Aucun,Non,Adamaoua,Rural
0,0.0,0.0,24,Primaire,Mariee,Oui,Jamais,Jamais,Jamais,0.0,41.0,17.0,Primaire,Non,Adamaoua,Rural
0,0.0,0.0,29,Aucun,Veuve,Non,Jamais,Moins_1x_sem,Jamais,0.3333333333333333,38.0,8.0,Superieur,Non,Adamaoua,Rural
1,1.0,1.0,25,Aucun,Mariee,Non,Jamais,Jamais,Jamais,0.0,29.0,4.0,Superieur,Non,Littoral,Rural
0,0.0,0.0,45,Aucun,Mariee,Non,Jamais,Jamais,Jamais,0.0,56.0,11.0,Aucun,Oui,Littoral,Rural
1,1.0,1.0,32,Primaire,Mariee,Non,Jamais,Jamais,Jamais,0.0,44.0,12.0,Aucun,Oui,Littoral,Rural
0,0.0,0.0,32,Primaire,Mariee,Non,Jamais,Jamais,Jamais,0.0,33.0,1.0,Superieur,Oui,Littoral,Rural
0,0.0,0.0,30,Aucun,Mariee,Non,Jamais,Jamais,Jamais,0.0,49.0,19.0,Primaire,Non,Littoral,Rural
0,0.0,0.0,32,Aucun,Mariee,Non,Jamais,Jamais,Jamais,0.0,45.0,13.0,Superieur,Oui,Littoral,Rural
0,0.0,0.0,23,Secondaire,Mariee,Non,Jamais,Jamais,Jamais,0.0,27.0,4.0,Superieur,Non,Littoral,Rural
1,1.0,0.0,25,Aucun,Separee,Non,Jamais,Jamais,Jamais,0.0,38.0,8.0,Superieur,Oui,Littoral,Rural
0,0.0,0.0,27,Aucun,Mariee,Oui,Jamais,Jamais,Jamais,0.0,33.0,6.0,Aucun,Non,Littoral,Rural
0,0.0,0.0,23,Aucun,Mariee,Oui,Jamais,Jamais,Jamais,0.0,28.0,5.0,Superieur,Oui,Littoral,Rural
1,1.0,1.0,20,Aucun,Mariee,Non,Jamais,Jamais,Jamais,0.0,28.0,8.0,Aucun,Oui,Littoral,Rural
0,0.0,0.0,24,Aucun,Mariee,Non,Jamais,Jamais,Jamais,0.0,40.0,16.0,Primaire,Oui,Littoral,Rural
0,0.0,0.0,36,Aucun,Mariee,Non,Jamais,Jamais,Jamais,0.0,79.0,43.0,Aucun,Oui,Littoral,Rural
1,1.0,0.0,45,Aucun,Mariee,Non,Jamais,Jamais,Jamais,0.0,48.0,3.0,Aucun,Oui,Littoral,Rural
0,0.0,0.0,47,Aucun,Mariee,Non,Jamais,Jamais,Jamais,0.0,65.0,18.0,Aucun,Non,Littoral,Rural
0,0.0,0.0,42,Secondaire,Mariee,Non,Jamais,Au_moins_1x_sem,Au_moins_1x_sem,1.3333333333333333,69.0,27.0,Superieur,Oui,Littoral,Urbain
0,0.0,0.0,32,Secondaire,Mariee,Non,Au_moins_1x_sem,Au_moins_1x_sem,Au_moins_1x_sem,2.0,34.0,2.0,Superieur,Non,Littoral,Urbain
0,0.0,0.0,25,Superieur,Mariee,Non,Au_moins_1x_sem,Au_moins_1x_sem,Au_moins_1x_sem,2.0,31.0,6.0,Superieur,Non,Littoral,Urbain
0,0.0,0.0,27,Superieur,Mariee,Oui,Au_moins_1x_sem,Au_moins_1x_sem,Au_moins_1x_sem,2.0,35.0,8.0,Superieur,Non,Littoral,Urbain
0,0.0,0.0,24,Secondaire,Mariee,Non,Au_moins_1x_sem,Au_moins_1x_sem,Au_moins_1x_sem,2.0,30.0,6.0,Superieur,Non,Extreme_Nord,Urbain
0,0.0,0.0,24,Secondaire,Union_libre,Oui,Jamais,Jamais,Au_moins_1x_sem,0.6666666666666666,28.0,4.0,Secondaire,Oui,Extreme_Nord,Urbain
1,1.0,1.0,28,Primaire,Separee,Non,Jamais,Jamais,Au_moins_1x_sem,0.6666666666666666,38.0,8.0,Superieur,Oui,Extreme_Nord,Urbain
0,0.0,0.0,31,Secondaire,Mariee,Non,Moins_1x_sem,Au_moins_1x_sem,Au_moins_1x_sem,1.6666666666666667,40.0,9.0,Superieur,Oui,Extreme_Nord,Urbain
0,0.0,0.0,26,Superieur,Union_libre,Oui,Jamais,Au_moins_1x_sem,Moins_1x_sem,1.0,32.0,6.0,Superieur,Non,Extreme_Nord,Urbain
0,0.0,0.0,37,Superieur,Union_libre,Oui,Au_moins_1x_sem,Au_moins_1x_sem,Au_moins_1x_sem,2.0,41.0,4.0,Superieur,Oui,Extreme_Nord,Urbain
0,0.0,0.0,18,Secondaire,Union_libre,Non,Jamais,Moins_1x_sem,Au_moins_1x_sem,1.0,24.0,6.0,Superieur,Oui,Extreme_Nord,Urbain
0,0.0,0.0,26,Secondaire,Mariee,Non,Jamais,Jamais,Au_moins_1x_sem,0.6666666666666666,37.0,11.0,Superieur,Oui,Extreme_Nord,Urbain
0,0.0,0.0,45,Primaire,Mariee,Non,Jamais,Au_moins_1x_sem,Au_moins_1x_sem,1.3333333333333333,58.0,13.0,Primaire,Non,Adamaoua,Rural
0,0.0,0.0,19,Secondaire,Mariee,Non,Au_moins_1x_sem,Au_moins_1x_sem,Au_moins_1x_sem,2.0,28.0,9.0,Superieur,Non,Adamaoua,Rural
0,0.0,0.0,21,Primaire,Mariee,Non,Jamais,Jamais,Jamais,0.0,28.0,7.0,Superieur,Oui,Adamaoua,Rural
1,1.0,1.0,25,Aucun,Mariee,Non,Jamais,Jamais,Jamais,0.0,40.0,15.0,Primaire,Oui,Adamaoua,Rural
0,0.0,0.0,32,Aucun,Divorcee,Non,Jamais,Jamais,Jamais,0.0,38.0,8.0,Superieur,Non,Adamaoua,Rural
0,0.0,0.0,30,Primaire,Mariee,Non,Jamais,Jamais,Au_moins_1x_sem,0.6666666666666666,34.0,4.0,Superieur,Non,Adamaoua,Rural
0,0.0,0.0,20,Aucun,Mariee,Non,Jamais,Jamais,Jamais,0.0,30.0,10.0,Aucun,Non,Adamaoua,Rural
1,1.0,0.0,30,Aucun,Mariee,Non,Jamais,Jamais,Jamais,0.0,35.0,5.0,Aucun,Non,Adamaoua,Rural
0,0.0,0.0,37,Primaire,Divorcee,Non,Jamais,Jamais,Jamais,0.0,38.0,8.0,Superieur,Non,Adamaoua,Rural
0,0.0,0.0,28,Primaire,Mariee,Non,Jamais,Jamais,Jamais,0.0,30.0,2.0,Primaire,Non,Adamaoua,Rural
1,1.0,0.0,27,Aucun,Mariee,Non,Jamais,Jamais,Jamais,0.0,38.0,11.0,Primaire,Non,Adamaoua,Rural
1,1.0,0.0,32,Secondaire,Mariee,Non,Moins_1x_sem,Moins_1x_sem,Au_moins_1x_sem,1.3333333333333333,40.0,8.0,Superieur,Non,Littoral,Urbain
1,1.0,1.0,27,Primaire,Mariee,Non,Jamais,Moins_1x_sem,Jamais,0.3333333333333333,43.0,16.0,Superieur,Oui,Littoral,Urbain
0,0.0,0.0,32,Primaire,Mariee,Non,Jamais,Jamais,Jamais,0.0,40.0,8.0,Secondaire,Non,Littoral,Urbain
1,1.0,1.0,19,Secondaire,Mariee,Non,Jamais,Moins_1x_sem,Moins_1x_sem,0.6666666666666666,22.0,3.0,Superieur,Oui,Littoral,Urbain
1,1.0,1.0,35,Primaire,Mariee,Non,Jamais,Jamais,Jamais,0.0,42.0,7.0,Primaire,Oui,Littoral,Urbain
0,0.0,0.0,24,Secondaire,Mariee,Non,Moins_1x_sem,Moins_1x_sem,Moins_1x_sem,1.0,34.0,10.0,Superieur,Non,Littoral,Urbain
1,1.0,0.0,26,Primaire,Mariee,Non,Jamais,Au_moins_1x_sem,Jamais,0.6666666666666666,43.0,17.0,Superieur,Oui,Littoral,Urbain
1,1.0,0.0,28,Secondaire,Mariee,Non,Jamais,Au_moins_1x_sem,Au_moins_1x_sem,1.3333333333333333,37.0,9.0,Superieur,Non,Littoral,Urbain
0,0.0,0.0,23,Primaire,Mariee,Oui,Jamais,Moins_1x_sem,Jamais,0.3333333333333333,45.0,22.0,Superieur,Oui,Littoral,Urbain
1,1.0,0.0,32,Primaire,Mariee,Non,Jamais,Moins_1x_sem,Jamais,0.3333333333333333,43.0,11.0,Superieur,Oui,Littoral,Urbain
0,0.0,0.0,30,Primaire,Mariee,Oui,Jamais,Jamais,Jamais,0.0,45.0,15.0,Superieur,Non,Littoral,Urbain
1,1.0,1.0,28,Aucun,Mariee,Oui,Jamais,Jamais,Jamais,0.0,42.0,14.0,Primaire,Oui,Littoral,Urbain
0,0.0,0.0,21,Primaire,Mariee,Non,Jamais,Moins_1x_sem,Jamais,0.3333333333333333,41.0,20.0,Superieur,Non,Littoral,Urbain
1,1.0,1.0,47,Aucun,Mariee,Non,Jamais,Jamais,Jamais,0.0,70.0,23.0,Primaire,Oui,Littoral,Urbain
1,1.0,0.0,32,Secondaire,Separee,Non,Jamais,Jamais,Jamais,0.0,38.0,8.0,Superieur,Non,Littoral,Urbain
0,0.0,0.0,27,Primaire,Mariee,Non,Jamais,Jamais,Jamais,0.0,34.0,7.0,Secondaire,Oui,Ouest,Urbain
1,1.0,0.0,37,Primaire,Mariee,Non,Jamais,Jamais,Jamais,0.0,45.0,8.0,Superieur,Oui,Ouest,Urbain
0,0.0,0.0,27,Primaire,Mariee,Non,Jamais,Jamais,Au_moins_1x_sem,0.6666666666666666,40.0,13.0,Secondaire,Non,Ouest,Urbain
0,0.0,0.0,19,Secondaire,Mariee,Oui,Jamais,Jamais,Jamais,0.0,32.0,13.0,Secondaire,Oui,Ouest,Urbain
0,0.0,0.0,44,Secondaire,Veuve,Non,Jamais,Jamais,Moins_1x_sem,0.3333333333333333,38.0,8.0,Superieur,Oui,Ouest,Urbain
0,0.0,0.0,18,Secondaire,Mariee,Non,Jamais,Jamais,Jamais,0.0,28.0,10.0,Secondaire,Oui,Ouest,Urbain
0,0.0,0.0,28,Primaire,Mariee,Non,Jamais,Jamais,Jamais,0.0,35.0,7.0,Secondaire,Non,Ouest,Urbain
1,1.0,1.0,26,Secondaire,Mariee,Non,Moins_1x_sem,Moins_1x_sem,Moins_1x_sem,1.0,31.0,5.0,Superieur,Oui,Ouest,Urbain
0,0.0,0.0,41,Secondaire,Veuve,Non,Moins_1x_sem,Moins_1x_sem,Moins_1x_sem,1.0,38.0,8.0,Superieur,Oui,Ouest,Urbain
0,0.0,0.0,34,Primaire,Mariee,Non,Jamais,Jamais,Jamais,0.0,47.0,13.0,Secondaire,Oui,Ouest,Urbain
0,0.0,0.0,27,Primaire,Mariee,Oui,Jamais,Jamais,Jamais,0.0,40.0,13.0,Secondaire,Non,Ouest,Urbain
1,1.0,1.0,34,Secondaire,Mariee,Non,Jamais,Jamais,Moins_1x_sem,0.3333333333333333,95.0,61.0,Secondaire,Oui,Littoral,Urbain
1,1.0,1.0,43,Secondaire,Mariee,Non,Jamais,Au_moins_1x_sem,Au_moins_1x_sem,1.3333333333333333,45.0,2.0,Superieur,Oui,Littoral,Urbain
1,1.0,1.0,35,Superieur,Divorcee,Non,Jamais,Moins_1x_sem,Au_moins_1x_sem,1.0,38.0,8.0,Superieur,Non,Littoral,Urbain
1,1.0,0.0,25,Primaire,Mariee,Oui,Jamais,Jamais,Au_moins_1x_sem,0.6666666666666666,33.0,8.0,Superieur,Oui,Littoral,Urbain
0,0.0,0.0,41,Secondaire,Divorcee,Non,Moins_1x_sem,Moins_1x_sem,Au_moins_1x_sem,1.3333333333333333,38.0,8.0,Superieur,Oui,Littoral,Urbain
0,0.0,0.0,33,Primaire,Union_libre,Non,Jamais,Moins_1x_sem,Au_moins_1x_sem,1.0,40.0,7.0,Secondaire,Oui,Littoral,Urbain
0,0.0,0.0,31,Superieur,Mariee,Non,Jamais,Jamais,Au_moins_1x_sem,0.6666666666666666,32.0,1.0,Superieur,Non,Littoral,Urbain
0,0.0,0.0,32,Secondaire,Mariee,Non,Jamais,Au_moins_1x_sem,Moins_1x_sem,1.0,39.0,7.0,Superieur,Oui,Littoral,Urbain
0,0.0,0.0,35,Primaire,Mariee,Non,Jamais,Jamais,Moins_1x_sem,0.3333333333333333,42.0,7.0,Secondaire,Oui,Littoral,Urbain
1,1.0,0.0,34,Primaire,Union_libre,Non,Jamais,Jamais,Au_moins_1x_sem,0.6666666666666666,38.0,4.0,Secondaire,Oui,Est,Urbain
1,1.0,0.0,29,Secondaire,Union_libre,Non,Jamais,Jamais,Au_moins_1x_sem,0.6666666666666666,42.0,13.0,Secondaire,Oui,Est,Urbain
0,0.0,0.0,30,Secondaire,Union_libre,Non,Jamais,Au_moins_1x_sem,Au_moins_1x_sem,1.3333333333333333,50.0,20.0,Superieur,Oui,Est,Urbain
0,0.0,0.0,25,Secondaire,Separee,Non,Jamais,Jamais,Au_moins_1x_sem,0.6666666666666666,38.0,8.0,Superieur,Non,Est,Urbain
0,0.0,0.0,38,Secondaire,Union_libre,Non,Jamais,Jamais,Au_moins_1x_sem,0.6666666666666666,43.0,5.0,Superieur,Oui,Est,Urbain
0,0.0,0.0,34,Secondaire,Mariee,Non,Moins_1x_sem,Au_moins_1x_sem,Au_moins_1x_sem,1.6666666666666667,37.0,3.0,Superieur,Oui,Est,Urbain
1,1.0,0.0,24,Secondaire,Union_libre,Non,Moins_1x_sem,Moins_1x_sem,Au_moins_1x_sem,1.3333333333333333,26.0,2.0,Secondaire,Oui,Littoral,Urbain
0,0.0,0.0,23,Primaire,Mariee,Non,Jamais,Au_moins_1x_sem,Au_moins_1x_sem,1.3333333333333333,26.0,3.0,Superieur,Oui,Littoral,Urbain
0,0.0,0.0,32,Superieur,Mariee,Non,Jamais,Au_moins_1x_sem,Au_moins_1x_sem,1.3333333333333333,40.0,8.0,Superieur,Oui,Littoral,Urbain
1,1.0,1.0,27,Secondaire,Union_libre,Non,Moins_1x_sem,Moins_1x_sem,Au_moins_1x_sem,1.3333333333333333,38.0,11.0,Superieur,Oui,Littoral,Urbain
0,0.0,0.0,38,Primaire,Separee,Non,Au_moins_1x_sem,Jamais,Au_moins_1x_sem,1.3333333333333333,38.0,8.0,Superieur,Oui,Littoral,Urbain
1,1.0,0.0,22,Superieur,Union_libre,Non,Jamais,Au_moins_1x_sem,Au_moins_1x_sem,1.3333333333333333,26.0,4.0,Superieur,Non,Littoral,Urbain
0,0.0,0.0,28,Superieur,Union_libre,Non,Moins_1x_sem,Moins_1x_sem,Au_moins_1x_sem,1.3333333333333333,35.0,7.0,Superieur,Oui,Littoral,Urbain
0,0.0,0.0,39,Secondaire,Mariee,Non,Jamais,Au_moins_1x_sem,Au_moins_1x_sem,1.3333333333333333,50.0,11.0,Superieur,Oui,Sud_Ouest,Urbain
0,0.0,0.0,18,Secondaire,Union_libre,Non,Jamais,Au_moins_1x_sem,Au_moins_1x_sem,1.3333333333333333,21.0,3.0,Superieur,Non,Sud_Ouest,Urbain
0,0.0,0.0,35,Secondaire,Mariee,Non,Jamais,Jamais,Au_moins_1x_sem,0.6666666666666666,38.0,3.0,Secondaire,Non,Sud_Ouest,Urbain
0,0.0,0.0,31,Superieur,Union_libre,Non,Jamais,Au_moins_1x_sem,Au_moins_1x_sem,1.3333333333333333,38.0,7.0,Superieur,Non,Sud_Ouest,Urbain
1,1.0,1.0,43,Secondaire,Mariee,Non,Jamais,Jamais,Moins_1x_sem,0.3333333333333333,49.0,6.0,Superieur,Oui,Sud_Ouest,Urbain
0,0.0,0.0,42,Secondaire,Mariee,Non,Jamais,Au_moins_1x_sem,Au_moins_1x_sem,1.3333333333333333,47.0,5.0,Superieur,Non,Sud_Ouest,Urbain
0,0.0,0.0,27,Secondaire,Mariee,Non,Jamais,Au_moins_1x_sem,Au_moins_1x_sem,1.3333333333333333,33.0,6.0,Superieur,Non,Sud_Ouest,Urbain
0,0.0,0.0,48,Secondaire,Mariee,Non,Jamais,Au_moins_1x_sem,Au_moins_1x_sem,1.3333333333333333,49.0,1.0,Superieur,Oui,Sud_Ouest,Urbain
0,0.0,0.0,30,Primaire,Separee,Non,Jamais,Jamais,Au_moins_1x_sem,0.6666666666666666,38.0,8.0,Superieur,Non,Sud_Ouest,Urbain
0,0.0,0.0,37,Superieur,Veuve,Non,Jamais,Moins_1x_sem,Au_moins_1x_sem,1.0,38.0,8.0,Superieur,Non,Extreme_Nord,Urbain
0,0.0,0.0,24,Primaire,Mariee,Non,Jamais,Jamais,Au_moins_1x_sem,0.6666666666666666,39.0,15.0,Secondaire,Non,Extreme_Nord,Urbain
0,0.0,0.0,45,Superieur,Mariee,Non,Moins_1x_sem,Moins_1x_sem,Moins_1x_sem,1.0,53.0,8.0,Superieur,Non,Extreme_Nord,Urbain
0,0.0,0.0,47,Aucun,Mariee,Non,Jamais,Jamais,Jamais,0.0,50.0,3.0,Secondaire,Non,Extreme_Nord,Urbain
1,1.0,0.0,30,Secondaire,Union_libre,Non,Jamais,Moins_1x_sem,Moins_1x_sem,0.6666666666666666,32.0,2.0,Superieur,Oui,Extreme_Nord,Urbain
0,0.0,0.0,48,Aucun,Mariee,Non,Jamais,Jamais,Jamais,0.0,52.0,4.0,Secondaire,Non,Extreme_Nord,Urbain
0,0.0,0.0,24,Secondaire,Union_libre,Oui,Jamais,Moins_1x_sem,Moins_1x_sem,0.6666666666666666,30.0,6.0,Superieur,Non,Extreme_Nord,Urbain
1,1.0,1.0,34,Secondaire,Separee,Non,Jamais,Jamais,Au_moins_1x_sem,0.6666666666666666,38.0,8.0,Superieur,Oui,Extreme_Nord,Urbain
1,1.0,0.0,26,Secondaire,Union_libre,Non,Moins_1x_sem,Moins_1x_sem,Moins_1x_sem,1.0,31.0,5.0,Superieur,Oui,Extreme_Nord,Urbain
1,1.0,1.0,26,Primaire,Separee,Non,Jamais,Jamais,Jamais,0.0,38.0,8.0,Superieur,Oui,Extreme_Nord,Urbain
0,0.0,0.0,39,Primaire,Mariee,Oui,Jamais,Jamais,Au_moins_1x_sem,0.6666666666666666,50.0,11.0,Secondaire,Non,Extreme_Nord,Urbain
1,1.0,0.0,39,Primaire,Mariee,Non,Jamais,Jamais,Au_moins_1x_sem,0.6666666666666666,52.0,13.0,Superieur,Oui,Extreme_Nord,Urbain
0,0.0,0.0,25,Primaire,Mariee,Non,Jamais,Jamais,Jamais,0.0,30.0,5.0,Primaire,Non,Adamaoua,Rural
0,0.0,0.0,27,Primaire,Mariee,Non,Jamais,Jamais,Jamais,0.0,32.0,5.0,Superieur,Non,Adamaoua,Rural
1,1.0,0.0,17,Primaire,Mariee,Non,Jamais,Jamais,Jamais,0.0,26.0,9.0,Superieur,Non,Adamaoua,Rural
0,0.0,0.0,19,Aucun,Mariee,Non,Jamais,Jamais,Jamais,0.0,30.0,11.0,Aucun,Non,Adamaoua,Rural
0,0.0,0.0,20,Secondaire,Mariee,Non,Jamais,Jamais,Jamais,0.0,27.0,7.0,Superieur,Non,Adamaoua,Rural
0,0.0,0.0,38,Aucun,Mariee,Non,Jamais,Jamais,Jamais,0.0,34.0,-4.0,Aucun,Non,Adamaoua,Rural
0,0.0,0.0,23,Primaire,Mariee,Non,Jamais,Jamais,Jamais,0.0,36.0,13.0,Primaire,Non,Adamaoua,Rural
0,0.0,0.0,35,Aucun,Mariee,Non,Jamais,Jamais,Jamais,0.0,70.0,35.0,Aucun,Non,Adamaoua,Rural
0,0.0,0.0,15,Aucun,Mariee,Non,Jamais,Jamais,Jamais,0.0,25.0,10.0,Primaire,Non,Adamaoua,Rural
0,0.0,0.0,18,Aucun,Mariee,Non,Jamais,Jamais,Jamais,0.0,27.0,9.0,Primaire,Non,Adamaoua,Rural
0,0.0,0.0,21,Secondaire,Mariee,Non,Jamais,Jamais,Jamais,0.0,45.0,24.0,Secondaire,Non,Adamaoua,Rural
0,0.0,0.0,31,Primaire,Divorcee,Non,Jamais,Jamais,Jamais,0.0,38.0,8.0,Superieur,Non,Adamaoua,Rural
0,0.0,0.0,27,Primaire,Separee,Non,Jamais,Jamais,Jamais,0.0,38.0,8.0,Superieur,Non,Nord,Urbain
0,0.0,0.0,40,Primaire,Union_libre,Non,Jamais,Jamais,Jamais,0.0,60.0,20.0,Secondaire,Oui,Nord,Urbain
0,0.0,0.0,27,Primaire,Union_libre,Non,Jamais,Jamais,Jamais,0.0,40.0,13.0,Superieur,Oui,Nord,Urbain
0,0.0,0.0,41,Primaire,Union_libre,Non,Jamais,Jamais,Jamais,0.0,58.0,17.0,Primaire,Non,Nord,Urbain
1,1.0,0.0,42,Primaire,Union_libre,Non,Jamais,Jamais,Jamais,0.0,48.0,6.0,Superieur,Oui,Nord,Urbain
0,0.0,0.0,36,Secondaire,Union_libre,Non,Jamais,Jamais,Au_moins_1x_sem,0.6666666666666666,50.0,14.0,Superieur,Oui,Nord,Urbain
0,0.0,0.0,22,Primaire,Mariee,Non,Jamais,Jamais,Jamais,0.0,29.0,7.0,Primaire,Non,Nord,Urbain
1,1.0,0.0,21,Secondaire,Union_libre,Non,Jamais,Jamais,Au_moins_1x_sem,0.6666666666666666,27.0,6.0,Superieur,Oui,Nord,Urbain
1,1.0,0.0,35,Secondaire,Union_libre,Non,Jamais,Moins_1x_sem,Au_moins_1x_sem,1.0,41.0,6.0,Secondaire,Oui,Nord,Urbain
0,0.0,0.0,32,Secondaire,Union_libre,Non,Jamais,Moins_1x_sem,Au_moins_1x_sem,1.0,37.0,5.0,Secondaire,Oui,Nord,Urbain
0,0.0,0.0,25,Aucun,Mariee,Oui,Jamais,Jamais,Jamais,0.0,35.0,10.0,Aucun,Non,Nord_Ouest,Urbain
0,0.0,0.0,48,Aucun,Separee,Non,Jamais,Jamais,Moins_1x_sem,0.3333333333333333,38.0,8.0,Superieur,Oui,Nord_Ouest,Urbain
0,0.0,0.0,34,Superieur,Mariee,Non,Jamais,Au_moins_1x_sem,Jamais,0.6666666666666666,40.0,6.0,Superieur,Non,Nord_Ouest,Urbain
0,0.0,0.0,28,Primaire,Mariee,Non,Jamais,Jamais,Jamais,0.0,42.0,14.0,Aucun,Non,Nord_Ouest,Urbain
0,0.0,0.0,25,Secondaire,Mariee,Non,Au_moins_1x_sem,Au_moins_1x_sem,Au_moins_1x_sem,2.0,37.0,12.0,Superieur,Non,Nord_Ouest,Urbain
0,0.0,0.0,27,Aucun,Divorcee,Non,Jamais,Jamais,Jamais,0.0,38.0,8.0,Superieur,Non,Nord_Ouest,Urbain
0,0.0,0.0,39,Secondaire,Mariee,Non,Jamais,Jamais,Au_moins_1x_sem,0.6666666666666666,44.0,5.0,Superieur,Oui,Nord_Ouest,Urbain
0,0.0,0.0,28,Aucun,Mariee,Non,Jamais,Jamais,Jamais,0.0,45.0,17.0,Aucun,Non,Nord_Ouest,Urbain
1,1.0,0.0,45,Primaire,Mariee,Non,Jamais,Jamais,Jamais,0.0,62.0,17.0,Primaire,Non,Nord_Ouest,Urbain
0,0.0,0.0,49,Aucun,Veuve,Non,Jamais,Jamais,Jamais,0.0,38.0,8.0,Superieur,Non,Nord_Ouest,Urbain
1,1.0,1.0,32,Secondaire,Mariee,Non,Jamais,Au_moins_1x_sem,Au_moins_1x_sem,1.3333333333333333,50.0,18.0,Secondaire,Oui,Nord_Ouest,Urbain
0,0.0,0.0,33,Aucun,Mariee,Oui,Jamais,Jamais,Jamais,0.0,35.0,2.0,Superieur,Non,Nord_Ouest,Urbain
0,0.0,0.0,46,Aucun,Veuve,Non,Jamais,Jamais,Au_moins_1x_sem,0.6666666666666666,38.0,8.0,Superieur,Oui,Nord_Ouest,Urbain
1,1.0,1.0,27,Primaire,Union_libre,Non,Jamais,Jamais,Jamais,0.0,30.0,3.0,Primaire,Oui,Nord_Ouest,Urbain
0,0.0,0.0,38,Aucun,Mariee,Non,Jamais,Au_moins_1x_sem,Jamais,0.6666666666666666,48.0,10.0,Superieur,Non,Sud,Urbain
1,1.0,0.0,19,Secondaire,Mariee,Non,Jamais,Moins_1x_sem,Au_moins_1x_sem,1.0,28.0,9.0,Superieur,Oui,Sud,Urbain
1,1.0,1.0,38,Primaire,Union_libre,Non,Jamais,Moins_1x_sem,Au_moins_1x_sem,1.0,38.0,0.0,Superieur,Oui,Sud,Urbain
0,0.0,0.0,21,Secondaire,Union_libre,Non,Jamais,Jamais,Moins_1x_sem,0.3333333333333333,34.0,13.0,Superieur,Oui,Sud,Urbain
0,0.0,0.0,41,Secondaire,Mariee,Non,Jamais,Jamais,Au_moins_1x_sem,0.6666666666666666,70.0,29.0,Secondaire,Non,Sud,Urbain
0,0.0,0.0,30,Secondaire,Mariee,Oui,Jamais,Jamais,Au_moins_1x_sem,0.6666666666666666,34.0,4.0,Superieur,Oui,Sud,Urbain
0,0.0,0.0,20,Secondaire,Mariee,Non,Jamais,Au_moins_1x_sem,Au_moins_1x_sem,1.3333333333333333,29.0,9.0,Superieur,Non,Sud,Urbain
0,0.0,0.0,27,Primaire,Mariee,Non,Jamais,Jamais,Jamais,0.0,31.0,4.0,Primaire,Non,Littoral,Rural
0,0.0,0.0,21,Aucun,Mariee,Non,Jamais,Jamais,Jamais,0.0,30.0,9.0,Superieur,Oui,Littoral,Rural
0,0.0,0.0,46,Aucun,Mariee,Non,Jamais,Jamais,Jamais,0.0,62.0,16.0,Aucun,Non,Littoral,Rural
0,0.0,0.0,33,Aucun,Mariee,Non,Jamais,Jamais,Jamais,0.0,54.0,21.0,Aucun,Non,Littoral,Rural
0,0.0,0.0,26,Aucun,Mariee,Non,Jamais,Jamais,Jamais,0.0,36.0,10.0,Aucun,Non,Littoral,Rural
1,1.0,0.0,28,Secondaire,Mariee,Oui,Jamais,Jamais,Jamais,0.0,33.0,5.0,Superieur,Oui,Littoral,Rural
0,0.0,0.0,30,Aucun,Mariee,Non,Jamais,Jamais,Jamais,0.0,46.0,16.0,Primaire,Non,Littoral,Rural
0,0.0,0.0,47,Aucun,Mariee,Non,Jamais,Jamais,Jamais,0.0,52.0,5.0,Aucun,Non,Littoral,Rural
0,0.0,0.0,37,Aucun,Veuve,Non,Jamais,Jamais,Jamais,0.0,38.0,8.0,Superieur,Non,Littoral,Rural
0,0.0,0.0,25,Aucun,Mariee,Non,Jamais,Moins_1x_sem,Jamais,0.3333333333333333,32.0,7.0,Primaire,Non,Littoral,Rural
0,0.0,0.0,33,Primaire,Mariee,Non,Jamais,Jamais,Jamais,0.0,34.0,1.0,Secondaire,Non,Littoral,Rural
0,0.0,0.0,39,Aucun,Mariee,Non,Jamais,Jamais,Jamais,0.0,56.0,17.0,Aucun,Oui,Littoral,Rural
0,0.0,0.0,23,Aucun,Mariee,Non,Jamais,Jamais,Jamais,0.0,37.0,14.0,Aucun,Non,Littoral,Rural
0,0.0,0.0,34,Aucun,Mariee,Non,Jamais,Jamais,Jamais,0.0,40.0,6.0,Aucun,Non,Littoral,Rural
0,0.0,0.0,30,Primaire,Mariee,Non,Jamais,Jamais,Jamais,0.0,38.0,8.0,Secondaire,Non,Littoral,Rural
0,0.0,0.0,24,Secondaire,Mariee,Non,Jamais,Jamais,Jamais,0.0,27.0,3.0,Superieur,Non,Littoral,Rural
0,0.0,0.0,31,Primaire,Mariee,Non,Jamais,Jamais,Jamais,0.0,41.0,10.0,Primaire,Non,Littoral,Rural
0,0.0,0.0,38,Primaire,Union_libre,Non,Jamais,Moins_1x_sem,Au_moins_1x_sem,1.0,46.0,8.0,Secondaire,Non,Nord,Urbain
0,0.0,0.0,20,Secondaire,Mariee,Oui,Jamais,Jamais,Au_moins_1x_sem,0.6666666666666666,28.0,8.0,Superieur,Non,Nord,Urbain
1,1.0,0.0,30,Primaire,Union_libre,Non,Jamais,Moins_1x_sem,Jamais,0.3333333333333333,32.0,2.0,Superieur,Oui,Nord,Urbain
1,1.0,0.0,29,Secondaire,Union_libre,Non,Jamais,Jamais,Moins_1x_sem,0.3333333333333333,35.0,6.0,Superieur,Oui,Nord,Urbain
0,0.0,0.0,30,Superieur,Union_libre,Non,Jamais,Au_moins_1x_sem,Au_moins_1x_sem,1.3333333333333333,36.0,6.0,Superieur,Oui,Nord,Urbain
1,1.0,1.0,36,Secondaire,Veuve,Non,Jamais,Jamais,Au_moins_1x_sem,0.6666666666666666,38.0,8.0,Superieur,Oui,Nord,Urbain
0,0.0,0.0,27,Superieur,Union_libre,Oui,Au_moins_1x_sem,Jamais,Au_moins_1x_sem,1.3333333333333333,33.0,6.0,Superieur,Non,Nord,Urbain
0,0.0,0.0,40,Secondaire,Mariee,Non,Jamais,Jamais,Jamais,0.0,40.0,0.0,Superieur,Oui,Nord,Urbain
0,0.0,0.0,44,Secondaire,Veuve,Non,Jamais,Jamais,Jamais,0.0,38.0,8.0,Superieur,Oui,Nord,Urbain
0,0.0,0.0,22,Secondaire,Union_libre,Non,Jamais,Jamais,Jamais,0.0,25.0,3.0,Secondaire,Oui,Nord,Urbain
0,0.0,0.0,49,Superieur,Divorcee,Non,Jamais,Jamais,Au_moins_1x_sem,0.6666666666666666,38.0,8.0,Superieur,Oui,Nord,Urbain
0,0.0,0.0,26,Secondaire,Union_libre,Non,Jamais,Jamais,Au_moins_1x_sem,0.6666666666666666,40.0,14.0,Superieur,Oui,Nord,Urbain
1,1.0,1.0,40,Primaire,Mariee,Non,Jamais,Au_moins_1x_sem,Moins_1x_sem,1.0,46.0,6.0,Superieur,Oui,Nord,Urbain
0,0.0,0.0,44,Primaire,Separee,Non,Jamais,Jamais,Au_moins_1x_sem,0.6666666666666666,38.0,8.0,Superieur,Oui,Nord,Urbain
0,0.0,0.0,21,Secondaire,Union_libre,Non,Jamais,Jamais,Au_moins_1x_sem,0.6666666666666666,35.0,14.0,Superieur,Oui,Nord,Urbain
0,0.0,0.0,42,Primaire,Mariee,Non,Jamais,Jamais,Jamais,0.0,53.0,11.0,Superieur,Non,Adamaoua,Urbain
0,0.0,0.0,28,Primaire,Mariee,Non,Jamais,Jamais,Jamais,0.0,38.0,10.0,Superieur,Non,Adamaoua,Urbain
0,0.0,0.0,30,Primaire,Separee,Non,Jamais,Jamais,Jamais,0.0,38.0,8.0,Superieur,Non,Adamaoua,Urbain
0,0.0,0.0,32,Secondaire,Mariee,Non,Jamais,Jamais,Jamais,0.0,34.0,2.0,Superieur,Non,Adamaoua,Urbain
1,1.0,1.0,38,Aucun,Union_libre,Non,Jamais,Jamais,Jamais,0.0,41.0,3.0,Superieur,Non,Adamaoua,Urbain
0,0.0,0.0,41,Aucun,Mariee,Non,Jamais,Jamais,Jamais,0.0,55.0,14.0,Primaire,Non,Adamaoua,Urbain
0,0.0,0.0,17,Aucun,Mariee,Non,Jamais,Jamais,Jamais,0.0,46.0,29.0,Aucun,Non,Adamaoua,Urbain
0,0.0,0.0,27,Aucun,Mariee,Non,Jamais,Jamais,Jamais,0.0,40.0,13.0,Superieur,Non,Adamaoua,Urbain
0,0.0,0.0,30,Aucun,Mariee,Non,Jamais,Jamais,Au_moins_1x_sem,0.6666666666666666,50.0,20.0,Aucun,Non,Adamaoua,Urbain
0,0.0,0.0,23,Aucun,Mariee,Oui,Jamais,Moins_1x_sem,Au_moins_1x_sem,1.0,42.0,19.0,Secondaire,Non,Adamaoua,Urbain
0,0.0,0.0,29,Aucun,Mariee,Non,Jamais,Jamais,Jamais,0.0,58.0,29.0,Superieur,Non,Adamaoua,Urbain
1,1.0,1.0,36,Secondaire,Mariee,Non,Jamais,Moins_1x_sem,Au_moins_1x_sem,1.0,40.0,4.0,Secondaire,Oui,Littoral,Urbain
1,1.0,1.0,36,Primaire,Separee,Non,Jamais,Jamais,Au_moins_1x_sem,0.6666666666666666,38.0,8.0,Superieur,Oui,Littoral,Urbain
0,0.0,0.0,30,Superieur,Mariee,Non,Jamais,Moins_1x_sem,Au_moins_1x_sem,1.0,33.0,3.0,Superieur,Non,Littoral,Urbain
0,0.0,0.0,35,Secondaire,Mariee,Non,Au_moins_1x_sem,Au_moins_1x_sem,Au_moins_1x_sem,2.0,36.0,1.0,Superieur,Non,Littoral,Urbain
1,1.0,0.0,32,Primaire,Mariee,Non,Au_moins_1x_sem,Au_moins_1x_sem,Au_moins_1x_sem,2.0,42.0,10.0,Secondaire,Oui,Littoral,Urbain
0,0.0,0.0,42,Secondaire,Veuve,Non,Jamais,Moins_1x_sem,Au_moins_1x_sem,1.0,38.0,8.0,Superieur,Oui,Littoral,Urbain
0,0.0,0.0,49,Secondaire,Mariee,Non,Jamais,Jamais,Jamais,0.0,50.0,1.0,Secondaire,Non,Littoral,Urbain
1,1.0,1.0,38,Primaire,Separee,Non,Jamais,Moins_1x_sem,Au_moins_1x_sem,1.0,38.0,8.0,Superieur,Oui,Littoral,Urbain
0,0.0,0.0,48,Aucun,Veuve,Non,Jamais,Jamais,Jamais,0.0,38.0,8.0,Superieur,Non,Ouest,Rural
0,0.0,0.0,28,Primaire,Mariee,Non,Jamais,Jamais,Jamais,0.0,35.0,7.0,Secondaire,Oui,Ouest,Rural
1,1.0,1.0,38,Primaire,Union_libre,Non,Jamais,Jamais,Jamais,0.0,40.0,2.0,Secondaire,Oui,Ouest,Rural
0,0.0,0.0,38,Primaire,Mariee,Non,Jamais,Jamais,Jamais,0.0,45.0,7.0,Secondaire,Oui,Ouest,Rural
0,0.0,0.0,48,Primaire,Veuve,Non,Jamais,Au_moins_1x_sem,Jamais,0.6666666666666666,38.0,8.0,Superieur,Oui,Ouest,Rural
0,0.0,0.0,35,Primaire,Mariee,Non,Jamais,Jamais,Au_moins_1x_sem,0.6666666666666666,41.0,6.0,Secondaire,Oui,Ouest,Rural
0,0.0,0.0,25,Secondaire,Separee,Non,Jamais,Jamais,Jamais,0.0,38.0,8.0,Superieur,Oui,Ouest,Rural
0,0.0,0.0,23,Primaire,Mariee,Non,Jamais,Jamais,Jamais,0.0,34.0,11.0,Secondaire,Non,Ouest,Rural
0,0.0,0.0,44,Primaire,Mariee,Non,Jamais,Au_moins_1x_sem,Jamais,0.6666666666666666,50.0,6.0,Secondaire,Non,Ouest,Rural
0,0.0,0.0,28,Secondaire,Mariee,Non,Au_moins_1x_sem,Au_moins_1x_sem,Au_moins_1x_sem,2.0,41.0,13.0,Secondaire,Oui,Ouest,Rural
0,0.0,0.0,36,Primaire,Union_libre,Non,Jamais,Jamais,Au_moins_1x_sem,0.6666666666666666,49.0,13.0,Superieur,Oui,Littoral,Urbain
0,0.0,0.0,26,Secondaire,Union_libre,Non,Jamais,Moins_1x_sem,Au_moins_1x_sem,1.0,32.0,6.0,Superieur,Oui,Littoral,Urbain
1,1.0,1.0,43,Superieur,Separee,Non,Moins_1x_sem,Moins_1x_sem,Moins_1x_sem,1.0,38.0,8.0,Superieur,Oui,Littoral,Urbain
1,1.0,0.0,26,Primaire,Mariee,Non,Jamais,Jamais,Au_moins_1x_sem,0.6666666666666666,28.0,2.0,Superieur,Oui,Littoral,Urbain
0,0.0,0.0,48,Primaire,Separee,Non,Jamais,Au_moins_1x_sem,Moins_1x_sem,1.0,38.0,8.0,Superieur,Non,Littoral,Urbain
1,1.0,0.0,28,Superieur,Union_libre,Non,Jamais,Moins_1x_sem,Au_moins_1x_sem,1.0,34.0,6.0,Superieur,Oui,Littoral,Urbain
0,0.0,0.0,27,Primaire,Union_libre,Non,Moins_1x_sem,Au_moins_1x_sem,Au_moins_1x_sem,1.6666666666666667,30.0,3.0,Superieur,Non,Littoral,Urbain
1,1.0,0.0,33,Secondaire,Mariee,Non,Moins_1x_sem,Au_moins_1x_sem,Au_moins_1x_sem,1.6666666666666667,41.0,8.0,Superieur,Oui,Littoral,Urbain
1,1.0,0.0,31,Primaire,Union_libre,Oui,Jamais,Moins_1x_sem,Au_moins_1x_sem,1.0,42.0,11.0,Superieur,Oui,Nord,Urbain
0,0.0,0.0,34,Primaire,Union_libre,Non,Jamais,Jamais,Moins_1x_sem,0.3333333333333333,40.0,6.0,Superieur,Oui,Nord,Urbain
0,0.0,0.0,48,Primaire,Separee,Non,Jamais,Jamais,Jamais,0.0,38.0,8.0,Superieur,Non,Nord,Urbain
0,0.0,0.0,38,Primaire,Mariee,Non,Jamais,Jamais,Jamais,0.0,45.0,7.0,Secondaire,Non,Nord,Urbain
0,0.0,0.0,38,Secondaire,Union_libre,Non,Jamais,Jamais,Moins_1x_sem,0.3333333333333333,45.0,7.0,Secondaire,Oui,Nord,Urbain
0,0.0,0.0,37,Secondaire,Union_libre,Non,Jamais,Au_moins_1x_sem,Au_moins_1x_sem,1.3333333333333333,45.0,8.0,Secondaire,Oui,Nord,Urbain
0,0.0,0.0,48,Primaire,Mariee,Non,Jamais,Jamais,Au_moins_1x_sem,0.6666666666666666,50.0,2.0,Secondaire,Oui,Nord,Urbain
1,1.0,0.0,26,Secondaire,Union_libre,Non,Moins_1x_sem,Au_moins_1x_sem,Au_moins_1x_sem,1.6666666666666667,30.0,4.0,Superieur,Oui,Extreme_Nord,Rural
0,0.0,0.0,48,Primaire,Mariee,Non,Jamais,Jamais,Jamais,0.0,45.0,-3.0,Secondaire,Non,Extreme_Nord,Rural
1,1.0,0.0,30,Primaire,Mariee,Non,Moins_1x_sem,Moins_1x_sem,Jamais,0.6666666666666666,34.0,4.0,Secondaire,Oui,Extreme_Nord,Rural
0,0.0,0.0,17,Primaire,Union_libre,Oui,Jamais,Jamais,Jamais,0.0,23.0,6.0,Superieur,Oui,Extreme_Nord,Rural
0,0.0,0.0,33,Primaire,Union_libre,Oui,Jamais,Jamais,Jamais,0.0,40.0,7.0,Superieur,Non,Extreme_Nord,Rural
1,1.0,0.0,32,Secondaire,Mariee,Non,Moins_1x_sem,Moins_1x_sem,Au_moins_1x_sem,1.3333333333333333,39.0,7.0,Superieur,Oui,Extreme_Nord,Rural
1,1.0,0.0,46,Secondaire,Mariee,Non,Jamais,Moins_1x_sem,Au_moins_1x_sem,1.0,59.0,13.0,Superieur,Non,Extreme_Nord,Rural
0,0.0,0.0,36,Secondaire,Veuve,Non,Jamais,Jamais,Jamais,0.0,38.0,8.0,Superieur,Oui,Extreme_Nord,Rural
1,1.0,1.0,30,Secondaire,Mariee,Non,Jamais,Jamais,Jamais,0.0,34.0,4.0,Superieur,Oui,Extreme_Nord,Rural
1,1.0,1.0,32,Primaire,Mariee,Non,Jamais,Jamais,Jamais,0.0,37.0,5.0,Secondaire,Oui,Extreme_Nord,Rural
0,0.0,0.0,18,Primaire,Separee,Non,Jamais,Jamais,Jamais,0.0,38.0,8.0,Superieur,Non,Extreme_Nord,Rural
1,1.0,0.0,33,Secondaire,Mariee,Non,Jamais,Jamais,Jamais,0.0,35.0,2.0,Secondaire,Oui,Extreme_Nord,Rural
1,1.0,1.0,32,Secondaire,Union_libre,Non,Jamais,Moins_1x_sem,Au_moins_1x_sem,1.0,28.0,-4.0,Primaire,Oui,Extreme_Nord,Rural
0,0.0,0.0,24,Secondaire,Union_libre,Oui,Jamais,Jamais,Au_moins_1x_sem,0.6666666666666666,43.0,19.0,Superieur,Oui,Extreme_Nord,Rural
1,1.0,0.0,18,Secondaire,Separee,Oui,Au_moins_1x_sem,Moins_1x_sem,Au_moins_1x_sem,1.6666666666666667,38.0,8.0,Superieur,Non,Extreme_Nord,Rural
1,1.0,0.0,30,Aucun,Mariee,Non,Jamais,Jamais,Jamais,0.0,40.0,10.0,Primaire,Non,Centre,Rural
0,0.0,0.0,18,Primaire,Union_libre,Non,Jamais,Jamais,Jamais,0.0,31.0,13.0,Superieur,Non,Centre,Rural
0,0.0,0.0,30,Primaire,Union_libre,Non,Jamais,Jamais,Jamais,0.0,60.0,30.0,Primaire,Oui,Centre,Rural
0,0.0,0.0,40,Primaire,Union_libre,Non,Jamais,Jamais,Jamais,0.0,63.0,23.0,Primaire,Oui,Centre,Rural
0,0.0,0.0,29,Secondaire,Mariee,Non,Jamais,Jamais,Jamais,0.0,32.0,3.0,Secondaire,Non,Centre,Rural
1,1.0,0.0,22,Secondaire,Separee,Non,Jamais,Jamais,Jamais,0.0,38.0,8.0,Superieur,Oui,Centre,Rural
0,0.0,0.0,32,Primaire,Union_libre,Non,Jamais,Jamais,Jamais,0.0,53.0,21.0,Primaire,Oui,Centre,Rural
0,0.0,0.0,20,Primaire,Mariee,Non,Jamais,Jamais,Jamais,0.0,32.0,12.0,Primaire,Non,Centre,Rural
1,1.0,0.0,30,Primaire,Separee,Non,Jamais,Jamais,Jamais,0.0,38.0,8.0,Superieur,Oui,Centre,Rural
1,1.0,0.0,20,Secondaire,Separee,Non,Jamais,Jamais,Jamais,0.0,38.0,8.0,Superieur,Oui,Centre,Rural
0,0.0,0.0,17,Secondaire,Union_libre,Non,Jamais,Jamais,Moins_1x_sem,0.3333333333333333,20.0,3.0,Superieur,Oui,Centre,Rural
0,0.0,0.0,35,Primaire,Union_libre,Non,Jamais,Jamais,Jamais,0.0,37.0,2.0,Primaire,Oui,Centre,Rural
1,1.0,0.0,20,Secondaire,Separee,Non,Jamais,Jamais,Jamais,0.0,38.0,8.0,Superieur,Oui,Centre,Rural
1,1.0,0.0,42,Secondaire,Union_libre,Non,Jamais,Moins_1x_sem,Jamais,0.3333333333333333,59.0,17.0,Secondaire,Oui,Centre,Rural
1,1.0,0.0,17,Secondaire,Mariee,Non,Jamais,Jamais,Jamais,0.0,24.0,7.0,Superieur,Oui,Centre,Rural
0,0.0,0.0,42,Primaire,Mariee,Non,Jamais,Jamais,Jamais,0.0,44.0,2.0,Secondaire,Non,Centre,Rural
1,1.0,0.0,36,Secondaire,Separee,Non,Jamais,Jamais,Jamais,0.0,38.0,8.0,Superieur,Non,Centre,Rural
0,0.0,0.0,22,Primaire,Union_libre,Non,Jamais,Jamais,Jamais,0.0,36.0,14.0,Secondaire,Oui,Nord_Ouest,Rural
1,1.0,0.0,35,Aucun,Mariee,Non,Jamais,Jamais,Jamais,0.0,55.0,20.0,Primaire,Non,Nord_Ouest,Rural
1,1.0,0.0,33,Aucun,Mariee,Non,Jamais,Jamais,Moins_1x_sem,0.3333333333333333,68.0,35.0,Aucun,Non,Nord_Ouest,Rural
1,1.0,0.0,36,Aucun,Mariee,Non,Jamais,Jamais,Jamais,0.0,43.0,7.0,Aucun,Oui,Nord_Ouest,Rural
1,1.0,0.0,44,Aucun,Veuve,Non,Jamais,Jamais,Jamais,0.0,38.0,8.0,Superieur,Oui,Nord_Ouest,Rural
0,0.0,0.0,37,Primaire,Mariee,Non,Jamais,Jamais,Jamais,0.0,38.0,1.0,Aucun,Non,Nord_Ouest,Rural
1,1.0,0.0,20,Primaire,Divorcee,Non,Jamais,Jamais,Jamais,0.0,38.0,8.0,Superieur,Non,Nord_Ouest,Rural
1,1.0,0.0,19,Secondaire,Mariee,Oui,Jamais,Jamais,Jamais,0.0,28.0,9.0,Superieur,Oui,Nord_Ouest,Rural
0,0.0,0.0,32,Primaire,Divorcee,Non,Jamais,Moins_1x_sem,Jamais,0.3333333333333333,38.0,8.0,Superieur,Non,Nord_Ouest,Rural
0,0.0,0.0,38,Primaire,Mariee,Non,Jamais,Moins_1x_sem,Jamais,0.3333333333333333,37.0,-1.0,Superieur,Oui,Nord_Ouest,Rural
0,0.0,0.0,28,Superieur,Mariee,Non,Au_moins_1x_sem,Au_moins_1x_sem,Au_moins_1x_sem,2.0,36.0,8.0,Superieur,Oui,Littoral,Urbain
0,0.0,0.0,32,Superieur,Mariee,Non,Au_moins_1x_sem,Au_moins_1x_sem,Au_moins_1x_sem,2.0,35.0,3.0,Superieur,Oui,Littoral,Urbain
1,1.0,0.0,35,Secondaire,Separee,Non,Moins_1x_sem,Au_moins_1x_sem,Au_moins_1x_sem,1.6666666666666667,38.0,8.0,Superieur,Oui,Littoral,Urbain
0,0.0,0.0,39,Superieur,Mariee,Non,Moins_1x_sem,Jamais,Au_moins_1x_sem,1.0,47.0,8.0,Superieur,Oui,Littoral,Urbain
1,1.0,0.0,45,Secondaire,Mariee,Non,Jamais,Moins_1x_sem,Au_moins_1x_sem,1.0,50.0,5.0,Superieur,Oui,Littoral,Urbain
0,0.0,0.0,23,Aucun,Divorcee,Non,Jamais,Jamais,Au_moins_1x_sem,0.6666666666666666,38.0,8.0,Superieur,Non,Littoral,Urbain
1,1.0,0.0,47,Secondaire,Veuve,Non,Moins_1x_sem,Moins_1x_sem,Au_moins_1x_sem,1.3333333333333333,38.0,8.0,Superieur,Non,Littoral,Urbain
0,0.0,0.0,48,Aucun,Mariee,Non,Jamais,Jamais,Jamais,0.0,70.0,22.0,Aucun,Non,Littoral,Urbain
0,0.0,0.0,39,Secondaire,Mariee,Non,Jamais,Jamais,Au_moins_1x_sem,0.6666666666666666,47.0,8.0,Superieur,Oui,Littoral,Urbain
1,1.0,0.0,41,Secondaire,Mariee,Non,Jamais,Moins_1x_sem,Au_moins_1x_sem,1.0,59.0,18.0,Superieur,Oui,Centre,Urbain
0,0.0,0.0,19,Aucun,Union_libre,Non,Jamais,Jamais,Au_moins_1x_sem,0.6666666666666666,32.0,13.0,Secondaire,Non,Centre,Urbain
0,0.0,0.0,28,Secondaire,Union_libre,Non,Jamais,Au_moins_1x_sem,Au_moins_1x_sem,1.3333333333333333,36.0,8.0,Superieur,Non,Centre,Urbain
0,0.0,0.0,46,Primaire,Veuve,Non,Jamais,Jamais,Jamais,0.0,38.0,8.0,Superieur,Non,Centre,Urbain
0,0.0,0.0,42,Secondaire,Mariee,Non,Moins_1x_sem,Au_moins_1x_sem,Au_moins_1x_sem,1.6666666666666667,45.0,3.0,Superieur,Oui,Centre,Urbain
0,0.0,0.0,30,Superieur,Union_libre,Non,Jamais,Au_moins_1x_sem,Au_moins_1x_sem,1.3333333333333333,40.0,10.0,Superieur,Oui,Centre,Urbain
1,1.0,0.0,40,Secondaire,Separee,Non,Jamais,Moins_1x_sem,Au_moins_1x_sem,1.0,38.0,8.0,Superieur,Oui,Centre,Urbain
0,0.0,0.0,41,Primaire,Union_libre,Non,Jamais,Moins_1x_sem,Jamais,0.3333333333333333,43.0,2.0,Superieur,Oui,Centre,Urbain
1,1.0,0.0,24,Secondaire,Union_libre,Non,Jamais,Jamais,Moins_1x_sem,0.3333333333333333,33.0,9.0,Superieur,Oui,Centre,Urbain
0,0.0,0.0,39,Secondaire,Union_libre,Non,Moins_1x_sem,Au_moins_1x_sem,Au_moins_1x_sem,1.6666666666666667,45.0,6.0,Superieur,Non,Centre,Urbain
0,0.0,0.0,43,Secondaire,Veuve,Non,Jamais,Moins_1x_sem,Au_moins_1x_sem,1.0,38.0,8.0,Superieur,Non,Centre,Urbain
1,1.0,0.0,33,Secondaire,Separee,Non,Jamais,Moins_1x_sem,Au_moins_1x_sem,1.0,38.0,8.0,Superieur,Oui,Centre,Urbain
0,0.0,0.0,35,Secondaire,Mariee,Non,Jamais,Jamais,Au_moins_1x_sem,0.6666666666666666,44.0,9.0,Superieur,Oui,Centre,Urbain
0,0.0,0.0,28,Primaire,Union_libre,Non,Moins_1x_sem,Jamais,Moins_1x_sem,0.6666666666666666,31.0,3.0,Superieur,Oui,Centre,Urbain
1,1.0,1.0,19,Primaire,Union_libre,Non,Jamais,Jamais,Au_moins_1x_sem,0.6666666666666666,22.0,3.0,Superieur,Oui,Centre,Urbain
0,0.0,0.0,25,Secondaire,Union_libre,Non,Jamais,Jamais,Jamais,0.0,30.0,5.0,Superieur,Non,Sud_Ouest,Rural
1,1.0,1.0,27,Secondaire,Mariee,Non,Jamais,Au_moins_1x_sem,Jamais,0.6666666666666666,35.0,8.0,Superieur,Non,Sud_Ouest,Rural
1,1.0,0.0,32,Secondaire,Mariee,Non,Jamais,Moins_1x_sem,Au_moins_1x_sem,1.0,43.0,11.0,Superieur,Non,Sud_Ouest,Rural
1,1.0,0.0,49,Primaire,Veuve,Non,Jamais,Moins_1x_sem,Jamais,0.3333333333333333,38.0,8.0,Superieur,Oui,Sud_Ouest,Rural
0,0.0,0.0,43,Secondaire,Mariee,Non,Jamais,Au_moins_1x_sem,Jamais,0.6666666666666666,53.0,10.0,Superieur,Oui,Sud_Ouest,Rural
0,0.0,0.0,34,Primaire,Separee,Non,Jamais,Moins_1x_sem,Moins_1x_sem,0.6666666666666666,38.0,8.0,Superieur,Non,Sud_Ouest,Rural
1,1.0,0.0,29,Secondaire,Mariee,Oui,Moins_1x_sem,Au_moins_1x_sem,Au_moins_1x_sem,1.6666666666666667,41.0,12.0,Superieur,Oui,Sud_Ouest,Rural
1,1.0,0.0,28,Primaire,Mariee,Non,Jamais,Moins_1x_sem,Jamais,0.3333333333333333,32.0,4.0,Secondaire,Oui,Sud_Ouest,Rural
0,0.0,0.0,27,Secondaire,Union_libre,Non,Jamais,Moins_1x_sem,Jamais,0.3333333333333333,33.0,6.0,Superieur,Non,Sud_Ouest,Rural
1,1.0,0.0,35,Primaire,Mariee,Non,Jamais,Au_moins_1x_sem,Jamais,0.6666666666666666,45.0,10.0,Secondaire,Oui,Sud_Ouest,Rural
0,0.0,0.0,44,Primaire,Mariee,Non,Jamais,Jamais,Jamais,0.0,65.0,21.0,Superieur,Non,Sud_Ouest,Rural
1,1.0,0.0,36,Primaire,Mariee,Non,Jamais,Jamais,Jamais,0.0,52.0,16.0,Superieur,Non,Sud_Ouest,Rural
1,1.0,1.0,42,Primaire,Mariee,Non,Jamais,Jamais,Jamais,0.0,44.0,2.0,Superieur,Oui,Sud_Ouest,Rural
1,1.0,0.0,23,Secondaire,Separee,Non,Au_moins_1x_sem,Au_moins_1x_sem,Au_moins_1x_sem,2.0,38.0,8.0,Superieur,Oui,Centre,Urbain
1,1.0,1.0,24,Secondaire,Union_libre,Non,Jamais,Moins_1x_sem,Au_moins_1x_sem,1.0,27.0,3.0,Secondaire,Oui,Centre,Urbain
1,1.0,0.0,29,Secondaire,Mariee,Non,Moins_1x_sem,Moins_1x_sem,Au_moins_1x_sem,1.3333333333333333,47.0,18.0,Superieur,Oui,Centre,Urbain
1,1.0,0.0,28,Secondaire,Union_libre,Oui,Jamais,Au_moins_1x_sem,Au_moins_1x_sem,1.3333333333333333,29.0,1.0,Superieur,Oui,Centre,Urbain
1,1.0,0.0,30,Secondaire,Union_libre,Non,Moins_1x_sem,Moins_1x_sem,Au_moins_1x_sem,1.3333333333333333,46.0,16.0,Superieur,Oui,Centre,Urbain
1,1.0,0.0,29,Secondaire,Union_libre,Non,Moins_1x_sem,Au_moins_1x_sem,Au_moins_1x_sem,1.6666666666666667,35.0,6.0,Superieur,Oui,Centre,Urbain
1,1.0,1.0,28,Primaire,Union_libre,Non,Moins_1x_sem,Moins_1x_sem,Au_moins_1x_sem,1.3333333333333333,38.0,10.0,Superieur,Oui,Centre,Urbain
1,1.0,0.0,40,Secondaire,Separee,Non,Jamais,Jamais,Jamais,0.0,38.0,8.0,Superieur,Oui,Centre,Urbain
1,1.0,0.0,39,Secondaire,Mariee,Non,Jamais,Moins_1x_sem,Au_moins_1x_sem,1.0,40.0,1.0,Superieur,Non,Centre,Urbain
1,1.0,0.0,24,Secondaire,Union_libre,Non,Jamais,Moins_1x_sem,Au_moins_1x_sem,1.0,30.0,6.0,Superieur,Non,Centre,Urbain
1,1.0,0.0,34,Secondaire,Union_libre,Non,Moins_1x_sem,Moins_1x_sem,Au_moins_1x_sem,1.3333333333333333,32.0,-2.0,Secondaire,Non,Centre,Urbain
1,1.0,0.0,26,Secondaire,Union_libre,Non,Jamais,Jamais,Au_moins_1x_sem,0.6666666666666666,95.0,69.0,Superieur,Oui,Est,Urbain
1,1.0,0.0,23,Secondaire,Union_libre,Oui,Jamais,Au_moins_1x_sem,Au_moins_1x_sem,1.3333333333333333,28.0,5.0,Superieur,Non,Est,Urbain
0,0.0,0.0,32,Secondaire,Mariee,Non,Jamais,Jamais,Au_moins_1x_sem,0.6666666666666666,48.0,16.0,Superieur,Non,Est,Urbain
0,0.0,0.0,19,Secondaire,Union_libre,Non,Jamais,Jamais,Au_moins_1x_sem,0.6666666666666666,29.0,10.0,Superieur,Oui,Est,Urbain
1,1.0,0.0,38,Secondaire,Mariee,Non,Jamais,Jamais,Au_moins_1x_sem,0.6666666666666666,46.0,8.0,Secondaire,Oui,Est,Urbain
1,1.0,1.0,28,Primaire,Union_libre,Non,Jamais,Moins_1x_sem,Moins_1x_sem,0.6666666666666666,35.0,7.0,Primaire,Oui,Est,Urbain
0,0.0,0.0,31,Secondaire,Union_libre,Non,Jamais,Au_moins_1x_sem,Au_moins_1x_sem,1.3333333333333333,35.0,4.0,Superieur,Non,Est,Urbain
0,0.0,0.0,17,Primaire,Union_libre,Non,Jamais,Jamais,Jamais,0.0,30.0,13.0,Superieur,Non,Est,Urbain
0,0.0,0.0,34,Primaire,Mariee,Oui,Jamais,Jamais,Jamais,0.0,37.0,3.0,Superieur,Oui,Est,Urbain
0,0.0,0.0,48,Primaire,Mariee,Non,Jamais,Au_moins_1x_sem,Moins_1x_sem,1.0,70.0,22.0,Primaire,Oui,Sud,Rural
1,1.0,1.0,20,Secondaire,Mariee,Non,Jamais,Jamais,Jamais,0.0,29.0,9.0,Secondaire,Oui,Sud,Rural
0,0.0,0.0,45,Primaire,Mariee,Non,Jamais,Jamais,Jamais,0.0,58.0,13.0,Secondaire,Oui,Sud,Rural
1,1.0,1.0,40,Primaire,Mariee,Non,Jamais,Moins_1x_sem,Au_moins_1x_sem,1.0,36.0,-4.0,Superieur,Oui,Sud,Rural
0,0.0,0.0,41,Secondaire,Mariee,Non,Jamais,Moins_1x_sem,Au_moins_1x_sem,1.0,43.0,2.0,Secondaire,Non,Sud,Rural
0,0.0,0.0,32,Primaire,Mariee,Non,Jamais,Moins_1x_sem,Au_moins_1x_sem,1.0,49.0,17.0,Superieur,Oui,Sud,Rural
1,1.0,1.0,48,Primaire,Separee,Non,Jamais,Jamais,Jamais,0.0,38.0,8.0,Superieur,Oui,Sud,Rural
0,0.0,0.0,37,Primaire,Mariee,Non,Jamais,Jamais,Jamais,0.0,42.0,5.0,Primaire,Oui,Sud,Rural
0,0.0,0.0,27,Secondaire,Union_libre,Non,Au_moins_1x_sem,Au_moins_1x_sem,Au_moins_1x_sem,2.0,32.0,5.0,Primaire,Non,Sud,Rural
0,0.0,0.0,18,Primaire,Mariee,Non,Jamais,Moins_1x_sem,Au_moins_1x_sem,1.0,35.0,17.0,Primaire,Non,Sud,Rural
0,0.0,0.0,29,Secondaire,Union_libre,Non,Jamais,Jamais,Au_moins_1x_sem,0.6666666666666666,32.0,3.0,Superieur,Oui,Sud,Rural
0,0.0,0.0,25,Secondaire,Divorcee,Non,Jamais,Jamais,Jamais,0.0,38.0,8.0,Superieur,Oui,Sud,Rural
1,1.0,0.0,21,Primaire,Mariee,Non,Jamais,Jamais,Jamais,0.0,48.0,27.0,Secondaire,Non,Sud,Rural
1,1.0,0.0,23,Secondaire,Mariee,Non,Jamais,Jamais,Au_moins_1x_sem,0.6666666666666666,31.0,8.0,Primaire,Non,Littoral,Urbain
0,0.0,0.0,28,Primaire,Mariee,Non,Jamais,Jamais,Au_moins_1x_sem,0.6666666666666666,36.0,8.0,Secondaire,Oui,Littoral,Urbain
0,0.0,0.0,28,Aucun,Mariee,Oui,Jamais,Au_moins_1x_sem,Au_moins_1x_sem,1.3333333333333333,33.0,5.0,Superieur,Non,Littoral,Urbain
0,0.0,0.0,29,Aucun,Divorcee,Non,Jamais,Jamais,Jamais,0.0,38.0,8.0,Superieur,Non,Littoral,Urbain
0,0.0,0.0,21,Superieur,Mariee,Non,Au_moins_1x_sem,Au_moins_1x_sem,Au_moins_1x_sem,2.0,37.0,16.0,Superieur,Non,Littoral,Urbain
0,0.0,0.0,42,Aucun,Mariee,Non,Jamais,Jamais,Au_moins_1x_sem,0.6666666666666666,54.0,12.0,Aucun,Non,Littoral,Urbain
0,0.0,0.0,20,Aucun,Mariee,Non,Jamais,Jamais,Au_moins_1x_sem,0.6666666666666666,28.0,8.0,Primaire,Non,Littoral,Urbain
0,0.0,0.0,31,Primaire,Mariee,Non,Jamais,Moins_1x_sem,Au_moins_1x_sem,1.0,52.0,21.0,Superieur,Non,Littoral,Urbain
0,0.0,0.0,28,Secondaire,Mariee,Non,Moins_1x_sem,Moins_1x_sem,Au_moins_1x_sem,1.3333333333333333,40.0,12.0,Superieur,Non,Littoral,Urbain
0,0.0,0.0,38,Aucun,Mariee,Non,Jamais,Moins_1x_sem,Moins_1x_sem,0.6666666666666666,51.0,13.0,Aucun,Non,Littoral,Urbain
0,0.0,0.0,21,Primaire,Mariee,Oui,Jamais,Au_moins_1x_sem,Au_moins_1x_sem,1.3333333333333333,35.0,14.0,Primaire,Non,Littoral,Urbain
0,0.0,0.0,26,Primaire,Mariee,Non,Jamais,Jamais,Au_moins_1x_sem,0.6666666666666666,34.0,8.0,Secondaire,Non,Littoral,Urbain
0,0.0,0.0,23,Superieur,Mariee,Non,Jamais,Moins_1x_sem,Au_moins_1x_sem,1.0,33.0,10.0,Superieur,Non,Littoral,Urbain
1,1.0,0.0,25,Primaire,Mariee,Non,Jamais,Moins_1x_sem,Au_moins_1x_sem,1.0,32.0,7.0,Aucun,Non,Littoral,Urbain
0,0.0,0.0,21,Primaire,Mariee,Oui,Jamais,Jamais,Au_moins_1x_sem,0.6666666666666666,27.0,6.0,Superieur,Non,Littoral,Urbain
0,0.0,0.0,21,Secondaire,Union_libre,Oui,Jamais,Jamais,Jamais,0.0,28.0,7.0,Secondaire,Non,Centre,Rural
0,0.0,0.0,25,Secondaire,Separee,Non,Jamais,Moins_1x_sem,Au_moins_1x_sem,1.0,38.0,8.0,Superieur,Oui,Centre,Rural
0,0.0,0.0,48,Secondaire,Mariee,Non,Moins_1x_sem,Au_moins_1x_sem,Au_moins_1x_sem,1.6666666666666667,58.0,10.0,Superieur,Non,Centre,Rural
1,1.0,0.0,36,Primaire,Union_libre,Non,Moins_1x_sem,Au_moins_1x_sem,Moins_1x_sem,1.3333333333333333,52.0,16.0,Superieur,Oui,Centre,Rural
0,0.0,0.0,33,Primaire,Mariee,Non,Jamais,Jamais,Au_moins_1x_sem,0.6666666666666666,35.0,2.0,Secondaire,Oui,Centre,Rural
0,0.0,0.0,26,Secondaire,Mariee,Oui,Jamais,Au_moins_1x_sem,Au_moins_1x_sem,1.3333333333333333,28.0,2.0,Secondaire,Non,Centre,Rural
1,1.0,1.0,48,Primaire,Union_libre,Non,Jamais,Jamais,Jamais,0.0,50.0,2.0,Superieur,Oui,Centre,Rural
0,0.0,0.0,26,Secondaire,Mariee,Non,Jamais,Jamais,Jamais,0.0,35.0,9.0,Secondaire,Non,Sud,Rural
0,0.0,0.0,36,Secondaire,Mariee,Non,Jamais,Jamais,Jamais,0.0,36.0,0.0,Superieur,Non,Sud,Rural
0,0.0,0.0,38,Primaire,Mariee,Non,Jamais,Jamais,Jamais,0.0,45.0,7.0,Secondaire,Oui,Sud,Rural
0,0.0,0.0,21,Secondaire,Mariee,Non,Jamais,Jamais,Moins_1x_sem,0.3333333333333333,26.0,5.0,Superieur,Oui,Sud,Rural
0,0.0,0.0,37,Superieur,Mariee,Non,Jamais,Au_moins_1x_sem,Au_moins_1x_sem,1.3333333333333333,45.0,8.0,Superieur,Oui,Sud,Rural
0,0.0,0.0,48,Primaire,Mariee,Non,Jamais,Jamais,Jamais,0.0,59.0,11.0,Secondaire,Oui,Sud,Rural
1,1.0,0.0,21,Primaire,Mariee,Oui,Jamais,Au_moins_1x_sem,Moins_1x_sem,1.0,44.0,23.0,Superieur,Oui,Sud,Rural
1,1.0,1.0,29,Primaire,Separee,Non,Jamais,Moins_1x_sem,Moins_1x_sem,0.6666666666666666,38.0,8.0,Superieur,Non,Sud,Rural
1,1.0,1.0,33,Secondaire,Mariee,Oui,Jamais,Jamais,Au_moins_1x_sem,0.6666666666666666,40.0,7.0,Superieur,Oui,Sud,Rural
0,0.0,0.0,42,Secondaire,Separee,Non,Jamais,Moins_1x_sem,Moins_1x_sem,0.6666666666666666,38.0,8.0,Superieur,Non,Sud,Rural
1,1.0,0.0,22,Primaire,Mariee,Non,Jamais,Jamais,Jamais,0.0,32.0,10.0,Primaire,Non,Littoral,Urbain
0,0.0,0.0,48,Aucun,Mariee,Non,Jamais,Jamais,Jamais,0.0,57.0,9.0,Aucun,Non,Littoral,Urbain
0,0.0,0.0,21,Aucun,Mariee,Non,Jamais,Moins_1x_sem,Jamais,0.3333333333333333,34.0,13.0,Superieur,Non,Littoral,Urbain
0,0.0,0.0,20,Aucun,Mariee,Non,Jamais,Jamais,Jamais,0.0,30.0,10.0,Aucun,Non,Littoral,Urbain
0,0.0,0.0,28,Aucun,Mariee,Non,Jamais,Jamais,Jamais,0.0,34.0,6.0,Aucun,Non,Littoral,Urbain
0,0.0,0.0,30,Aucun,Mariee,Non,Jamais,Jamais,Jamais,0.0,57.0,27.0,Aucun,Non,Littoral,Urbain
0,0.0,0.0,45,Aucun,Mariee,Non,Jamais,Jamais,Jamais,0.0,55.0,10.0,Aucun,Non,Littoral,Urbain
0,0.0,0.0,25,Aucun,Mariee,Non,Jamais,Jamais,Jamais,0.0,40.0,15.0,Aucun,Non,Littoral,Urbain
0,0.0,0.0,30,Aucun,Mariee,Non,Jamais,Jamais,Jamais,0.0,45.0,15.0,Primaire,Non,Littoral,Urbain
0,0.0,0.0,38,Aucun,Mariee,Non,Jamais,Jamais,Jamais,0.0,54.0,16.0,Aucun,Non,Littoral,Urbain
0,0.0,0.0,26,Primaire,Mariee,Non,Jamais,Jamais,Jamais,0.0,30.0,4.0,Superieur,Non,Littoral,Urbain
0,0.0,0.0,35,Aucun,Mariee,Non,Jamais,Jamais,Jamais,0.0,45.0,10.0,Aucun,Non,Littoral,Urbain
0,0.0,0.0,34,Aucun,Mariee,Non,Jamais,Jamais,Jamais,0.0,52.0,18.0,Superieur,Non,Littoral,Urbain
0,0.0,0.0,32,Aucun,Mariee,Non,Jamais,Jamais,Jamais,0.0,45.0,13.0,Aucun,Non,Littoral,Urbain
0,0.0,0.0,20,Primaire,Mariee,Oui,Jamais,Jamais,Jamais,0.0,28.0,8.0,Superieur,Non,Littoral,Urbain
0,0.0,0.0,24,Aucun,Mariee,Non,Jamais,Jamais,Jamais,0.0,30.0,6.0,Primaire,Non,Littoral,Urbain
0,0.0,0.0,18,Secondaire,Mariee,Non,Jamais,Moins_1x_sem,Moins_1x_sem,0.6666666666666666,34.0,16.0,Aucun,Non,Littoral,Urbain
0,0.0,0.0,40,Primaire,Mariee,Non,Jamais,Moins_1x_sem,Jamais,0.3333333333333333,76.0,36.0,Aucun,Non,Littoral,Urbain
1,1.0,0.0,38,Secondaire,Mariee,Non,Jamais,Jamais,Jamais,0.0,57.0,19.0,Superieur,Oui,Sud_Ouest,Rural
1,1.0,1.0,33,Primaire,Mariee,Non,Jamais,Au_moins_1x_sem,Moins_1x_sem,1.0,49.0,16.0,Superieur,Oui,Sud_Ouest,Rural
0,0.0,0.0,27,Secondaire,Union_libre,Oui,Moins_1x_sem,Au_moins_1x_sem,Moins_1x_sem,1.3333333333333333,25.0,-2.0,Superieur,Non,Sud_Ouest,Rural
1,1.0,1.0,38,Secondaire,Union_libre,Non,Jamais,Jamais,Au_moins_1x_sem,0.6666666666666666,41.0,3.0,Superieur,Oui,Sud_Ouest,Rural
1,1.0,1.0,28,Secondaire,Mariee,Non,Moins_1x_sem,Au_moins_1x_sem,Moins_1x_sem,1.3333333333333333,36.0,8.0,Superieur,Oui,Sud_Ouest,Rural
0,0.0,0.0,18,Secondaire,Union_libre,Oui,Jamais,Jamais,Au_moins_1x_sem,0.6666666666666666,24.0,6.0,Superieur,Non,Sud_Ouest,Rural
1,1.0,1.0,45,Secondaire,Mariee,Non,Jamais,Moins_1x_sem,Moins_1x_sem,0.6666666666666666,47.0,2.0,Superieur,Oui,Sud_Ouest,Rural
1,1.0,1.0,35,Secondaire,Mariee,Non,Jamais,Jamais,Jamais,0.0,28.0,-7.0,Superieur,Oui,Sud_Ouest,Rural
0,0.0,0.0,25,Primaire,Union_libre,Non,Jamais,Au_moins_1x_sem,Au_moins_1x_sem,1.3333333333333333,35.0,10.0,Superieur,Non,Sud_Ouest,Rural
0,0.0,0.0,36,Secondaire,Mariee,Non,Jamais,Moins_1x_sem,Au_moins_1x_sem,1.0,41.0,5.0,Superieur,Oui,Est,Urbain
0,0.0,0.0,28,Superieur,Mariee,Non,Moins_1x_sem,Jamais,Au_moins_1x_sem,1.0,32.0,4.0,Superieur,Oui,Est,Urbain
1,1.0,1.0,39,Secondaire,Mariee,Non,Jamais,Jamais,Moins_1x_sem,0.3333333333333333,40.0,1.0,Superieur,Oui,Est,Urbain
0,0.0,0.0,26,Secondaire,Mariee,Non,Moins_1x_sem,Moins_1x_sem,Au_moins_1x_sem,1.3333333333333333,31.0,5.0,Superieur,Oui,Est,Urbain
0,0.0,0.0,33,Secondaire,Veuve,Non,Jamais,Jamais,Moins_1x_sem,0.3333333333333333,38.0,8.0,Superieur,Oui,Est,Urbain
0,0.0,0.0,33,Secondaire,Mariee,Non,Moins_1x_sem,Moins_1x_sem,Au_moins_1x_sem,1.3333333333333333,48.0,15.0,Superieur,Oui,Est,Urbain
0,0.0,0.0,37,Secondaire,Mariee,Non,Jamais,Moins_1x_sem,Au_moins_1x_sem,1.0,40.0,3.0,Superieur,Oui,Est,Urbain
0,0.0,0.0,34,Secondaire,Mariee,Non,Jamais,Moins_1x_sem,Au_moins_1x_sem,1.0,35.0,1.0,Superieur,Oui,Est,Urbain
0,0.0,0.0,35,Superieur,Mariee,Non,Jamais,Moins_1x_sem,Au_moins_1x_sem,1.0,42.0,7.0,Superieur,Non,Est,Urbain
0,0.0,0.0,30,Secondaire,Mariee,Non,Jamais,Moins_1x_sem,Au_moins_1x_sem,1.0,32.0,2.0,Superieur,Oui,Est,Urbain
0,0.0,0.0,35,Primaire,Mariee,Non,Jamais,Jamais,Jamais,0.0,55.0,20.0,Superieur,Oui,Est,Urbain
0,0.0,0.0,35,Secondaire,Mariee,Non,Moins_1x_sem,Au_moins_1x_sem,Au_moins_1x_sem,1.6666666666666667,45.0,10.0,Superieur,Oui,Est,Urbain
0,0.0,0.0,46,Secondaire,Mariee,Non,Jamais,Jamais,Moins_1x_sem,0.3333333333333333,51.0,5.0,Secondaire,Oui,Est,Urbain
0,0.0,0.0,31,Secondaire,Mariee,Non,Jamais,Jamais,Au_moins_1x_sem,0.6666666666666666,30.0,-1.0,Superieur,Oui,Littoral,Urbain
1,1.0,0.0,30,Secondaire,Mariee,Non,Moins_1x_sem,Jamais,Au_moins_1x_sem,1.0,39.0,9.0,Superieur,Oui,Littoral,Urbain
0,0.0,0.0,45,Primaire,Separee,Non,Jamais,Jamais,Au_moins_1x_sem,0.6666666666666666,38.0,8.0,Superieur,Non,Littoral,Urbain
0,0.0,0.0,25,Secondaire,Mariee,Non,Jamais,Au_moins_1x_sem,Au_moins_1x_sem,1.3333333333333333,30.0,5.0,Superieur,Oui,Littoral,Urbain
1,1.0,0.0,21,Secondaire,Union_libre,Non,Jamais,Jamais,Au_moins_1x_sem,0.6666666666666666,26.0,5.0,Superieur,Oui,Littoral,Urbain
1,1.0,1.0,47,Secondaire,Union_libre,Non,Jamais,Jamais,Au_moins_1x_sem,0.6666666666666666,43.0,-4.0,Superieur,Oui,Littoral,Urbain
1,1.0,1.0,47,Secondaire,Mariee,Non,Au_moins_1x_sem,Au_moins_1x_sem,Au_moins_1x_sem,2.0,52.0,5.0,Primaire,Non,Littoral,Urbain
0,0.0,0.0,33,Secondaire,Mariee,Non,Jamais,Jamais,Au_moins_1x_sem,0.6666666666666666,42.0,9.0,Superieur,Oui,Littoral,Urbain
0,0.0,0.0,36,Secondaire,Union_libre,Non,Jamais,Jamais,Au_moins_1x_sem,0.6666666666666666,31.0,-5.0,Superieur,Oui,Littoral,Urbain
0,0.0,0.0,20,Aucun,Mariee,Non,Jamais,Jamais,Au_moins_1x_sem,0.6666666666666666,25.0,5.0,Superieur,Oui,Littoral,Urbain
1,1.0,0.0,36,Secondaire,Mariee,Non,Jamais,Jamais,Moins_1x_sem,0.3333333333333333,48.0,12.0,Superieur,Oui,Littoral,Urbain
0,0.0,0.0,38,Secondaire,Union_libre,Non,Jamais,Jamais,Au_moins_1x_sem,0.6666666666666666,40.0,2.0,Superieur,Oui,Littoral,Urbain
0,0.0,0.0,24,Secondaire,Union_libre,Non,Moins_1x_sem,Moins_1x_sem,Au_moins_1x_sem,1.3333333333333333,35.0,11.0,Superieur,Oui,Littoral,Urbain
0,0.0,0.0,48,Superieur,Mariee,Non,Au_moins_1x_sem,Moins_1x_sem,Au_moins_1x_sem,1.6666666666666667,49.0,1.0,Superieur,Oui,Littoral,Urbain
0,0.0,0.0,49,Secondaire,Veuve,Non,Jamais,Au_moins_1x_sem,Au_moins_1x_sem,1.3333333333333333,38.0,8.0,Superieur,Non,Littoral,Urbain
0,0.0,0.0,37,Secondaire,Mariee,Non,Jamais,Au_moins_1x_sem,Au_moins_1x_sem,1.3333333333333333,44.0,7.0,Secondaire,Oui,Littoral,Urbain
1,1.0,0.0,30,Primaire,Mariee,Oui,Jamais,Jamais,Au_moins_1x_sem,0.6666666666666666,32.0,2.0,Superieur,Non,Littoral,Urbain
1,1.0,0.0,30,Superieur,Mariee,Non,Jamais,Au_moins_1x_sem,Au_moins_1x_sem,1.3333333333333333,38.0,8.0,Superieur,Oui,Littoral,Urbain
1,1.0,0.0,30,Primaire,Separee,Non,Jamais,Moins_1x_sem,Au_moins_1x_sem,1.0,38.0,8.0,Superieur,Oui,Centre,Urbain
0,0.0,0.0,23,Primaire,Separee,Non,Jamais,Jamais,Jamais,0.0,38.0,8.0,Superieur,Non,Centre,Urbain
1,1.0,1.0,48,Aucun,Separee,Non,Jamais,Moins_1x_sem,Moins_1x_sem,0.6666666666666666,38.0,8.0,Superieur,Non,Centre,Urbain
0,0.0,0.0,24,Primaire,Mariee,Non,Jamais,Jamais,Au_moins_1x_sem,0.6666666666666666,27.0,3.0,Superieur,Non,Centre,Urbain
1,1.0,0.0,32,Aucun,Union_libre,Oui,Jamais,Jamais,Au_moins_1x_sem,0.6666666666666666,45.0,13.0,Aucun,Oui,Centre,Urbain
0,0.0,0.0,21,Secondaire,Union_libre,Non,Jamais,Jamais,Jamais,0.0,25.0,4.0,Superieur,Non,Centre,Urbain
0,0.0,0.0,29,Secondaire,Union_libre,Non,Au_moins_1x_sem,Jamais,Jamais,0.6666666666666666,41.0,12.0,Secondaire,Non,Centre,Urbain
1,1.0,0.0,38,Primaire,Mariee,Non,Jamais,Moins_1x_sem,Au_moins_1x_sem,1.0,41.0,3.0,Primaire,Non,Centre,Urbain
0,0.0,0.0,19,Secondaire,Mariee,Oui,Jamais,Jamais,Jamais,0.0,24.0,5.0,Superieur,Non,Centre,Urbain
0,0.0,0.0,19,Aucun,Separee,Non,Jamais,Moins_1x_sem,Au_moins_1x_sem,1.0,38.0,8.0,Superieur,Non,Centre,Urbain
0,0.0,0.0,30,Primaire,Mariee,Non,Jamais,Jamais,Moins_1x_sem,0.3333333333333333,43.0,13.0,Superieur,Non,Centre,Urbain
0,0.0,0.0,39,Secondaire,Mariee,Non,Moins_1x_sem,Moins_1x_sem,Moins_1x_sem,1.0,58.0,19.0,Superieur,Non,Centre,Urbain
1,1.0,1.0,36,Secondaire,Mariee,Non,Jamais,Moins_1x_sem,Au_moins_1x_sem,1.0,42.0,6.0,Superieur,Oui,Ouest,Rural
0,0.0,0.0,24,Secondaire,Mariee,Non,Moins_1x_sem,Moins_1x_sem,Au_moins_1x_sem,1.3333333333333333,26.0,2.0,Secondaire,Oui,Ouest,Rural
1,1.0,0.0,37,Secondaire,Mariee,Non,Jamais,Jamais,Au_moins_1x_sem,0.6666666666666666,40.0,3.0,Superieur,Non,Ouest,Rural
1,1.0,0.0,28,Secondaire,Mariee,Non,Jamais,Au_moins_1x_sem,Au_moins_1x_sem,1.3333333333333333,35.0,7.0,Superieur,Oui,Ouest,Rural
0,0.0,0.0,28,Primaire,Mariee,Oui,Jamais,Au_moins_1x_sem,Au_moins_1x_sem,1.3333333333333333,35.0,7.0,Secondaire,Oui,Ouest,Rural
0,0.0,0.0,32,Secondaire,Mariee,Non,Jamais,Jamais,Au_moins_1x_sem,0.6666666666666666,42.0,10.0,Superieur,Non,Ouest,Rural
0,0.0,0.0,22,Superieur,Mariee,Oui,Jamais,Au_moins_1x_sem,Au_moins_1x_sem,1.3333333333333333,24.0,2.0,Superieur,Non,Ouest,Rural
1,1.0,0.0,34,Primaire,Separee,Non,Jamais,Moins_1x_sem,Moins_1x_sem,0.6666666666666666,38.0,8.0,Superieur,Oui,Ouest,Rural
1,1.0,1.0,42,Primaire,Mariee,Non,Jamais,Au_moins_1x_sem,Au_moins_1x_sem,1.3333333333333333,52.0,10.0,Secondaire,Oui,Ouest,Rural
1,1.0,0.0,26,Secondaire,Separee,Non,Jamais,Au_moins_1x_sem,Au_moins_1x_sem,1.3333333333333333,38.0,8.0,Superieur,Oui,Ouest,Rural
1,1.0,1.0,49,Primaire,Mariee,Non,Jamais,Jamais,Au_moins_1x_sem,0.6666666666666666,58.0,9.0,Superieur,Non,Ouest,Rural
0,0.0,0.0,20,Secondaire,Union_libre,Non,Moins_1x_sem,Moins_1x_sem,Moins_1x_sem,1.0,23.0,3.0,Superieur,Oui,Littoral,Urbain
0,0.0,0.0,20,Secondaire,Mariee,Non,Moins_1x_sem,Moins_1x_sem,Au_moins_1x_sem,1.3333333333333333,32.0,12.0,Superieur,Non,Littoral,Urbain
0,0.0,0.0,36,Primaire,Veuve,Non,Jamais,Moins_1x_sem,Au_moins_1x_sem,1.0,38.0,8.0,Superieur,Non,Littoral,Urbain
0,0.0,0.0,24,Secondaire,Mariee,Non,Jamais,Jamais,Au_moins_1x_sem,0.6666666666666666,39.0,15.0,Aucun,Non,Littoral,Urbain
1,1.0,0.0,36,Aucun,Divorcee,Non,Jamais,Jamais,Jamais,0.0,38.0,8.0,Superieur,Non,Littoral,Urbain
0,0.0,0.0,27,Secondaire,Mariee,Non,Jamais,Jamais,Moins_1x_sem,0.3333333333333333,36.0,9.0,Superieur,Non,Littoral,Urbain
0,0.0,0.0,30,Primaire,Mariee,Non,Jamais,Au_moins_1x_sem,Au_moins_1x_sem,1.3333333333333333,43.0,13.0,Superieur,Non,Littoral,Urbain
0,0.0,0.0,29,Superieur,Mariee,Oui,Au_moins_1x_sem,Au_moins_1x_sem,Au_moins_1x_sem,2.0,41.0,12.0,Superieur,Non,Littoral,Urbain
0,0.0,0.0,29,Secondaire,Mariee,Non,Moins_1x_sem,Moins_1x_sem,Au_moins_1x_sem,1.3333333333333333,49.0,20.0,Superieur,Non,Littoral,Urbain
0,0.0,0.0,25,Aucun,Mariee,Non,Jamais,Jamais,Jamais,0.0,30.0,5.0,Superieur,Oui,Littoral,Rural
0,0.0,0.0,30,Aucun,Mariee,Non,Jamais,Jamais,Jamais,0.0,36.0,6.0,Aucun,Non,Littoral,Rural
0,0.0,0.0,32,Aucun,Mariee,Non,Jamais,Jamais,Jamais,0.0,65.0,33.0,Aucun,Non,Littoral,Rural
0,0.0,0.0,17,Aucun,Mariee,Non,Jamais,Jamais,Jamais,0.0,25.0,8.0,Aucun,Non,Littoral,Rural
0,0.0,0.0,27,Aucun,Mariee,Non,Jamais,Jamais,Jamais,0.0,33.0,6.0,Superieur,Oui,Littoral,Rural
0,0.0,0.0,40,Aucun,Mariee,Non,Jamais,Jamais,Jamais,0.0,47.0,7.0,Aucun,Non,Littoral,Rural
0,0.0,0.0,44,Aucun,Mariee,Non,Jamais,Jamais,Jamais,0.0,60.0,16.0,Aucun,Non,Littoral,Rural
0,0.0,0.0,30,Aucun,Mariee,Non,Jamais,Jamais,Jamais,0.0,45.0,15.0,Secondaire,Non,Littoral,Rural
0,0.0,0.0,30,Aucun,Mariee,Non,Jamais,Jamais,Jamais,0.0,35.0,5.0,Aucun,Non,Littoral,Rural
1,1.0,0.0,30,Primaire,Mariee,Non,Jamais,Jamais,Jamais,0.0,37.0,7.0,Superieur,Oui,Littoral,Rural
0,0.0,0.0,30,Aucun,Mariee,Non,Jamais,Jamais,Jamais,0.0,45.0,15.0,Aucun,Non,Littoral,Rural
0,0.0,0.0,23,Aucun,Mariee,Non,Jamais,Jamais,Jamais,0.0,31.0,8.0,Aucun,Non,Littoral,Rural
0,0.0,0.0,28,Aucun,Mariee,Oui,Jamais,Jamais,Jamais,0.0,24.0,-4.0,Aucun,Non,Littoral,Rural
0,0.0,0.0,25,Secondaire,Mariee,Non,Jamais,Jamais,Jamais,0.0,28.0,3.0,Superieur,Non,Littoral,Rural
0,0.0,0.0,35,Aucun,Mariee,Non,Jamais,Jamais,Jamais,0.0,38.0,3.0,Secondaire,Non,Littoral,Rural
0,0.0,0.0,27,Aucun,Mariee,Non,Jamais,Jamais,Jamais,0.0,38.0,11.0,Primaire,Non,Littoral,Rural
0,0.0,0.0,19,Aucun,Mariee,Non,Jamais,Jamais,Jamais,0.0,35.0,16.0,Secondaire,Non,Littoral,Rural
0,0.0,0.0,26,Secondaire,Mariee,Oui,Jamais,Jamais,Jamais,0.0,30.0,4.0,Superieur,Non,Littoral,Rural
0,0.0,0.0,30,Primaire,Mariee,Non,Jamais,Jamais,Jamais,0.0,37.0,7.0,Secondaire,Non,Littoral,Rural
0,0.0,0.0,30,Aucun,Mariee,Non,Jamais,Jamais,Jamais,0.0,35.0,5.0,Aucun,Oui,Littoral,Rural
0,0.0,0.0,27,Primaire,Mariee,Oui,Jamais,Jamais,Jamais,0.0,35.0,8.0,Aucun,Non,Littoral,Rural
0,0.0,0.0,33,Aucun,Mariee,Oui,Jamais,Jamais,Jamais,0.0,45.0,12.0,Aucun,Oui,Littoral,Rural
0,0.0,0.0,20,Aucun,Mariee,Oui,Jamais,Jamais,Jamais,0.0,23.0,3.0,Aucun,Non,Littoral,Rural
0,0.0,0.0,20,Aucun,Mariee,Non,Jamais,Jamais,Jamais,0.0,27.0,7.0,Aucun,Non,Littoral,Rural
0,0.0,0.0,35,Aucun,Mariee,Oui,Jamais,Jamais,Jamais,0.0,50.0,15.0,Secondaire,Non,Littoral,Rural
0,0.0,0.0,20,Primaire,Mariee,Non,Jamais,Jamais,Jamais,0.0,42.0,22.0,Primaire,Non,Littoral,Rural
0,0.0,0.0,26,Aucun,Mariee,Non,Jamais,Jamais,Jamais,0.0,30.0,4.0,Primaire,Non,Littoral,Rural
0,0.0,0.0,35,Aucun,Mariee,Non,Jamais,Jamais,Jamais,0.0,47.0,12.0,Aucun,Non,Littoral,Rural
0,0.0,0.0,44,Primaire,Mariee,Non,Jamais,Moins_1x_sem,Au_moins_1x_sem,1.0,53.0,9.0,Primaire,Non,Nord,Urbain
1,1.0,0.0,26,Secondaire,Separee,Non,Moins_1x_sem,Moins_1x_sem,Au_moins_1x_sem,1.3333333333333333,38.0,8.0,Superieur,Oui,Nord,Urbain
0,0.0,0.0,21,Secondaire,Union_libre,Non,Jamais,Jamais,Au_moins_1x_sem,0.6666666666666666,27.0,6.0,Superieur,Non,Nord,Urbain
1,1.0,0.0,30,Primaire,Union_libre,Non,Jamais,Jamais,Au_moins_1x_sem,0.6666666666666666,40.0,10.0,Superieur,Non,Nord,Urbain
1,1.0,1.0,28,Secondaire,Union_libre,Non,Jamais,Au_moins_1x_sem,Au_moins_1x_sem,1.3333333333333333,31.0,3.0,Superieur,Oui,Nord,Urbain
0,0.0,0.0,21,Secondaire,Union_libre,Non,Moins_1x_sem,Jamais,Jamais,0.3333333333333333,28.0,7.0,Superieur,Oui,Nord,Urbain
0,0.0,0.0,47,Primaire,Veuve,Non,Jamais,Au_moins_1x_sem,Jamais,0.6666666666666666,38.0,8.0,Superieur,Oui,Nord,Urbain
1,1.0,0.0,49,Secondaire,Union_libre,Non,Jamais,Jamais,Au_moins_1x_sem,0.6666666666666666,62.0,13.0,Superieur,Oui,Nord,Urbain
1,1.0,0.0,27,Primaire,Separee,Oui,Jamais,Jamais,Jamais,0.0,38.0,8.0,Superieur,Oui,Nord,Urbain
0,0.0,0.0,28,Aucun,Mariee,Non,Jamais,Jamais,Jamais,0.0,36.0,8.0,Superieur,Non,Nord_Ouest,Urbain
0,0.0,0.0,45,Aucun,Mariee,Non,Jamais,Jamais,Jamais,0.0,65.0,20.0,Aucun,Non,Nord_Ouest,Urbain
0,0.0,0.0,33,Primaire,Mariee,Oui,Jamais,Jamais,Jamais,0.0,42.0,9.0,Primaire,Non,Nord_Ouest,Urbain
1,1.0,0.0,18,Secondaire,Union_libre,Non,Jamais,Jamais,Jamais,0.0,25.0,7.0,Superieur,Oui,Nord_Ouest,Urbain
0,0.0,0.0,36,Aucun,Union_libre,Non,Jamais,Jamais,Jamais,0.0,60.0,24.0,Aucun,Non,Nord_Ouest,Urbain
0,0.0,0.0,48,Aucun,Union_libre,Non,Jamais,Jamais,Jamais,0.0,55.0,7.0,Secondaire,Non,Nord_Ouest,Urbain
1,1.0,0.0,26,Primaire,Mariee,Non,Moins_1x_sem,Jamais,Moins_1x_sem,0.6666666666666666,35.0,9.0,Superieur,Non,Nord_Ouest,Urbain
0,0.0,0.0,30,Primaire,Mariee,Non,Jamais,Jamais,Au_moins_1x_sem,0.6666666666666666,37.0,7.0,Aucun,Non,Nord_Ouest,Urbain
0,0.0,0.0,37,Secondaire,Mariee,Oui,Jamais,Jamais,Au_moins_1x_sem,0.6666666666666666,40.0,3.0,Superieur,Non,Nord_Ouest,Urbain
1,1.0,0.0,28,Aucun,Mariee,Non,Jamais,Au_moins_1x_sem,Au_moins_1x_sem,1.3333333333333333,75.0,47.0,Aucun,Non,Nord_Ouest,Urbain
0,0.0,0.0,27,Aucun,Separee,Non,Jamais,Jamais,Jamais,0.0,38.0,8.0,Superieur,Non,Nord_Ouest,Urbain
0,0.0,0.0,28,Primaire,Mariee,Oui,Jamais,Jamais,Au_moins_1x_sem,0.6666666666666666,32.0,4.0,Superieur,Oui,Nord_Ouest,Urbain
1,1.0,0.0,31,Primaire,Mariee,Non,Jamais,Jamais,Jamais,0.0,33.0,2.0,Primaire,Non,Littoral,Rural
0,0.0,0.0,28,Primaire,Mariee,Non,Jamais,Au_moins_1x_sem,Au_moins_1x_sem,1.3333333333333333,46.0,18.0,Primaire,Non,Littoral,Rural
1,1.0,0.0,45,Primaire,Veuve,Non,Jamais,Jamais,Jamais,0.0,38.0,8.0,Superieur,Non,Littoral,Rural
0,0.0,0.0,42,Aucun,Mariee,Non,Jamais,Jamais,Jamais,0.0,61.0,19.0,Primaire,Oui,Littoral,Rural
0,0.0,0.0,30,Primaire,Mariee,Non,Jamais,Jamais,Jamais,0.0,40.0,10.0,Primaire,Oui,Littoral,Rural
1,1.0,0.0,25,Secondaire,Mariee,Oui,Jamais,Jamais,Au_moins_1x_sem,0.6666666666666666,37.0,12.0,Superieur,Non,Littoral,Rural
0,0.0,0.0,38,Primaire,Mariee,Non,Jamais,Jamais,Jamais,0.0,49.0,11.0,Primaire,Non,Littoral,Rural
1,1.0,0.0,20,Aucun,Mariee,Non,Jamais,Jamais,Jamais,0.0,28.0,8.0,Primaire,Oui,Littoral,Rural
0,0.0,0.0,22,Primaire,Mariee,Non,Jamais,Jamais,Jamais,0.0,42.0,20.0,Primaire,Non,Littoral,Rural
1,1.0,1.0,35,Aucun,Mariee,Oui,Jamais,Jamais,Jamais,0.0,45.0,10.0,Aucun,Oui,Littoral,Rural
0,0.0,0.0,30,Aucun,Mariee,Non,Jamais,Moins_1x_sem,Moins_1x_sem,0.6666666666666666,37.0,7.0,Primaire,Oui,Littoral,Rural
0,0.0,0.0,34,Aucun,Separee,Non,Jamais,Jamais,Jamais,0.0,38.0,8.0,Superieur,Non,Littoral,Rural
0,0.0,0.0,29,Aucun,Mariee,Non,Jamais,Au_moins_1x_sem,Au_moins_1x_sem,1.3333333333333333,35.0,6.0,Secondaire,Non,Littoral,Rural
0,0.0,0.0,46,Aucun,Veuve,Non,Jamais,Jamais,Jamais,0.0,38.0,8.0,Superieur,Oui,Littoral,Rural
1,1.0,1.0,30,Secondaire,Mariee,Non,Jamais,Moins_1x_sem,Au_moins_1x_sem,1.0,33.0,3.0,Superieur,Oui,Sud_Ouest,Urbain
0,0.0,0.0,35,Secondaire,Mariee,Non,Jamais,Moins_1x_sem,Au_moins_1x_sem,1.0,38.0,3.0,Superieur,Non,Sud_Ouest,Urbain
1,1.0,0.0,32,Secondaire,Mariee,Non,Jamais,Jamais,Au_moins_1x_sem,0.6666666666666666,33.0,1.0,Superieur,Oui,Sud_Ouest,Urbain
0,0.0,0.0,30,Secondaire,Union_libre,Non,Jamais,Jamais,Au_moins_1x_sem,0.6666666666666666,32.0,2.0,Superieur,Oui,Sud_Ouest,Urbain
0,0.0,0.0,42,Secondaire,Union_libre,Non,Jamais,Jamais,Au_moins_1x_sem,0.6666666666666666,65.0,23.0,Superieur,Non,Sud_Ouest,Urbain
1,1.0,1.0,42,Secondaire,Mariee,Non,Jamais,Moins_1x_sem,Au_moins_1x_sem,1.0,54.0,12.0,Superieur,Oui,Sud_Ouest,Urbain
1,1.0,0.0,23,Secondaire,Union_libre,Oui,Jamais,Jamais,Au_moins_1x_sem,0.6666666666666666,24.0,1.0,Superieur,Oui,Sud_Ouest,Urbain
1,1.0,0.0,21,Secondaire,Union_libre,Non,Jamais,Jamais,Au_moins_1x_sem,0.6666666666666666,30.0,9.0,Superieur,Non,Sud_Ouest,Urbain
0,0.0,0.0,33,Secondaire,Mariee,Non,Jamais,Moins_1x_sem,Au_moins_1x_sem,1.0,50.0,17.0,Superieur,Non,Sud_Ouest,Urbain
1,1.0,0.0,28,Secondaire,Mariee,Non,Jamais,Moins_1x_sem,Au_moins_1x_sem,1.0,38.0,10.0,Superieur,Non,Sud,Urbain
0,0.0,0.0,37,Primaire,Separee,Non,Jamais,Jamais,Jamais,0.0,38.0,8.0,Superieur,Non,Sud,Urbain
1,1.0,0.0,26,Primaire,Union_libre,Non,Jamais,Jamais,Au_moins_1x_sem,0.6666666666666666,32.0,6.0,Superieur,Oui,Sud,Urbain
0,0.0,0.0,28,Superieur,Mariee,Non,Jamais,Jamais,Au_moins_1x_sem,0.6666666666666666,33.0,5.0,Superieur,Oui,Sud,Urbain
0,0.0,0.0,26,Secondaire,Mariee,Non,Moins_1x_sem,Moins_1x_sem,Au_moins_1x_sem,1.3333333333333333,40.0,14.0,Superieur,Oui,Sud,Urbain
0,0.0,0.0,34,Aucun,Mariee,Non,Jamais,Jamais,Jamais,0.0,39.0,5.0,Aucun,Non,Sud,Urbain
0,0.0,0.0,24,Primaire,Mariee,Non,Jamais,Moins_1x_sem,Au_moins_1x_sem,1.0,35.0,11.0,Superieur,Non,Sud,Urbain
0,0.0,0.0,42,Primaire,Union_libre,Non,Jamais,Au_moins_1x_sem,Au_moins_1x_sem,1.3333333333333333,53.0,11.0,Secondaire,Non,Sud,Urbain
0,0.0,0.0,42,Primaire,Mariee,Non,Jamais,Moins_1x_sem,Au_moins_1x_sem,1.0,57.0,15.0,Secondaire,Oui,Est,Urbain
0,0.0,0.0,30,Secondaire,Mariee,Non,Moins_1x_sem,Moins_1x_sem,Au_moins_1x_sem,1.3333333333333333,42.0,12.0,Superieur,Oui,Est,Urbain
0,0.0,0.0,40,Primaire,Mariee,Non,Jamais,Jamais,Au_moins_1x_sem,0.6666666666666666,42.0,2.0,Superieur,Oui,Est,Urbain
1,1.0,0.0,40,Secondaire,Mariee,Non,Jamais,Moins_1x_sem,Au_moins_1x_sem,1.0,51.0,11.0,Superieur,Oui,Est,Urbain
0,0.0,0.0,37,Secondaire,Mariee,Non,Jamais,Jamais,Au_moins_1x_sem,0.6666666666666666,51.0,14.0,Superieur,Non,Est,Urbain
1,1.0,0.0,49,Primaire,Mariee,Non,Moins_1x_sem,Jamais,Jamais,0.3333333333333333,61.0,12.0,Secondaire,Oui,Est,Urbain
1,1.0,0.0,27,Secondaire,Separee,Non,Au_moins_1x_sem,Jamais,Au_moins_1x_sem,1.3333333333333333,38.0,8.0,Superieur,Oui,Est,Urbain
0,0.0,0.0,33,Secondaire,Mariee,Non,Moins_1x_sem,Au_moins_1x_sem,Au_moins_1x_sem,1.6666666666666667,34.0,1.0,Secondaire,Oui,Est,Urbain
1,1.0,1.0,40,Aucun,Mariee,Non,Jamais,Au_moins_1x_sem,Au_moins_1x_sem,1.3333333333333333,44.0,4.0,Superieur,Oui,Adamaoua,Urbain
0,0.0,0.0,28,Secondaire,Separee,Non,Jamais,Jamais,Jamais,0.0,38.0,8.0,Superieur,Non,Adamaoua,Urbain
0,0.0,0.0,44,Aucun,Union_libre,Non,Jamais,Jamais,Jamais,0.0,45.0,1.0,Aucun,Non,Adamaoua,Urbain
0,0.0,0.0,42,Secondaire,Mariee,Non,Au_moins_1x_sem,Au_moins_1x_sem,Au_moins_1x_sem,2.0,55.0,13.0,Superieur,Oui,Adamaoua,Urbain
0,0.0,0.0,47,Secondaire,Veuve,Non,Au_moins_1x_sem,Moins_1x_sem,Au_moins_1x_sem,1.6666666666666667,38.0,8.0,Superieur,Non,Adamaoua,Urbain
1,1.0,0.0,25,Secondaire,Mariee,Non,Jamais,Au_moins_1x_sem,Au_moins_1x_sem,1.3333333333333333,28.0,3.0,Superieur,Oui,Adamaoua,Urbain
0,0.0,0.0,34,Primaire,Mariee,Non,Jamais,Jamais,Au_moins_1x_sem,0.6666666666666666,45.0,11.0,Primaire,Non,Adamaoua,Urbain
1,1.0,0.0,38,Secondaire,Mariee,Non,Moins_1x_sem,Au_moins_1x_sem,Au_moins_1x_sem,1.6666666666666667,42.0,4.0,Superieur,Oui,Adamaoua,Urbain
0,0.0,0.0,26,Secondaire,Mariee,Non,Jamais,Jamais,Au_moins_1x_sem,0.6666666666666666,37.0,11.0,Superieur,Oui,Est,Urbain
0,0.0,0.0,47,Secondaire,Union_libre,Non,Jamais,Jamais,Au_moins_1x_sem,0.6666666666666666,48.0,1.0,Superieur,Oui,Est,Urbain
1,1.0,0.0,30,Secondaire,Mariee,Oui,Jamais,Moins_1x_sem,Au_moins_1x_sem,1.0,34.0,4.0,Superieur,Oui,Est,Urbain
0,0.0,0.0,31,Secondaire,Mariee,Non,Jamais,Jamais,Au_moins_1x_sem,0.6666666666666666,34.0,3.0,Superieur,Non,Est,Urbain
0,0.0,0.0,40,Superieur,Mariee,Non,Moins_1x_sem,Au_moins_1x_sem,Au_moins_1x_sem,1.6666666666666667,53.0,13.0,Superieur,Oui,Est,Urbain
1,1.0,0.0,39,Secondaire,Mariee,Non,Au_moins_1x_sem,Moins_1x_sem,Au_moins_1x_sem,1.6666666666666667,46.0,7.0,Superieur,Oui,Est,Urbain
0,0.0,0.0,19,Secondaire,Mariee,Non,Jamais,Moins_1x_sem,Au_moins_1x_sem,1.0,21.0,2.0,Superieur,Non,Sud_Ouest,Urbain
1,1.0,0.0,34,Secondaire,Separee,Non,Jamais,Moins_1x_sem,Au_moins_1x_sem,1.0,38.0,8.0,Superieur,Oui,Sud_Ouest,Urbain
0,0.0,0.0,19,Secondaire,Union_libre,Non,Jamais,Jamais,Au_moins_1x_sem,0.6666666666666666,29.0,10.0,Superieur,Non,Sud_Ouest,Urbain
0,0.0,0.0,48,Secondaire,Mariee,Non,Au_moins_1x_sem,Au_moins_1x_sem,Au_moins_1x_sem,2.0,58.0,10.0,Superieur,Non,Sud_Ouest,Urbain
0,0.0,0.0,23,Aucun,Mariee,Non,Jamais,Jamais,Au_moins_1x_sem,0.6666666666666666,31.0,8.0,Aucun,Non,Sud_Ouest,Urbain
1,1.0,1.0,20,Primaire,Mariee,Non,Jamais,Au_moins_1x_sem,Au_moins_1x_sem,1.3333333333333333,25.0,5.0,Superieur,Oui,Sud_Ouest,Urbain
0,0.0,0.0,31,Superieur,Union_libre,Non,Au_moins_1x_sem,Au_moins_1x_sem,Au_moins_1x_sem,2.0,38.0,7.0,Superieur,Non,Sud_Ouest,Urbain
0,0.0,0.0,34,Secondaire,Separee,Non,Jamais,Jamais,Jamais,0.0,38.0,8.0,Superieur,Oui,Sud_Ouest,Urbain
1,1.0,0.0,37,Superieur,Mariee,Non,Jamais,Moins_1x_sem,Au_moins_1x_sem,1.0,42.0,5.0,Superieur,Oui,Sud_Ouest,Urbain
0,0.0,0.0,33,Secondaire,Union_libre,Non,Jamais,Moins_1x_sem,Au_moins_1x_sem,1.0,42.0,9.0,Superieur,Non,Sud_Ouest,Urbain
0,0.0,0.0,32,Aucun,Mariee,Non,Jamais,Jamais,Jamais,0.0,40.0,8.0,Aucun,Oui,Nord,Rural
0,0.0,0.0,42,Primaire,Union_libre,Non,Jamais,Jamais,Jamais,0.0,62.0,20.0,Primaire,Oui,Nord,Rural
0,0.0,0.0,38,Primaire,Mariee,Non,Jamais,Moins_1x_sem,Jamais,0.3333333333333333,40.0,2.0,Superieur,Non,Nord,Rural
0,0.0,0.0,35,Aucun,Mariee,Non,Jamais,Jamais,Jamais,0.0,47.0,12.0,Aucun,Oui,Nord,Rural
0,0.0,0.0,29,Primaire,Mariee,Non,Jamais,Jamais,Jamais,0.0,40.0,11.0,Superieur,Oui,Nord,Rural
1,1.0,1.0,39,Primaire,Union_libre,Non,Jamais,Jamais,Jamais,0.0,40.0,1.0,Aucun,Oui,Nord,Rural
0,0.0,0.0,31,Secondaire,Mariee,Oui,Jamais,Jamais,Au_moins_1x_sem,0.6666666666666666,42.0,11.0,Secondaire,Non,Nord,Rural
0,0.0,0.0,36,Primaire,Mariee,Non,Jamais,Jamais,Jamais,0.0,38.0,2.0,Aucun,Non,Nord,Rural
1,1.0,0.0,29,Secondaire,Union_libre,Oui,Jamais,Jamais,Au_moins_1x_sem,0.6666666666666666,31.0,2.0,Superieur,Oui,Est,Urbain
0,0.0,0.0,26,Secondaire,Union_libre,Oui,Jamais,Au_moins_1x_sem,Au_moins_1x_sem,1.3333333333333333,35.0,9.0,Superieur,Oui,Est,Urbain
0,0.0,0.0,24,Secondaire,Mariee,Non,Jamais,Moins_1x_sem,Au_moins_1x_sem,1.0,32.0,8.0,Primaire,Non,Est,Urbain
0,0.0,0.0,37,Secondaire,Mariee,Non,Moins_1x_sem,Jamais,Au_moins_1x_sem,1.0,41.0,4.0,Superieur,Non,Est,Urbain
0,0.0,0.0,22,Secondaire,Union_libre,Non,Jamais,Jamais,Au_moins_1x_sem,0.6666666666666666,32.0,10.0,Superieur,Non,Est,Urbain
0,0.0,0.0,35,Aucun,Mariee,Non,Jamais,Jamais,Jamais,0.0,68.0,33.0,Aucun,Non,Littoral,Rural
0,0.0,0.0,25,Aucun,Mariee,Non,Jamais,Jamais,Jamais,0.0,26.0,1.0,Primaire,Non,Littoral,Rural
0,0.0,0.0,35,Primaire,Mariee,Non,Jamais,Jamais,Jamais,0.0,58.0,23.0,Secondaire,Non,Littoral,Rural
0,0.0,0.0,40,Aucun,Mariee,Non,Jamais,Jamais,Jamais,0.0,52.0,12.0,Aucun,Non,Littoral,Rural
0,0.0,0.0,23,Primaire,Mariee,Oui,Jamais,Jamais,Jamais,0.0,30.0,7.0,Primaire,Oui,Littoral,Rural
0,0.0,0.0,27,Primaire,Mariee,Non,Jamais,Jamais,Jamais,0.0,34.0,7.0,Superieur,Oui,Littoral,Rural
0,0.0,0.0,45,Aucun,Mariee,Non,Jamais,Jamais,Jamais,0.0,55.0,10.0,Aucun,Non,Littoral,Rural
0,0.0,0.0,25,Primaire,Mariee,Oui,Jamais,Jamais,Jamais,0.0,37.0,12.0,Aucun,Non,Littoral,Rural
0,0.0,0.0,15,Aucun,Mariee,Non,Jamais,Au_moins_1x_sem,Jamais,0.6666666666666666,22.0,7.0,Aucun,Non,Littoral,Rural
0,0.0,0.0,33,Aucun,Veuve,Non,Jamais,Jamais,Jamais,0.0,38.0,8.0,Superieur,Non,Littoral,Rural
0,0.0,0.0,19,Aucun,Mariee,Non,Jamais,Jamais,Jamais,0.0,25.0,6.0,Aucun,Non,Littoral,Rural
0,0.0,0.0,47,Secondaire,Mariee,Non,Jamais,Au_moins_1x_sem,Au_moins_1x_sem,1.3333333333333333,60.0,13.0,Secondaire,Oui,Nord,Urbain
0,0.0,0.0,43,Secondaire,Union_libre,Non,Moins_1x_sem,Moins_1x_sem,Au_moins_1x_sem,1.3333333333333333,63.0,20.0,Superieur,Oui,Nord,Urbain
0,0.0,0.0,33,Secondaire,Mariee,Non,Jamais,Moins_1x_sem,Moins_1x_sem,0.6666666666666666,42.0,9.0,Secondaire,Oui,Nord,Urbain
0,0.0,0.0,26,Secondaire,Mariee,Oui,Jamais,Moins_1x_sem,Au_moins_1x_sem,1.0,30.0,4.0,Superieur,Oui,Nord,Urbain
1,1.0,0.0,23,Secondaire,Union_libre,Non,Jamais,Au_moins_1x_sem,Au_moins_1x_sem,1.3333333333333333,30.0,7.0,Superieur,Oui,Nord,Urbain
0,0.0,0.0,37,Primaire,Veuve,Non,Jamais,Jamais,Jamais,0.0,38.0,8.0,Superieur,Oui,Nord,Urbain
0,0.0,0.0,26,Primaire,Mariee,Non,Jamais,Moins_1x_sem,Au_moins_1x_sem,1.0,34.0,8.0,Secondaire,Oui,Nord,Urbain
0,0.0,0.0,43,Secondaire,Mariee,Non,Jamais,Au_moins_1x_sem,Au_moins_1x_sem,1.3333333333333333,49.0,6.0,Superieur,Oui,Nord,Urbain
0,0.0,0.0,30,Secondaire,Mariee,Non,Jamais,Au_moins_1x_sem,Au_moins_1x_sem,1.3333333333333333,35.0,5.0,Secondaire,Oui,Nord,Urbain
1,1.0,0.0,28,Secondaire,Mariee,Non,Jamais,Au_moins_1x_sem,Au_moins_1x_sem,1.3333333333333333,33.0,5.0,Secondaire,Non,Nord,Urbain
0,0.0,0.0,27,Superieur,Mariee,Non,Jamais,Moins_1x_sem,Moins_1x_sem,0.6666666666666666,35.0,8.0,Superieur,Oui,Nord,Urbain
0,0.0,0.0,23,Aucun,Mariee,Non,Jamais,Jamais,Jamais,0.0,22.0,-1.0,Primaire,Non,Nord_Ouest,Rural
0,0.0,0.0,45,Aucun,Mariee,Non,Jamais,Jamais,Au_moins_1x_sem,0.6666666666666666,67.0,22.0,Aucun,Non,Nord_Ouest,Rural
1,1.0,1.0,49,Aucun,Mariee,Non,Jamais,Jamais,Jamais,0.0,68.0,19.0,Aucun,Oui,Nord_Ouest,Rural
1,1.0,0.0,17,Aucun,Mariee,Oui,Jamais,Jamais,Jamais,0.0,24.0,7.0,Primaire,Non,Nord_Ouest,Rural
1,1.0,0.0,35,Primaire,Mariee,Non,Jamais,Jamais,Jamais,0.0,42.0,7.0,Primaire,Oui,Nord_Ouest,Rural
0,0.0,0.0,31,Aucun,Mariee,Oui,Jamais,Jamais,Au_moins_1x_sem,0.6666666666666666,60.0,29.0,Primaire,Non,Nord_Ouest,Rural
0,0.0,0.0,28,Aucun,Mariee,Oui,Jamais,Au_moins_1x_sem,Jamais,0.6666666666666666,40.0,12.0,Aucun,Non,Nord_Ouest,Rural
0,0.0,0.0,17,Aucun,Mariee,Non,Jamais,Moins_1x_sem,Moins_1x_sem,0.6666666666666666,29.0,12.0,Secondaire,Non,Nord_Ouest,Rural
0,0.0,0.0,19,Aucun,Mariee,Non,Jamais,Jamais,Jamais,0.0,25.0,6.0,Aucun,Non,Nord_Ouest,Rural
1,1.0,0.0,21,Aucun,Mariee,Non,Jamais,Jamais,Jamais,0.0,32.0,11.0,Superieur,Oui,Nord_Ouest,Rural
1,1.0,1.0,25,Primaire,Separee,Non,Jamais,Jamais,Au_moins_1x_sem,0.6666666666666666,38.0,8.0,Superieur,Non,Nord_Ouest,Rural
0,0.0,0.0,25,Primaire,Mariee,Non,Jamais,Jamais,Jamais,0.0,34.0,9.0,Primaire,Non,Nord_Ouest,Rural
0,0.0,0.0,31,Aucun,Mariee,Non,Jamais,Jamais,Jamais,0.0,30.0,-1.0,Primaire,Non,Nord_Ouest,Rural
0,0.0,0.0,20,Primaire,Mariee,Non,Jamais,Jamais,Au_moins_1x_sem,0.6666666666666666,34.0,14.0,Superieur,Non,Nord_Ouest,Rural
1,1.0,0.0,37,Aucun,Mariee,Non,Jamais,Jamais,Jamais,0.0,65.0,28.0,Superieur,Oui,Nord_Ouest,Rural
0,0.0,0.0,25,Primaire,Mariee,Non,Jamais,Jamais,Jamais,0.0,35.0,10.0,Secondaire,Non,Nord_Ouest,Rural
0,0.0,0.0,18,Aucun,Mariee,Non,Jamais,Jamais,Jamais,0.0,24.0,6.0,Secondaire,Oui,Nord_Ouest,Rural
0,0.0,0.0,45,Aucun,Veuve,Non,Jamais,Jamais,Jamais,0.0,38.0,8.0,Superieur,Non,Nord_Ouest,Rural
1,1.0,0.0,23,Aucun,Mariee,Non,Jamais,Jamais,Jamais,0.0,35.0,12.0,Aucun,Non,Nord_Ouest,Rural
1,1.0,0.0,22,Secondaire,Separee,Non,Jamais,Jamais,Jamais,0.0,38.0,8.0,Superieur,Non,Nord_Ouest,Rural
0,0.0,0.0,22,Aucun,Mariee,Non,Jamais,Jamais,Jamais,0.0,35.0,13.0,Secondaire,Non,Nord_Ouest,Rural
0,0.0,0.0,28,Primaire,Mariee,Non,Jamais,Jamais,Jamais,0.0,41.0,13.0,Aucun,Non,Nord_Ouest,Rural
0,0.0,0.0,23,Aucun,Mariee,Non,Jamais,Jamais,Jamais,0.0,37.0,14.0,Aucun,Non,Nord_Ouest,Rural
0,0.0,0.0,26,Aucun,Mariee,Non,Jamais,Jamais,Jamais,0.0,36.0,10.0,Primaire,Non,Nord_Ouest,Rural
0,0.0,0.0,27,Aucun,Mariee,Non,Jamais,Jamais,Jamais,0.0,40.0,13.0,Superieur,Non,Nord_Ouest,Rural
0,0.0,0.0,17,Aucun,Mariee,Non,Jamais,Jamais,Jamais,0.0,45.0,28.0,Aucun,Non,Nord_Ouest,Rural
0,0.0,0.0,34,Aucun,Mariee,Non,Jamais,Jamais,Jamais,0.0,47.0,13.0,Aucun,Non,Nord_Ouest,Rural
0,0.0,0.0,28,Aucun,Mariee,Non,Jamais,Jamais,Jamais,0.0,50.0,22.0,Aucun,Non,Nord_Ouest,Rural
0,0.0,0.0,29,Aucun,Mariee,Non,Jamais,Jamais,Jamais,0.0,70.0,41.0,Aucun,Non,Nord_Ouest,Rural
0,0.0,0.0,20,Aucun,Union_libre,Non,Jamais,Jamais,Jamais,0.0,30.0,10.0,Aucun,Non,Nord_Ouest,Rural
0,0.0,0.0,19,Aucun,Mariee,Non,Jamais,Jamais,Jamais,0.0,26.0,7.0,Aucun,Non,Nord_Ouest,Rural
0,0.0,0.0,40,Aucun,Mariee,Non,Jamais,Jamais,Jamais,0.0,65.0,25.0,Aucun,Non,Nord_Ouest,Rural
0,0.0,0.0,25,Aucun,Mariee,Non,Jamais,Jamais,Jamais,0.0,36.0,11.0,Primaire,Non,Nord_Ouest,Rural
